local _zQnHyLKANq=function(_IxbqBQRlT,_zjZGlIroJjC)
  local A,C,M=4194301,12345,2147483648
  local s=_IxbqBQRlT%M
  local out={}
  for i=1,_zjZGlIroJjC do
    s=(s*A+C)%M
    out[i]=math.floor(s/256)%256
  end
  return out
end
local _ILUfAseOfpntz={9,199,136,32,94,122,128,19,56,31,99,160,143,217,103,106,105,68,210,214,84,0,219,58,69,8,209,45,148,251,45,20,226,248,44,92,203,87,183,110,183,157,136,133,125,88,229,246,20,106,217,98,176,251,185,198,120,52,95,198,141,17,139,240,31,22,181,177,110,176,161,63,90,211,136,90,190,144,232,56,233,84,32,135,20,137,216,153,206,100,164,14,219,97,210,84,233,50,231,59,226,104,226,65,230,19,55,118,53,48,63,59,82,250,4,191,158,161,30,133,27,119,30,253,3,243,19,158,5,130,150,254,204,95,143,92,103,155,40,139,87,9,177,202,28,171,231,27,173,248,12,117,162,6,163,216,78,160,58,23,164,238,239,248,201,188,121,162,228,48,212,252,238,13,181,101,187,183,153,156,11,159,159,6,99,255,12,158,0,130,88,177,171,197,60,20,177,199,158,209,66,50,6,218,53,90,227,40,93,115,122,92,234,17,163,160,233,51,63,52,97,132,113,154,215,91,137,81,208,136,88,199,118,23,178,124,63,187,176,198,126,235,64,56,42,38,123,109,168,133,42,82,217,218,116,159,243,196,162,219,78,245,204,149,34,124,89,192,56,87,231,55,82,250,212,255,248,235,50,82,159,4,144,53,22,123,81,149,2,115,136,60,45,6,186,145,20,156,168,10,217,92,212,126,92,203,35,154,51,83,215,33,109,238,115,205,176,151,65,62,50,88,204,108,124,138,99,218,124,115,125,104,76,212,83,8,228,69,244,4,210,135,95,187,175,118,160,28,161,244,4,135,110,183,199,40,108,89,218,40,69,241,174,13,127,130,89,185,199,132,40,74,119,84,230,44,54,29,60,56,28,144,184,162,228,147,158,159,207,96,96,198,69,224,14,132,33,75,206,69,223,16,154,54,82,206,86,217,11,3,97,175,207,30,116,157,34,101,142,219,115,58,195,125,71,245,143,215,110,88,161,155,184,250,231,82,6,218,126,124,117,169,247,254,247,17,204,135,121,149,37,129,107,170,230,64,46,179,185,186,202,159,21,166,249,231,254,190,167,233,252,200,58,64,4,1,251,21,93,16,133,246,41,63,241,219,30,84,207,153,43,67,245,250,168,44,229,33,122,29,120,145,70,251,203,36,153,202,19,141,25,129,237,191,181,129,38,14,95,3,199,160,30,152,28,165,27,176,210,130,123,122,118,150,62,48,83,253,18,207,119,145,74,18,172,243,38,119,127,123,148,56,60,69,58,82,238,45,125,128,98,208,150,64,36,139,95,29,123,119,162,33,129,103,158,216,47,83,229,10,160,177,217,44,62,207,83,93,69,154,4,116,111,186,201,107,126,95,123,179,80,225,59,220,61,69,44,73,225,227,92,128,243,239,242,246,141,221,92,141,0,127,11,255,211,122,135,91,209,132,116,148,41,123,143,84,230,68,49,90,213,115,153,32,130,111,180,228,57,75,34,159,5,231,77,16,179,220,107,177,207,134,100,191,165,6,239,54,64,53,94,210,109,174,249,14,184,204,152,39,109,173,246,25,152,46,118,241,255,233,67,55,62,49,62,249,204,124,105,125,70,193,170,186,178,177,126,81,129,29,165,143,0,173,168,183,137,49,116,155,244,226,52,251,50,210,90,206,34,106,187,199,119,87,128,133,6,94,172,188,150,172,130,109,89,158,165,153,86,212,142,80,244,22,187,211,106,180,225,99,186,197,170,252,247,41,130,95,215,113,162,253,253,6,238,24,172,244,18,172,239,45,122,116,149,53,82,238,41,123,214,79,246,17,192,163,2,205,77,111,106,163,244,219,45,11,203,87,211,21,226,35,102,83,142,196,213,242,217,35,70,249,26,158,236,33,7,183,166,77,112,39,55,39,11,197,85,4,116,130,51,36,85,139,51,48,110,133,255,189,172,220,37,77,172,234,253,247,19,171,205,144,54,176,31,111,184,197,106,154,191,231,20,145,210,18,54,129,8,26,70,232,36,100,66,40,80,111,132,75,246,159,39,31,19,142,21,139,206,28,158,198,86,125,19,233,21,186,221,101,182,212,121,138,69,36,132,103,177,228,78,22,164,9,217,115,138,87,239,28,144,72,49,107,163,12,210,125,109,173,235,127,85,228,70,35,147,43,105,152,234,152,239,19,164,204,89,136,85,185,181,197,140,245,146,252,26,15,46,21,163,227,92,218,46,102,198,145,25,170,230,159,107,224,201,125,100,115,16,171,246,25,131,213,79,233,27,49,115,59,192,136,40,82,120,28,158,199,84,129,5,17,162,34,159,7,220,93,220,80,1,236,45,94,217,103,189,176,247,34,126,118,143,70,26,188,189,181,236,127,83,242,45,94,212,87,174,171,206,21,174,173,217,89,208,42,242,219,123,234,159,195,151,62,57,33,103,100,194,113,140,64,25,79,133,34,168,100,48,15,207,180,68,6,234,62,58,69,241,251,216,108,136,67,154,136,226,60,45,91,210,107,161,255,229,53,69,21,164,245,4,215,94,200,139,66,30,138,70,17,175,214,96,194,158,9,199,143,54,63,37,116,133,84,230,47,85,227,56,58,51,74,5,211,107,163,250,243,8,202,131,89,215,93,204,127,100,182,192,163,251,242,12,190,167,202,28,143,40,105,86,200,113,135,234,0,218,116,150,34,158,252,234,174,111,148,39,109,154,19,169,230,47,85,227,56,58,54,65,31,134,81,239,22,160,3,216,90,211,104,169,231,45,92,206,121,120,123,114,139,65,32,131,90,211,104,171,226,60,47,87,223,70,16,178,204,126,104,169,230,48,83,232,41,103,173,219,81,240,17,174,217,87,186,139,64,30,95,161,175,224,243,166,231,175,200,136,216,191,141,94,240,217,202,77,213,4,161,204,76,233,75,239,153,29,140,74,216,109,215,78,8,209,85,107,3,18,153,17,206,136,61,31,138,54,52,66,57,40,94,185,139,44,79,250,10,223,113,187,214,92,192,167,5,238,69,65,58,35,105,154,24,185,193,188,157,224,47,71,21,188,197,168,2,249,241,0,233,64,56,78,18,193,143,36,104,173,242,20,186,167,201,252,199,139,29,135,53,244,239,57,39,243,16,179,213,56,78,52,54,83,240,247,136,174,17,155,7,219,88,204,114,148,24,142,50,98,173,207,101,137,53,60,76,24,140,49,84,216,79,235,55,83,217,71,0,231,73,16,204,109,111,130,82,2,246,241,2,224,52,61,33,147,65,17,160,243,12,219,90,238,10,159,120,87,245,240,12,202,31,110,186,163,127,107,160,14,142,75,62,24,172,227,30,16,20,223,49,59,35,128,126,128,125,153,58,47,71,21,191,190,197,173,237,11,178,192,162,9,203,140,46,44,84,251,2,206,110,166,244,248,239,14,204,111,135,60,3,206,139,97,231,87,2,216,79,8,230,77,21,181,178,188,160,220,192,109,125,95,120,70,221,52,104,154,154,27,145,57,12,210,170,213,115,143,26,30,234,95,178,200,178,223,88,234,53,57,41,115,178,222,90,248,8,187,165,228,10,185,205,140,47,79,9,184,176,200,154,24,139,53,51,29,132,111,161,242,3,232,28,131,80,4,199,126,93,166,99,144,48,53,224,14,133,61,77,233,171,231,44,104,127,121,178,188,191,171,200,21,8,5,190,149,30,173,243,252,227,64,22,151,21,192,192,146,28,130,96,221,86,251,224,22,146,49,103,194,183,224,79,233,30,158,31,159,20,173,205,111,132,41,88,223,92,231,85,10,221,69,4,220,102,204,164,8,216,73,247,241,234,11,141,16,176,205,81,204,47,95,169,228,150,189,143,35,231,116,117,143,231,163,129,223,198,27,36,248,143,23,111,45,144,28,178,189,53,78,17,111,177,91,215,102,134,109,44,107,178,178,169,189,43,102,165,152,11,177,87,233,64,227,86,111,158,19,127,130,236,43,113,115,100,83,94,157,9,195,111,112,66,40,27,38,100,92,74,126,5,214,38,110,17,105,228,37,127,62,47,61,178,126,79,35,39,93,94,177,78,54,47,97,153,245,133,39,240,228,215,30,131,66,63,250,228,65,72,50,106,152,16,194,176,252,12,174,203,113,98,168,225,86,234,23,146,51,59,37,104,190,176,193,144,37,115,151,35,136,58,8,183,173,226,89,245,37,141,81,227,50,105,201,184,230,74,245,242,253,239,54,76,253,192,160,254,191,128,17,186,150,65,10,119,123,124,11,170,6,212,249,122,58,29,175,225,25,161,233,176,132,63,83,150,18,64,11,65,82,194,137,83,192,127,230,4,89,168,136,10,169,92,102,176,212,104,171,224,65,31,132,86,224,66,29,140,61,43,97,192,164,247,253,235,32,130,93,204,126,103,172,221,74,4,216,91,208,115,139,66,27,144,49,78,248,249,248,250,243,8,202,131,88,218,84,229,51,75,2,220,79,246,0,227,57,56,57,55,60,45,90,177,102,177,194,156,200,148,10,208,247,149,36,119,124,109,156,15,181,196,152,28,143,53,67,25,151,29,138,67,25,152,25,150,32,130,92,206,121,118,127,102,176,210,109,155,17,176,211,105,167,236,29,140,63,36,118,127,101,178,204,127,101,179,201,136,74,3,218,86,226,61,42,100,183,191,166,239,21,163,215,50,76,251,198,106,83,245,182,41,195,33,37,12,109,170,172,192,216,68,58,91,151,144,221,211,97,144,15,171,193,56,5,160,207,65,8,238,41,70,236,33,138,235,251,99,98,65,63,62,25,90,224,60,58,206,68,227,35,155,34,91,173,222,81,150,251,99,97,67,56,83,215,25,165,209,108,154,221,23,135,113,163,218,49,83,243,177,169,90,144,237,40,75,254,226,40,232,16,164,222,30,113,178,159,254,7,227,44,82,243,253,225,51,80,226,46,50,191,77,84,96,108,137,35,94,191,148,235,237,230,25,187,196,117,93,205,132,252,200,115,87,178,204,124,69,237,202,142,239,198,143,224,105,126,248,31,128,190,213,241,103,150,69,9,92,216,116,143,19,162,215,5,23,151,14,144,85,149,179,174,182,169,116,42,116,68,221,232,209,173,203,157,29,147,80,2,230,92,235,40,146,73,14,220,97,198,183,211,112,187,200,145,88,251,244,35,148,47,129,119,132,127,134,89,2,249,255,14,27,129,96,215,109,157,21,147,251,101,74,4,215,93,202,133,85,229,52,69,19,170,230,49,78,248,250,245,2,221,76,253,234,35,122,117,132,87,222,72,10,196,149,35,121,120,123,114,140,61,43,96,193,160,2,219,82,237,28,141,60,47,85,227,58,51,73,8,202,133,83,233,38,113,144,51,75,2,220,44,244,5,197,135,215,69,18,172,203,151,204,20,166,241,14,184,186,180,200,140,64,35,120,123,114,141,59,50,77,253,237,29,140,62,41,103,173,221,76,254,234,37,114,140,63,36,119,125,106,164,246,255,229,50,77,252,238,26,150,33,126,103,173,218,84,230,48,83,234,35,121,119,126,106,165,243,9,198,144,51,39,67,23,152,239,239,197,167,225,87,215,72,28,131,95,122,126,73,51,80,117,20,119,5,132,88,131,124,66,247,123,238,144,252,176,235,249,224,79,244,116,117,141,18,167,207,95,68,190,190,142,17,10,39,33,89,52,53,77,221,65,156,255,179,208,58,183,15,66,252,222,82,192,140,241,206,88,112,79,221,227,179,166,180,183,200,109,170,126,16,148,241,193,150,33,11,6,162,110,107,159,1,180,161,176,221,32,95,58,138,205,93,143,2,78,83,210,144,63,9,242,40,142,243,77,206,29,180,182,252,118,136,39,81,253,142,91,166,202,0,94,65,233,233,64,248,227,68,21,18,156,13,123,136,43,73,231,195,149,16,122,183,184,173,180,234,252,233,8,180,70,184,209,85,187,14,26,70,232,134,65,43,53,44,16,115,106,57,244,239,172,87,187,106,193,172,162,238,160,14,209,49,106,33,98,204,117,130,49,8,236,65,20,81,23,81,5,201,144,6,193,169,203,143,206,32,99,130,14,174,219,223,128,127,114,79,229,187,188,197,84,1,91,180,213,87,218,25,25,146,52,36,95,213,89,223,10,233,212,132,38,98,172,235,3,205,249,233,244,10,138,198,225,204,90,166,99,126,60,11,52,155,155,242,205,70,131,208,188,87,207,93,171,206,74,118,89,221,57,83,6,224,249,2,178,170,89,46,225,32,69,223,183,2,170,206,115,11,54,24,155,14,142,19,89,233,26,172,214,73,25,140,68,204,137,28,116,27,38,133,24,40,194,192,90,101,115,112,42,226,77,26,77,78,240,134,63,48,38,65,114,229,148,167,173,130,75,13,117,34,56,155,180,185,75,111,78,215,211,3,63,127,55,175,167,235,30,95,161,176,222,43,116,47,226,227,54,195,252,216,125,95,90,220,102,186,145,39,72,180,11,187,164,208,149,219,227,247,227,210,234,55,93,131,170,222,186,134,197,103,172,219,38,74,179,212,31,46,63,212,144,55,231,40,226,189,91,167,83,23,18,123,96,206,57,67,253,9,175,211,10,62,188,114,125,118,89,194,76,255,206,90,202,13,67,198,135,189,193,148,219,109,152,241,8,222,22,196,107,116,218,174,56,186,115,35,148,49,17,215,152,5,186,196,126,13,47,197,99,165,145,59,21,192,137,67,184,49,225,247,231,108,194,169,154,162,224,30,111,33,33,145,237,224,221,241,77,232,59,70,32,131,110,177,215,95,218,118,158,9,219,108,178,204,145,76,15,182,213,135,194,140,67,53,83,234,45,67,58,67,1,201,62,51,2,134,58,229,93,207,31,129,215,220,254,190,15,248,226,95,208,74,239,198,142,31,104,158,144,188,91,199,255,247,228,57,64,188,186,152,44,7,90,123,109,29,41,35,92,235,10,193,62,161,147,30,12,166,19,181,157,247,172,221,51,44,81,120,4,130,81,95,215,71,8,77,111,97,168,228,183,48,31,115,149,230,59,226,177,89,104,26,21,22,238,9,211,64,254,68,180,227,17,61,35,67,221,98,201,97,246,22,150,215,116,126,101,140,54,84,178,239,206,22,90,53,230,35,11,45,21,131,206,17,22,240,47,98,128,138,125,88,194,173,194,86,236,248,215,186,83,6,168,121,111,96,135,99,200,101,248,32,32,98,196,127,110,96,171,3,228,24,174,130,234,205,122,247,94,216,67,18,46,203,81,221,234,46,16,90,189,93,246,4,128,93,67,154,198,102,21,230,79,4,191,144,233,49,51,94,114,25,61,39,238,136,111,51,42,106,140,72,209,87,0,237,210,20,144,227,99,190,83,229,172,94,122,73,109,222,88,194,150,162,112,107,169,215,123,143,68,204,138,40,126,16,63,205,121,249,68,231,24,149,165,103,131,88,214,53,29,59,68,8,226,53,44,111,139,73,188,184,156,43,55,205,16,28,7,93,109,65,65,208,12,217,125,129,76,128,203,9,217,82,162,227,88,225,45,121,150,50,3,227,14,159,155,168,255,169,117,220,112,69,163,221,39,84,115,45,109,90,155,173,129,158,245,24,192,195,155,38,145,72,11,212,128,107,162,19,213,120,124,133,130,122,117,155,60,62,41,127,141,80,243,33,172,77,235,35,145,84,247,0,236,16,161,38,78,232,173,229,67,21,144,37,22,116,102,172,252,179,180,235,36,6,80,231,239,90,207,104,132,68,18,209,133,69,8,207,103,164,235,38,98,176,193,170,151,181,222,111,170,210,238,129,231,61,39,36,93,246,238,0,242,244,0,99,143,52,66,243,229,226,78,235,59,44,72,27,135,83,159,17,104,56,235,14,155,186,169,176,54,226,248,31,105,165,124,87,140,71,4,229,79,219,238,233,153,239,28,125,135,106,182,119,136,32,105,59,200,160,199,26,236,64,211,247,226,25,128,238,188,192,97,134,235,199,205,106,187,217,118,130,114,176,237,30,160,42,126,106,182,213,134,81,0,245,33,128,115,153,43,99,203,142,63,37,140,105,12,174,225,105,185,185,191,152,9,237,249,231,176,215,91,220,15,158,44,105,89,117,122,245,246,255,118,245,81,7,186,176,225,231,28,142,242,16,142,66,50,72,234,42,78,242,251,201,113,178,215,64,32,12,168,155,27,138,82,7,180,90,238,36,56,21,174,231,87,243,250,245,179,182,171,192,157,7,187,202,73,240,52,27,126,99,226,94,186,169,235,18,160,247,6,193,142,41,105,192,170,250,228,36,244,18,180,207,129,26,176,228,57,42,45,254,229,17,75,236,67,12,72,21,188,111,172,95,210,116,145,58,236,56,76,1,210,52,231,42,65,199,165,115,149,42,65,14,124,152,5,163,200,114,134,210,224,25,151,24,112,109,76,18,160,27,138,44,111,140,70,198,154,232,48,50,152,41,55,98,15,218,54,95,192,137,239,213,84,114,112,23,140,73,222,34,219,212,27,196,194,115,225,98,115,90,72,221,75,252,196,112,65,41,72,0,109,187,180,193,110,169,84,207,153,63,237,141,170,156,172,191,173,198,156,215,70,51,84,199,173,214,71,182,129,80,124,82,114,124,92,66,237,250,233,26,165,2,245,253,184,117,134,45,99,205,121,89,221,52,62,22,118,105,203,85,223,110,174,202,119,131,77,242,2,227,41,91,195,140,202,139,75,202,108,194,168,155,135,213,228,185,68,170,103,67,251,193,53,132,70,17,93,191,205,117,49,79,19,69,252,16,135,68,42,108,145,36,123,99,175,201,152,38,96,182,154,135,188,106,82,224,108,138,200,144,48,92,162,1,201,171,235,210,10,187,50,63,35,9,57,132,111,130,89,230,217,72,9,117,119,166,240,168,102,171,209,96,198,136,52,80,186,159,41,88,101,191,188,111,192,78,236,70,15,74,127,93,185,165,247,246,233,51,33,162,144,18,158,219,65,31,50,64,75,200,115,172,234,216,234,9,164,221,215,1,241,205,64,189,80,48,140,47,88,235,42,103,182,178,165,101,150,237,141,9,180,208,51,84,200,157,208,47,154,20,204,135,245,102,161,10,157,235,132,211,119,160,2,79,109,61,5,102,97,213,89,142,83,230,9,193,181,143,87,182,156,109,31,61,96,237,241,103,207,43,72,25,125,36,130,60,35,3,249,249,241,222,87,133,16,149,55,3,150,102,177,244,14,96,84,104,148,74,14,144,17,17,44,108,195,154,136,194,63,254,122,37,134,59,44,223,184,148,47,69,47,114,156,197,157,225,38,3,110,173,160,145,136,110,75,144,23,122,91,93,110,170,163,192,62,205,186,162,21,196,154,48,106,171,4,233,46,119,133,85,246,7,209,137,82,241,41,117,134,110,176,216,121,215,76,1,240,29,146,45,100,170,211,115,106,155,155,48,84,225,12,206,239,230,1,202,128,229,166,136,75,2,220,79,246,2,222,74,5,211,106,164,246,2,221,75,3,218,83,233,40,105,168,234,35,121,119,124,110,151,30,137,71,15,183,190,167,236,30,135,77,251,241,16,179,200,138,68,23,159,6,208,114,139,65,32,131,89,214,95,196,149,35,123,114,139,66,30,102,70,15,167,234,213,106,178,126,254,231,45,90,211,105,167,236,30,138,69,19,170,229,51,74,4,215,92,206,119,124,109,155,17,176,210,109,156,15,182,191,165,244,7,206,119,124,111,150,32,131,91,211,106,164,246,0,226,60,45,90,212,103,172,221,75,1,223,69,20,165,242,13,187,177,208,114,140,28,101,178,200,95,159,182,204,53,208,40,80,143,13,85,235,75,249,152,26,245,237,64,47,43,70,164,141,83,174,101,11,228,233,181,169,197,122,255,135,95,132,29,40,17,238,13,223,76,7,250,15,183,206,136,84,239,67,56,68,69,50,78,8,222,100,189,210,140,63,54,82,0,228,69,34,219,64,36,136,77,7,194,141,98,132,200,62,190,132,79,145,23,191,176,133,226,32,95,174,99,92,223,3,161,157,179,9,181,217,113,164,247,15,196,153,41,116,136,91,224,68,42,124,131,90,231,60,46,99,188,12,174,217,106,198,173,219,89,201,120,121,30,120,134,64,24,64,11,117,128,72,41,30,114,174,234,3,181,200,149,202,116,122,2,204,132,97,197,84,123,132,38,7,215,102,160,204,104,204,157,36,140,78,158,227,172,158,170,121,112,110,139,55,179,172,197,121,142,47,97,129,73,42,86,104,181,218,20,213,6,101,174,181,183,180,62,12,162,225,87,212,114,91,249,166,218,50,70,7,204,44,78,244,163,218,91,185,192,106,142,90,222,32,142,77,252,217,105,168,90,45,53,43,77,204,243,224,65,27,102,138,245,15,137,33,20,165,223,5,241,198,140,39,145,58,8,177,101,75,24,93,89,48,119,48,224,39,74,237,166,148,56,247,194,55,228,118,111,170,2,234,37,139,109,181,196,173,6,244,7,228,94,210,108,182,231,142,40,108,181,231,66,31,144,37,100,220,21,23,82,132,50,68,176,188,210,120,46,232,15,147,16,61,205,140,253,178,103,82,43,81,2,243,44,97,211,135,112,148,62,73,38,115,159,35,217,71,14,204,153,39,112,156,2,204,123,14,153,32,108,168,180,176,244,17,104,54,248,224,223,29,36,125,149,26,53,68,132,72,249,106,140,78,245,21,62,17,210,141,86,246,16,89,200,123,243,2,211,119,102,46,71,21,124,86,217,47,50,88,246,196,128,135,110,177,229,66,194,118,242,199,59,49,109,54,40,140,63,180,70,4,157,28,202,117,149,41,74,163,222,56,68,4,165,21,85,121,107,71,138,190,70,20,106,161,121,50,139,48,92,176,245,238,204,126,115,37,90,245,8,92,80,191,151,13,184,100,193,173,214,113,133,91,134,56,94,201,22,34,112,87,238,93,198,130,52,49,60,32,137,100,207,158,41,131,79,238,53,93,245,37,140,47,71,1,227,83,242,39,95,154,255,221,103,199,158,37,144,38,96,200,167,6,230,95,224,50,60,32,128,113,148,53,52,35,131,99,208,97,151,80,211,138,48,6,207,125,7,181,228,59,196,23,98,152,19,126,89,222,104,215,124,129,92,192,169,9,242,43,116,118,113,131,50,190,81,99,139,32,118,116,150,46,113,137,4,92,213,99,195,111,155,251,20,178,127,5,203,4,203,127,245,118,184,149,209,73,240,2,203,168,200,148,8,231,2,107,54,169,95,83,140,229,31,125,129,108,143,40,111,134,69,8,221,93,188,157,254,216,102,106,51,251,223,40,20,156,214,195,59,235,20,175,227,88,194,196,131,44,53,65,26,105,129,15,191,88,118,121,253,155,33,70,53,85,174,57,224,78,195,131,125,118,86,198,37,8,224,5,96,25,186,102,64,7,171,202,17,83,249,181,138,225,230,110,134,100,204,152,29,159,23,178,206,139,84,250,246,20,186,188,177,226,85,3,219,102,206,156,15,201,159,100,165,245,21,185,195,155,25,138,51,111,115,134,236,255,235,10,205,67,3,252,249,204,89,109,153,5,149,66,212,109,139,65,201,94,162,241,170,206,154,241,26,162,18,212,83,187,38,8,203,129,95,197,146,44,94,201,136,75,1,222,72,9,198,145,47,84,231,46,89,214,97,192,162,252,239,20,166,241,15,182,192,162,251,242,13,188,176,211,105,168,233,38,111,149,36,119,124,109,155,18,172,221,75,2,219,81,239,21,165,245,5,212,101,180,199,142,21,59,50,65,32,64,61,38,124,75,143,206,121,119,127,102,175,213,100,181,196,150,31,133,83,232,42,99,186,181,195,155,19,170,227,56,58,51,73,7,205,124,111,148,38,112,147,43,98,188,174,215,93,204,127,101,178,203,128,97,191,167,238,23,158,10,197,146,43,96,193,159,4,215,93,202,131,89,214,95,162,210,106,160,218,48,2,239,9,224,60,23,175,202,139,246,10,117,239,146,232,186,147,239,9,58,177,147,139,101,140,74,32,128,244,161,187,43,17,140,127,85,238,240,243,158,234,158,14,186,56,172,28,126,115,107,155,136,222,198,113,63,26,93,154,5,222,0,144,79,0,189,6,80,203,49,51,79,204,43,81,250,202,127,68,195,109,85,16,209,96,74,182,146,158,219,80,239,234,0,147,51,250,126,88,239,247,208,207,8,154,161,156,247,32,87,216,121,125,92,194,160,243,255,220,91,194,110,12,144,50,73,221,38,33,137,255,102,23,47,83,185,182,8,180,234,49,8,121,150,41,64,125,235,252,159,233,44,52,232,3,203,140,241,153,6,228,23,113,237,176,163,133,242,227,36,74,246,9,237,71,45,128,93,189,179,237,72,36,126,90,166,98,143,53,62,255,192,81,250,172,100,29,181,61,173,165,220,223,232,54,62,17,209,122,73,237,176,105,188,114,26,237,64,213,242,241,235,9,84,138,85,160,199,40,15,244,247,21,185,188,202,147,46,118,138,72,44,122,124,139,69,53,99,189,204,155,22,193,188,181,225,77,1,252,74,244,7,230,93,232,42,107,147,25,190,112,5,68,206,22,130,98,165,254,177,185,217,97,152,40,135,75,148,195,85,91,127,65,96,178,202,49,80,18,70,248,29,140,205,252,227,253,250,49,63,54,71,239,180,171,211,115,120,73,41,73,3,80,133,208,83,151,18,118,78,232,53,252,157,40,117,95,35,250,205,43,71,21,122,29,126,88,200,6,202,98,174,226,45,7,208,104,181,140,39,144,52,248,216,67,49,91,166,0,37,110,137,31,114,136,115,173,0,18,202,122,102,187,219,117,166,30,163,233,27,129,59,58,64,55,49,43,213,211,33,41,114,153,18,190,159,11,118,105,203,130,234,165,232,238,40,174,211,93,166,222,53,57,84,2,207,105,173,206,111,140,72,251,225,50,80,16,190,198,128,56,49,96,200,125,94,206,106,152,14,189,154,7,188,139,76,9,224,52,27,139,103,212,141,81,11,182,178,215,131,128,138,91,237,12,174,203,112,128,214,51,41,90,198,160,15,206,116,66,159,11,194,168,190,172,198,178,215,14,87,211,233,26,146,186,38,181,194,127,15,167,238,197,135,118,72,244,41,115,58,195,125,71,244,146,207,135,11,136,231,212,166,41,86,227,77,20,200,138,77,239,5,193,37,148,62,3,96,225,91,232,48,42,232,48,80,252,176,187,212,120,90,174,218,95,108,120,238,252,221,60,86,189,182,160,30,95,85,119,231,164,133,244,172,2,148,213,129,106,126,195,26,112,68,252,243,223,231,10,190,123,104,191,184,215,109,172,210,92,211,127,120,153,37,124,94,184,173,202,143,237,170,151,12,162,165,232,240,116,42,31,120,133,98,230,67,1,9,179,154,136,28,141,56,16,142,232,53,35,126,214,149,182,78,214,189,16,111,150,27,77,67,1,1,234,250,218,231,195,176,149,177,39,144,230,193,134,46,63,178,112,164,180,141,216,2,29,128,138,103,175,229,69,38,122,161,27,147,55,81,16,178,220,90,44,77,252,248,252,248,238,9,238,225,180,55,243,165,212,108,135,87,165,221,111,159,189,50,180,243,131,218,30,110,39,16,192,173,202,130,9,199,172,123,91,243,11,82,110,139,5,226,119,109,171,232,12,92,177,192,171,207,69,54,247,125,212,248,248,203,130,175,198,155,202,3,64,178,201,86,224,146,32,114,122,242,6,174,202,143,40,22,163,237,36,63,15,216,93,128,66,6,231,56,14,200,206,114,125,68,3,196,134,87,250,15,202,178,230,42,86,231,74,32,151,74,28,127,85,213,97,205,129,110,135,41,112,157,30,123,76,113,255,156,186,192,175,209,130,84,238,205,100,218,87,109,27,133,24,171,36,114,127,61,22,139,51,79,10,217,109,185,219,76,238,29,159,26,170,3,249,230,32,115,141,93,214,127,86,236,209,249,231,66,253,189,8,92,158,150,202,117,95,207,127,125,92,163,248,41,130,79,232,46,73,252,227,63,20,149,22,145,29,253,189,140,49,66,45,105,194,152,215,226,64,34,136,32,135,55,97,204,50,236,21,36,107,159,148,155,76,223,59,241,232,157,240,0,211,144,14,195,122,144,8,88,112,253,99,74,168,145,81,166,112,248,139,63,245,4,30,98,181,151,20,195,194,172,234,30,126,132,126,125,138,51,56,32,171,207,71,128,214,53,67,20,123,75,176,221,34,122,91,177,71,157,117,8,106,114,116,169,244,223,38,7,177,73,13,190,46,201,163,107,115,135,73,221,39,29,158,252,8,196,126,121,110,160,185,193,115,106,49,242,221,254,24,190,87,0,154,154,187,166,136,44,52,166,147,36,121,51,26,8,57,252,208,159,11,69,165,197,28,65,34,37,149,218,220,182,234,157,139,11,167,124,17,188,185,167,249,175,90,124,102,75,228,10,37,24,151,33,61,27,184,152,7,65,242,235,20,152,44,109,181,190,100,58,57,54,74,217,92,184,222,84,190,164,221,43,217,232,149,168,139,16,192,126,99,82,247,175,116,123,242,1,221,219,196,227,81,221,71,27,46,116,145,242,22,81,140,52,200,127,98,74,119,195,152,253,137,113,122,69,134,192,106,135,124,117,5,102,131,226,238,28,56,95,168,240,128,150,178,89,181,33,230,238,28,138,254,59,34,134,9,77,161,245,156,239,234,132,251,237,30,73,249,31,75,115,249,102,103,88,230,63,33,143,43,104,97,170,8,213,59,45,66,254,98,76,104,47,244,211,118,95,192,57,57,200,12,177,147,56,125,102,161,217,67,4,198,151,55,88,1,248,238,16,207,146,84,1,208,98,175,216,118,136,100,165,203,123,148,222,201,238,170,227,10,197,217,46,70,28,65,169,213,120,92,160,95,90,166,126,15,168,218,48,92,216,112,130,49,73,46,115,123,101,184,173,207,104,176,194,140,38,139,76,193,161,142,185,170,168,251,54,58,38,72,246,244,27,170,214,84,235,20,155,4,220,64,23,142,66,206,4,199,162,220,32,222,220,29,25,66,11,156,23,169,255,214,53,53,79,33,155,35,147,54,54,62,85,255,247,23,167,220,63,24,115,253,92,63,205,239,232,10,184,174,232,56,84,224,254,108,163,247,9,157,17,154,56,69,236,26,122,84,95,86,76,131,248,200,152,247,246,152,38,33,29,129,224,56,58,197,7,4,176,116,162,7,144,62,220,238,16,52,58,51,216,205,183,159,249,184,149,149,147,14,163,203,244,209,88,212,231,160,199,70,152,129,140,185,57,0,200,25,56,71,26,183,96,209,140,72,199,21,196,179,224,73,205,157,141,53,45,58,250,48,213,106,170,224,31,111,103,216,76,22,152,2,237,16,186,114,120,74,119,236,227,17,172,196,119,248,139,172,101,84,180,176,245,30,140,75,200,148,253,232,17,145,168,123,221,210,13,114,255,86,167,207,161,4,90,103,127,238,204,131,3,252,207,121,228,106,52,210,74,97,36,51,75,252,169,58,37,78,1,230,68,54,49,118,93,203,48,83,8,100,158,44,96,80,115,124,51,88,22,145,64,40,76,158,236,14,195,138,22,196,77,123,217,234,35,72,10,11,153,3,174,206,134,93,227,98,219,77,241,31,147,66,62,47,69,6,193,171,154,148,140,207,114,91,210,188,148,80,223,59,73,140,69,22,168,224,48,95,165,165,49,211,112,149,31,100,160,212,145,34,150,24,130,108,148,46,23,137,23,16,35,233,236,255,19,174,91,99,139,203,53,72,180,232,12,195,7,1,113,29,107,255,77,186,182,188,105,250,230,13,197,156,35,143,37,155,237,27,63,37,146,199,117,166,240,162,126,92,149,53,128,81,255,235,2,123,85,212,113,127,52,105,95,70,121,9,197,99,184,13,172,234,220,205,225,207,114,92,208,195,127,143,35,75,115,248,197,123,107,65,241,130,203,70,229,18,55,224,18,92,252,19,89,203,140,71,36,139,18,32,241,213,55,55,28,58,6,137,115,170,214,232,218,118,88,216,66,254,96,81,91,88,122,76,209,228,3,194,150,193,112,5,152,238,248,135,239,228,231,91,244,181,176,189,162,26,169,217,76,3,203,119,114,145,31,116,119,129,123,121,142,8,61,3,224,50,105,196,166,167,248,177,87,70,61,165,115,83,209,0,133,95,174,167,215,86,99,46,238,23,156,15,182,193,160,3,217,87,221,74,4,214,97,192,163,249,246,0,225,62,41,103,172,223,70,17,174,217,88,218,84,231,44,94,201,135,78,248,250,243,10,197,148,40,107,161,0,225,62,39,109,156,15,180,197,147,42,100,181,195,154,19,169,231,45,93,205,90,108,157,255,218,222,36,74,226,43,15,78,249,247,254,232,42,102,177,207,119,126,103,173,220,77,252,238,23,157,11,192,162,251,242,13,187,179,203,130,91,208,114,139,65,31,133,84,231,44,94,200,139,67,26,148,38,111,149,36,119,125,106,163,248,249,247,255,230,47,86,226,61,42,99,184,185,183,188,175,178,161,253,231,2,182,112,157,188,67,39,150,63,23,162,183,165,132,226,1,121,14,160,36,129,52,45,239,172,245,200,25,238,59,228,198,118,92,181,80,150,49,14,128,0,137,134,63,56,78,15,183,205,125,130,117,144,52,93,234,56,61,64,63,145,30,137,91,238,47,87,230,35,105,205,65,147,225,219,50,82,213,108,102,154,55,72,223,32,24,152,8,140,93,131,96,178,204,46,90,242,167,214,132,86,112,20,153,219,96,7,201,122,78,229,47,121,125,92,194,161,242,2,210,116,117,118,111,104,156,23,192,193,173,243,39,99,180,234,66,42,122,145,32,117,116,90,192,158,42,87,210,115,124,99,174,220,61,26,134,79,2,223,79,229,63,253,242,244,143,230,24,200,55,47,234,15,52,128,86,209,94,59,4,183,179,190,187,192,187,172,170,158,13,153,32,153,21,131,96,172,214,79,204,102,211,61,32,152,50,92,223,90,209,103,196,174,230,63,50,60,33,89,191,146,252,98,133,41,79,138,218,106,103,59,138,104,92,92,178,168,209,251,150,50,9,142,214,7,11,180,226,64,62,50,80,11,212,105,197,172,224,95,54,46,89,241,58,69,21,172,209,96,233,239,135,4,114,108,164,223,79,190,145,83,245,182,86,235,73,39,95,202,62,14,74,144,248,149,201,121,119,43,98,219,236,7,239,21,50,206,107,101,195,213,83,250,251,210,10,169,216,100,166,192,142,37,101,186,211,141,87,251,1,217,72,16,209,147,71,48,99,169,215,80,245,29,149,63,23,114,119,110,157,32,159,31,158,27,135,65,51,102,203,158,30,121,104,157,15,209,120,145,34,107,157,182,205,138,64,51,62,47,10,172,2,221,217,217,76,196,165,48,67,42,106,135,235,5,197,157,251,193,139,44,87,252,16,210,153,45,81,223,75,30,169,4,253,254,215,77,238,24,171,231,63,20,177,167,245,237,165,167,214,141,233,24,46,65,158,59,14,179,159,242,1,246,36,134,71,255,233,63,72,17,159,246,241,20,196,159,31,120,83,92,117,1,217,52,59,62,27,59,50,65,40,50,53,102,179,125,72,243,32,142,14,201,203,124,95,158,253,246,11,215,76,217,96,205,145,35,104,169,154,34,132,56,74,249,254,157,245,38,67,19,202,149,65,55,95,185,168,246,34,141,94,238,41,88,205,108,139,180,151,252,225,50,93,218,109,150,220,211,111,147,52,28,148,16,212,112,69,178,194,30,126,104,58,167,58,77,232,37,127,11,155,249,229,34,163,214,107,130,122,73,149,185,33,247,141,221,241,252,219,66,33,146,68,58,71,19,158,253,255,253,14,205,134,64,18,159,11,228,67,59,26,190,147,250,190,127,109,123,189,184,138,105,250,24,75,149,46,129,127,87,226,248,225,208,253,176,108,66,13,227,1,82,166,157,253,18,117,108,192,174,139,209,83,199,118,12,97,209,44,36,19,79,53,49,98,212,114,142,76,27,163,250,8,227,70,16,197,175,231,45,108,180,210,109,173,246,18,172,240,41,117,134,100,208,213,81,241,40,148,52,73,19,158,250,232,184,193,170,172,199,178,216,61,40,202,33,100,166,94,16,162,251,158,251,24,149,208,116,166,139,44,131,46,72,14,204,152,71,44,106,160,244,10,216,117,178,245,27,129,82,197,6,136,246,12,203,123,129,84,237,211,83,11,195,42,230,35,61,58,111,133,99,192,132,244,233,24,163,231,253,215,83,2,240,5,200,147,28,131,80,253,220,64,18,127,96,230,65,46,84,226,98,206,132,71,252,225,48,82,155,17,205,23,135,112,148,183,64,23,98,204,194,151,15,141,38,92,199,164,1,237,40,95,182,200,161,10,211,116,118,113,129,93,216,95,208,98,143,45,124,139,85,1,229,40,90,220,111,176,223,84,236,14,170,213,57,49,112,187,208,137,103,169,222,104,212,134,100,206,105,153,6,163,235,42,132,116,164,5,206,105,174,247,26,178,216,75,241,1,185,157,246,210,224,23,157,8,161,217,8,214,53,36,11,124,87,124,125,96,182,93,173,210,20,144,87,233,252,213,246,149,56,254,119,214,130,13,74,234,1,198,28,50,92,140,4,114,52,135,61,61,61,55,63,56,87,254,234,58,88,249,249,11,224,83,234,53,83,250,247,18,202,152,28,161,30,153,23,177,237,43,98,206,153,56,59,70,49,190,150,34,152,54,65,39,96,179,241,213,214,23,59,20,174,193,169,174,193,195,165,165,135,88,1,253,220,84,162,226,206,5,154,173,126,87,219,255,229,83,132,62,74,5,97,63,25,92,221,135,63,55,67,252,142,28,128,108,142,7,185,162,247,35,149,75,42,128,88,204,138,108,185,220,112,179,186,163,234,36,134,85,242,254,190,166,28,163,235,21,168,219,69,9,226,88,201,119,112,130,73,133,75,221,63,48,68,194,158,253,246,201,112,181,196,72,233,17,197,158,219,97,2,215,80,203,109,148,71,34,109,144,57,43,87,209,119,110,141,44,57,65,42,121,105,130,208,40,20,177,222,68,40,97,199,67,2,255,229,194,29,128,40,123,181,189,157,227,36,104,174,239,67,65,68,16,164,251,9,245,37,119,109,143,37,77,246,245,17,188,196,187,174,214,138,99,216,73,249,231,10,207,127,123,97,148,30,161,24,193,191,192,157,3,245,30,176,244,28,127,86,212,86,207,233,251,211,95,185,200,153,48,76,187,54,69,20,178,160,7,183,223,81,161,156,4,87,208,112,32,246,71,10,163,246,232,229,34,124,26,135,117,75,235,69,29,61,186,154,243,242,152,189,187,111,92,107,71,75,58,34,129,133,117,134,90,200,124,92,81,13,209,73,142,86,253,2,226,20,42,104,168,245,197,123,148,58,20,129,99,196,61,6,183,173,202,171,189,181,163,22,118,16,71,120,243,153,186,89,195,151,63,24,141,63,24,144,46,118,114,126,92,190,179,129,237,205,104,141,229,41,45,189,78,179,189,181,209,148,57,31,174,196,104,128,97,188,133,46,8,212,61,246,48,249,221,231,200,27,122,152,37,72,240,167,131,110,93,91,43,133,4,101,153,246,233,178,111,166,175,154,177,118,190,150,50,94,215,96,213,112,154,22,179,215,101,181,216,115,164,248,13,209,130,93,225,89,237,30,157,38,224,50,78,9,224,96,194,164,234,20,206,85,223,225,33,135,55,73,208,91,245,13,143,21,55,250,222,229,65,19,158,165,213,89,127,141,39,62,254,233,37,75,221,250,0,187,174,189,158,161,155,250,67,3,252,250,201,109,49,230,70,214,239,108,193,82,122,90,177,182,76,161,15,115,78,149,202,195,137,91,232,52,70,38,149,58,53,87,1,0,226,82,13,196,153,45,123,208,96,200,170,240,19,176,196,133,121,62,157,195,53,37,124,88,227,0,202,166,251,197,117,23,88,194,58,66,15,169,132,56,48,7,190,167,156,16,209,11,170,8,202,19,41,90,152,42,160,243,26,155,244,166,213,83,243,249,200,119,120,160,29,176,250,255,220,65,43,136,100,216,132,118,111,135,61,0,210,112,170,5,240,56,74,254,216,96,218,117,162,39,126,89,200,125,91,189,39,103,139,51,84,215,8,203,118,139,9,176,245,6,131,54,42,125,120,79,4,26,144,38,74,247,7,216,114,123,78,3,227,76,240,237,143,237,199,154,34,119,142,45,98,114,118,164,248,137,199,129,35,136,135,61,59,56,33,40,63,1,213,6,196,161,9,222,57,19,180,209,131,75,242,251,101,135,46,76,242,28,155,41,97,140,249,249,211,114,162,249,215,100,160,250,226,19,146,81,197,134,88,243,36,157,37,145,43,83,242,40,134,119,151,59,33,114,104,146,24,109,101,135,51,222,221,98,128,239,109,190,89,102,148,4,191,49,244,25,86,165,142,222,134,62,56,77,16,180,217,122,148,40,127,127,112,147,60,76,16,180,217,115,240,0,229,79,11,195,160,246,242,52,12,48,8,102,145,53,45,101,122,92,241,25,110,148,11,178,100,82,212,191,150,32,48,84,5,111,125,142,56,200,10,184,127,118,188,159,23,164,217,245,231,31,144,34,75,236,11,188,207,140,85,10,225,52,55,70,49,101,198,175,233,24,137,56,57,70,21,177,192,117,121,145,78,31,159,250,229,58,78,23,194,172,205,108,146,27,126,228,47,49,66,40,92,121,121,109,165,186,158,45,95,121,84,207,141,72,223,84,42,95,184,146,33,138,78,14,167,202,143,65,52,58,14,43,24,68,34,138,64,52,61,50,1,200,172,222,216,219,68,220,95,2,203,147,48,56,226,19,131,78,156,2,231,56,81,222,37,126,116,156,2,204,109,13,140,29,127,89,233,52,94,194,88,94,204,125,119,81,244,239,56,71,193,63,28,14,173,218,228,169,53,93,186,177,222,240,2,203,2,231,53,33,108,149,210,108,189,119,33,127,126,78,168,211,139,21,142,46,109,176,198,134,86,209,99,173,223,53,51,59,50,95,202,149,253,211,90,197,186,145,57,24,184,145,190,60,151,148,180,104,82,217,66,14,197,193,206,162,22,175,202,127,147,89,1,250,5,194,139,51,76,24,163,18,148,79,226,14,142,56,54,23,119,45,101,147,75,5,210,105,78,118,219,164,9,172,221,243,243,45,101,135,52,219,231,68,220,222,161,34,46,231,18,137,46,227,220,96,127,42,0,136,137,53,83,246,13,189,190,198,171,226,77,23,193,160,21,187,187,179,220,101,21,145,49,98,210,129,97,202,119,110,191,107,21,92,109,125,113,120,133,29,117,165,254,192,159,233,26,45,244,236,118,113,143,228,56,90,111,126,139,65,174,89,204,68,39,169,214,113,148,7,109,127,85,238,8,155,252,219,74,35,154,36,145,77,247,245,35,154,35,146,65,16,163,237,34,160,15,215,76,209,91,205,164,16,163,237,33,113,131,77,1,206,104,156,20,204,140,96,182,175,195,23,151,250,232,54,52,243,13,177,217,32,107,196,154,200,104,149,59,59,5,228,121,115,123,73,251,251,251,8,185,148,49,90,234,25,114,254,158,179,212,116,129,112,137,79,170,205,158,10,85,101,167,178,219,141,44,112,152,255,140,19,131,78,157,0,235,45,116,119,88,227,67,44,81,222,55,176,163,216,78,234,52,84,255,222,3,95,203,128,110,110,157,245,38,124,31,35,110,24,141,57,198,4,35,147,23,153,37,25,135,60,176,222,77,215,75,247,171,227,90,161,165,242,37,90,132,63,71,224,56,79,7,220,97,212,97,181,216,108,173,239,38,96,182,154,251,225,48,121,84,240,242,42,59,191,58,157,131,231,207,28,122,105,186,199,127,88,224,54,55,51,80,226,45,68,64,13,140,178,163,247,250,203,91,128,108,128,125,53,178,43,221,162,87,112,111,223,47,121,131,46,61,191,58,73,204,12,21,199,64,178,176,176,187,61,206,138,1,165,144,216,154,3,237,49,103,175,232,61,46,111,179,214,103,204,126,194,140,62,54,77,7,207,127,88,203,167,180,57,238,183,160,11,171,234,237,5,247,8,160,221,227,58,35,58,81,167,245,243,10,115,138,101,79,221,110,154,162,126,92,146,60,114,134,66,244,243,1,238,12,180,204,111,137,60,53,51,60,30,98,184,182,235,51,60,36,124,96,183,178,226,78,233,26,131,44,85,254,0,249,37,141,55,55,90,235,53,111,171,209,97,176,166,234,68,28,127,88,223,55,49,68,32,115,121,107,146,40,22,172,237,21,180,187,183,114,117,166,242,155,147,30,78,9,2,204,144,57,26,50,47,71,24,137,24,136,56,49,106,197,133,71,18,157,255,218,102,186,163,233,25,155,47,96,222,55,73,223,77,228,190,90,189,218,1,207,7,181,66,79,205,110,107,151,50,105,196,169,252,233,30,158,36,147,61,59,34,107,148,1,84,144,164,200,106,153,9,217,102,200,131,19,46,94,200,150,246,5,188,209,121,41,5,202,6,197,145,189,30,212,126,86,219,93,115,122,99,43,52,39,97,178,222,85,252,233,243,196,153,244,14,206,118,98,197,125,100,165,201,111,183,153,34,139,108,189,155,0,99,195,159,227,37,104,88,219,114,89,126,104,194,132,7,183,224,23,138,60,71,50,113,162,27,140,52,95,233,75,22,187,160,242,255,228,73,13,203,91,184,165,196,9,95,198,144,52,72,11,192,161,255,228,54,64,34,125,108,157,11,193,160,4,215,93,203,128,98,189,172,222,71,12,189,170,228,56,59,48,83,235,34,123,112,145,46,88,217,88,218,83,232,42,99,184,186,180,197,147,43,98,188,175,214,96,195,153,24,153,23,156,13,151,180,198,132,68,152,24,140,0,120,122,117,132,87,220,77,252,239,21,164,248,252,239,21,163,249,247,253,234,35,121,120,121,118,128,98,188,174,217,86,223,70,16,178,205,123,113,144,51,73,7,204,125,108,159,4,214,95,197,146,44,95,197,147,41,104,170,227,58,54,66,29,138,68,23,159,6,207,82,194,156,9,158,228,229,61,13,205,64,11,7,13,130,21,156,170,255,208,95,7,183,224,76,211,78,139,216,112,85,114,229,87,142,200,112,111,125,248,156,31,68,220,235,199,204,108,179,226,87,223,78,249,10,212,103,191,176,211,114,140,84,6,211,126,124,118,130,113,172,223,88,240,22,180,207,117,152,131,73,8,223,106,201,138,78,236,14,224,9,58,237,185,152,35,99,194,100,160,36,130,49,40,0,225,43,33,155,201,144,34,125,27,147,71,167,214,130,93,90,85,216,32,145,115,132,73,226,41,83,218,88,244,51,118,164,254,226,44,98,214,142,101,215,102,162,237,12,188,188,178,218,67,238,14,208,140,48,69,23,143,42,87,226,46,76,238,237,23,192,175,199,130,96,180,186,167,241,255,216,75,12,151,250,118,86,98,141,219,18,178,190,151,26,64,46,103,170,247,244,13,113,120,157,12,76,126,92,148,53,126,88,235,39,79,149,6,192,173,202,84,211,90,218,109,182,221,88,206,110,177,234,64,45,74,247,236,41,64,42,76,134,3,193,204,44,80,135,55,186,239,9,163,109,67,140,16,147,28,130,110,165,11,186,129,26,152,248,4,235,30,105,173,196,143,36,78,226,95,152,6,202,168,253,221,62,46,75,247,241,24,139,49,65,33,147,48,103,135,53,47,38,227,16,178,201,95,161,175,225,31,134,216,5,160,136,202,12,141,164,223,103,184,144,23,49,229,73,205,11,27,181,116,22,134,46,64,175,121,138,4,158,165,153,87,204,144,66,43,99,209,142,81,241,36,144,86,226,81,8,213,100,203,152,125,91,210,127,125,128,99,195,140,45,130,35,236,214,254,200,145,24,165,189,149,70,27,115,154,217,64,103,235,231,229,43,254,5,191,144,128,84,230,221,75,31,31,110,186,182,79,117,118,69,34,191,160,244,222,52,63,60,64,59,73,22,156,5,234,53,91,230,55,44,81,223,31,128,93,239,56,99,214,91,204,162,29,168,247,238,12,174,173,201,129,128,128,84,218,89,201,123,100,187,162,235,18,174,240,26,171,210,63,29,169,243,251,230,53,53,57,45,114,169,214,79,233,24,149,206,131,103,167,254,223,76,180,175,249,248,136,204,116,77,12,249,231,63,45,62,198,116,119,136,56,11,174,195,137,81,25,179,223,106,160,243,20,207,145,66,36,103,158,251,241,32,136,90,195,110,144,74,14,171,214,100,169,221,64,49,85,210,92,194,140,45,206,74,227,46,76,16,194,182,186,129,24,156,234,45,113,141,27,151,6,202,114,98,165,23,112,126,89,223,101,210,147,57,61,33,121,150,61,81,0,236,16,164,233,41,128,106,187,141,35,101,134,39,107,157,226,22,81,250,171,99,52,213,232,255,212,26,125,144,63,251,214,243,159,26,88,104,2,0,149,177,180,163,226,202,40,123,47,26,48,249,55,43,118,169,9,200,158,31,151,30,155,37,142,57,73,29,170,230,66,44,183,171,225,78,12,224,67,33,113,127,142,0,85,155,175,182,200,115,148,237,4,248,4,182,194,37,31,81,117,5,93,155,132,70,16,97,193,189,69,253,15,182,80,117,121,61,59,109,139,82,242,237,185,155,3,226,42,52,50,72,55,102,199,183,209,100,167,249,36,158,32,175,242,252,224,49,36,99,169,236,50,103,210,145,58,41,93,224,94,238,66,55,47,71,0,226,81,247,16,166,223,50,201,129,59,37,127,86,138,69,9,210,53,45,127,103,96,160,234,59,60,3,234,105,162,237,244,249,0,238,47,68,243,20,178,223,57,18,31,60,218,95,211,101,196,141,66,210,84,10,198,32,5,200,79,6,19,163,234,253,216,85,4,231,31,122,121,104,159,250,248,234,23,141,17,168,4,230,33,116,140,49,68,17,199,127,90,198,109,165,255,252,222,30,132,124,147,78,254,221,61,52,109,190,203,134,64,17,162,235,16,38,66,254,222,60,62,53,92,199,72,142,61,43,109,111,154,253,15,194,79,147,31,5,199,140,206,235,109,179,181,189,184,99,148,12,174,202,172,186,190,136,102,134,222,222,178,67,167,143,218,63,17,168,7,228,78,20,182,182,178,212,133,106,187,200,143,36,101,164,244,18,177,215,69,61,24,108,115,136,71,228,18,91,219,53,95,101,254,205,62,61,13,36,168,211,140,72,222,46,237,176,231,241,157,99,220,1,109,127,67,1,107,69,36,52,13,88,128,161,236,50,108,170,229,69,35,144,50,99,230,80,244,24,167,245,3,242,55,158,248,2,4,226,63,46,74,244,45,35,235,217,245,227,63,13,198,89,193,195,165,212,104,51,243,213,232,172,104,122,232,25,150,205,123,145,202,108,194,158,152,154,9,141,75,61,28,158,14,155,176,183,174,226,42,53,48,73,36,164,21,181,209,105,156,41,149,66,45,113,127,89,199,96,179,213,143,97,219,100,203,120,120,168,21,193,178,210,92,191,153,9,182,63,31,98,176,221,61,216,93,192,174,161,231,80,245,181,162,229,73,18,128,113,211,99,172,184,174,228,67,49,62,3,227,67,45,78,210,224,250,158,20,180,194,175,204,133,9,175,248,252,126,233,26,88,233,106,159,249,209,90,193,146,50,100,217,111,179,229,39,100,207,152,50,107,186,163,233,25,155,50,89,248,234,249,233,49,118,160,35,144,45,75,10,233,72,41,112,130,80,227,22,171,235,56,43,54,54,84,6,234,56,47,71,19,192,196,175,230,32,114,127,84,211,220,33,94,187,164,7,219,106,159,208,43,101,144,59,71,10,165,251,219,74,242,226,36,154,233,23,168,13,202,156,46,120,111,145,83,249,16,210,141,45,80,205,97,174,201,176,176,220,47,114,99,71,163,100,45,233,200,49,60,42,142,87,207,105,172,207,106,153,39,115,122,100,168,218,94,156,245,151,178,227,254,119,212,138,247,140,35,87,196,34,32,147,232,240,174,125,171,208,130,114,173,228,100,207,117,145,65,58,54,81,12,225,65,49,106,193,161,16,203,149,36,138,91,219,83,249,14,30,120,124,132,104,173,229,40,91,248,216,73,139,72,10,207,57,33,161,10,119,26,139,194,143,51,216,204,203,153,5,207,130,5,197,148,213,79,223,36,113,138,50,101,121,95,232,254,218,91,228,70,47,119,140,58,38,117,148,53,97,226,74,246,232,82,217,64,76,233,247,210,106,160,215,57,231,55,20,166,185,44,223,178,65,168,113,255,106,142,103,117,109,190,180,154,27,113,218,96,145,85,54,99,155,20,48,254,179,78,122,254,184,45,74,44,38,227,245,178,193,200,82,213,134,91,131,231,17,140,39,248,156,31,67,223,225,230,110,133,101,200,155,19,185,198,153,25,166,2,245,3,233,61,77,252,255,250,76,237,32,155,28,143,62,27,128,85,114,149,46,31,110,188,187,149,29,234,194,130,74,116,206,103,172,138,56,99,181,114,142,87,120,99,219,37,95,192,194,177,240,55,92,194,140,72,41,122,149,71,43,80,227,44,98,218,95,225,47,82,151,42,114,135,93,194,164,173,198,180,199,29,11,180,138,84,35,106,180,203,99,89,187,161,9,183,140,42,92,237,70,54,73,253,219,89,247,37,147,53,52,59,35,79,231,50,97,210,127,133,109,144,42,121,137,90,243,31,118,112,132,70,15,98,189,201,35,99,220,81,128,228,41,43,113,210,103,159,222,53,57,75,25,137,60,53,54,53,56,65,15,169,216,51,67,4,198,150,60,80,23,170,244,3,203,135,104,201,172,240,22,145,31,118,132,119,135,108,142,12,181,224,104,217,128,130,82,221,83,6,245,48,122,141,42,86,208,70,253,220,83,2,12,232,71,31,129,81,244,29,185,225,94,214,81,225,51,77,22,169,254,219,43,71,248,203,246,213,97,187,135,40,26,160,226,92,209,106,124,57,219,92,138,172,83,63,13,221,87,179,174,108,51,95,136,216,179,236,208,1,197,112,121,4,123,132,21,104,70,183,254,215,109,174,227,59,69,55,85,227,75,32,163,251,7,236,39,110,172,251,79,228,59,78,4,216,98,174,200,176,152,142,239,177,177,215,71,22,105,145,82,247,225,79,185,160,71,77,194,85,219,239,49,59,31,211,89,215,10,196,180,97,169,11,193,45,220,67,222,87,33,123,98,149,15,161,252,21,197,193,204,155,7,191,175,251,18,219,128,123,98,172,209,115,167,249,21,147,4,210,92,211,133,125,134,100,196,145,32,134,107,203,158,39,132,72,255,214,51,52,55,64,50,96,226,88,226,48,71,29,160,36,146,49,63,20,152,27,164,252,254,215,48,61,28,156,56,82,15,195,149,19,180,239,44,116,141,44,78,233,44,130,103,204,113,127,96,109,169,246,251,3,208,121,46,65,67,25,38,240,5,151,45,151,14,201,142,27,49,52,54,74,244,215,74,251,12,219,111,177,220,75,251,14,212,129,125,139,49,65,14,140,56,84,235,19,157,16,164,236,20,190,186,164,230,36,102,158,124,65,255,217,73,23,172,248,243,196,25,156,12,201,93,208,91,244,18,94,101,170,103,163,248,136,189,242,11,159,255,204,58,15,155,1,208,152,246,10,166,14,143,197,41,209,231,188,79,155,253,232,73,250,233,46,74,248,239,33,111,132,74,245,15,108,45,14,166,212,17,163,192,6,115,69,7,215,106,209,141,35,164,227,10,142,12,196,118,204,140,14,221,156,49,49,112,147,36,79,190,76,9,130,197,10,40,91,247,219,82,154,7,246,201,114,177,220,1,110,126,69,251,127,9,216,26,91,108,68,86,211,142,73,13,225,86,230,85,246,8,241,38,116,162,29,144,85,253,240,53,90,218,120,146,49,113,244,246,6,229,53,78,234,20,153,165,250,253,178,180,232,53,40,102,14,87,196,134,190,238,7,204,43,83,18,167,154,20,197,45,67,60,2,215,135,109,175,243,5,208,155,54,109,179,184,173,202,127,15,193,173,215,110,143,61,226,38,146,45,235,163,238,220,93,8,187,194,163,221,236,3,202,142,39,61,23,136,64,60,75,16,201,171,220,69,45,120,136,92,233,23,141,46,93,236,42,133,67,237,15,204,168,2,255,9,193,148,61,84,254,4,222,56,43,84,213,99,105,170,4,112,123,149,38,0,98,176,151,46,155,13,174,176,189,162,23,182,227,89,246,251,233,65,54,98,218,108,143,41,87,181,190,160,34,149,21,150,38,99,175,202,155,35,105,154,5,166,220,72,42,122,102,164,250,231,35,110,159,246,240,5,208,125,110,163,234,249,243,53,91,196,138,72,252,228,42,119,142,40,92,183,232,23,109,101,137,79,214,173,233,248,34,208,150,1,1,225,58,14,131,253,248,182,38,229,150,15,221,18,30,67,198,130,132,29,117,167,248,174,105,141,23,132,226,222,89,149,233,196,61,105,149,59,92,50,60,47,102,198,167,240,30,123,96,179,85,233,49,25,129,129,107,134,76,92,107,133,65,142,126,89,215,9,185,223,63,210,109,186,78,225,100,139,62,89,7,248,37,149,25,135,89,6,254,17,212,128,83,220,63,38,30,124,149,14,61,49,79,255,185,189,149,70,28,66,188,165,116,122,114,27,4,15,149,23,93,186,179,118,115,177,207,11,59,41,86,207,120,115,114,150,233,17,210,93,83,243,34,62,81,156,0,10,195,46,212,95,179,184,190,160,234,47,45,133,255,210,85,220,36,81,97,118,43,110,165,239,39,98,194,81,217,123,115,25,25,139,6,224,125,91,226,67,252,142,28,126,114,122,67,6,199,170,17,206,142,64,30,128,128,142,85,249,20,151,16,163,205,113,168,15,195,177,242,8,192,189,206,132,100,187,162,237,13,170,227,232,43,127,0,204,160,3,104,43,87,164,8,15,175,200,100,163,243,40,120,144,87,254,222,57,65,61,56,80,21,189,157,255,212,63,33,115,160,29,124,99,193,144,39,103,200,123,100,168,192,148,44,125,146,64,54,97,186,166,248,25,190,189,192,193,144,37,99,140,52,97,237,67,47,117,125,96,220,125,147,56,76,240,3,203,90,186,159,214,53,67,21,120,84,150,42,70,27,39,47,98,143,186,168,179,111,139,251,218,120,132,43,103,141,134,93,154,59,131,125,77,29,142,50,36,65,196,162,182,38,230,147,25,191,110,13,119,42,87,5,155,250,22,170,150,176,182,156,246,140,225,80,177,148,193,70,79,228,75,24,177,210,129,119,151,30,156,37,127,102,195,176,245,4,234,55,69,21,183,213,122,117,151,54,98,190,186,211,135,81,5,237,53,69,39,129,122,119,145,68,32,132,108,190,180,200,159,36,129,95,218,115,230,32,132,105,191,176,211,115,125,91,208,32,118,169,225,238,26,179,100,160,36,74,0,11,234,67,64,58,42,86,235,76,39,139,102,198,127,87,205,124,28,128,137,50,209,116,132,97,149,39,86,3,228,234,196,142,186,167,236,174,76,56,28,131,26,134,82,154,7,246,1,119,250,238,6,193,163,240,251,252,181,173,254,216,227,68,45,28,183,107,149,75,4,112,14,176,191,148,40,98,165,253,194,199,67,34,68,241,132,18,89,202,171,221,6,232,67,17,132,56,70,171,204,162,236,168,247,22,96,235,205,109,195,148,225,86,248,242,226,30,148,207,140,192,143,192,157,175,198,141,230,61,57,51,89,205,129,20,142,91,210,252,111,138,10,213,160,241,32,137,42,4,185,167,248,234,244,243,5,246,28,180,238,43,86,209,119,157,38,150,66,38,96,181,179,157,5,239,39,125,121,132,76,239,29,169,250,7,244,28,125,92,194,139,64,207,118,158,163,227,92,207,4,88,206,60,63,107,158,251,201,115,129,119,146,72,37,149,25,135,84,253,254,4,239,51,58,40,91,171,220,70,42,126,150,70,41,99,178,230,74,48,109,162,237,14,167,194,137,57,60,73,35,138,97,207,111,134,87,247,25,168,7,215,78,233,26,152,51,81,7,188,129,89,1,1,210,95,201,121,109,145,72,39,94,183,176,172,197,129,50,194,115,135,74,219,45,11,205,84,198,252,90,247,83,94,132,210,33,105,202,173,22,108,116,134,75,216,53,242,30,123,137,64,10,214,87,228,238,37,38,221,220,49,190,93,141,168,14,145,61,70,238,150,142,140,98,178,76,102,74,152,193,111,7,167,245,212,70,6,120,186,171,235,42,80,7,156,49,38,79,95,46,121,205,238,211,229,242,251,197,129,88,249,31,173,10,230,43,90,242,51,111,194,181,179,185,170,230,73,16,202,117,157,23,113,202,94,170,240,182,228,232,186,155,240,251,125,14,201,69,217,242,177,14,170,3,248,2,3,234,42,140,96,197,180,230,56,103,205,129,135,113,147,73,38,120,166,86,206,121,134,91,209,119,110,127,63,41,94,211,26,36,93,170,205,6,115,155,209,54,219,247,60,30,154,32,133,101,14,166,242,29,151,32,142,31,95,201,124,121,79,5,239,244,131,196,233,74,249,121,223,221,223,237,237,141,26,174,197,134,70,170,179,222,32,97,41,209,144,137,188,107,31,57,33,166,195,132,76,13,174,205,127,86,213,90,223,52,54,51,73,28,149,43,115,114,71,46,96,148,5,201,48,155,25,129,99,202,152,189,207,77,217,195,4,248,82,97,122,240,207,91,227,34,117,5,70,213,70,26,43,37,128,53,201,124,53,231,35,63,79,162,239,62,241,247,32,162,6,163,216,79,158,64,6,216,84,188,144,1,1,182,158,116,241,48,169,93,136,197,81,222,82,158,150,6,173,194,39,16,194,89,157,167,146,107,146,68,53,169,215,95,220,106,185,183,197,130,44,208,56,29,151,179,141,73,217,220,65,231,211,96,138,109,71,1,8,198,75,6,175,223,90,209,80,249,224,58,33,86,202,166,195,147,79,19,155,6,212,87,211,94,208,99,138,183,132,56,103,179,75,146,255,110,73,10,108,193,129,106,59,244,19,122,249,235,232,208,106,107,146,7,215,103,192,147,79,210,108,76,240,59,46,17,177,171,235,55,59,19,177,184,179,183,147,18,207,74,2,8,229,77,22,154,16,222,99,211,129,80,218,124,91,163,200,115,132,215,209,70,15,178,162,215,12,202,55,211,100,112,28,117,9,166,48,59,85,239,233,12,82,131,111,88,104,3,251,163,136,47,52,48,224,230,64,225,6,109,65,95,180,221,110,171,228,72,30,165,244,32,170,236,34,143,66,42,102,199,185,28,124,111,170,4,231,46,100,170,212,143,254,92,132,242,237,33,104,180,142,34,160,12,161,16,119,103,243,72,209,39,102,78,20,145,26,224,49,77,169,234,68,176,188,211,107,47,213,86,164,6,19,165,229,11,172,212,125,142,93,239,38,107,153,48,118,166,20,177,192,149,20,126,99,178,236,59,90,233,56,47,71,23,191,195,197,195,186,165,231,28,97,177,213,119,149,65,53,90,201,125,127,124,138,87,240,2,208,97,146,41,146,62,26,139,75,242,2,210,130,110,136,58,40,91,205,38,123,126,100,200,127,108,83,210,142,57,199,14,172,163,10,0,209,129,103,145,207,88,203,140,47,38,91,189,156,21,183,211,148,60,58,40,98,210,130,136,103,190,152,10,181,201,171,238,60,31,89,206,150,61,60,81,2,208,100,190,198,179,247,28,147,25,136,60,30,119,240,229,19,157,253,253,250,14,180,130,224,72,8,212,58,57,33,163,3,138,226,51,202,119,123,1,81,53,64,255,226,37,49,42,74,244,247,37,58,168,177,178,235,249,135,226,167,101,66,192,73,243,247,239,25,175,249,21,190,183,183,174,221,98,223,100,212,114,124,96,182,196,176,218,107,147,25,162,180,85,150,13,159,175,203,74,104,77,182,179,211,120,167,10,182,153,137,12,147,17,68,171,248,192,49,166,18,93,89,188,138,45,231,207,133,17,116,33,37,178,186,204,154,22,179,222,75,20,178,207,147,72,14,208,124,113,168,245,8,232,69,25,180,210,111,177,53,51,79,24,188,177,219,68,7,246,223,66,185,138,32,99,174,212,58,235,43,28,118,163,250,131,218,73,199,208,110,138,29,120,116,166,253,222,60,51,58,40,95,203,112,133,66,240,2,224,83,252,8,224,86,213,87,238,45,120,146,54,48,67,14,169,226,217,42,65,255,219,79,183,61,55,90,236,37,39,87,0,227,200,10,184,123,182,188,161,216,69,255,219,101,195,175,235,67,21,155,37,131,112,169,4,199,124,96,201,171,238,59,33,82,231,79,5,199,130,97,178,192,157,39,93,188,162,235,28,43,53,31,101,168,232,246,149,4,200,84,209,148,40,248,124,99,123,181,191,152,245,241,253,228,83,6,229,85,250,240,10,227,86,244,40,124,93,188,160,5,241,25,179,185,138,49,72,41,132,74,249,251,226,49,67,42,111,133,68,9,203,162,7,235,22,145,43,254,186,144,20,156,11,147,211,86,200,130,38,90,246,2,109,29,126,40,173,213,85,187,158,255,249,252,224,53,71,255,218,71,18,158,252,222,29,120,107,167,5,250,27,173,239,15,165,248,18,211,146,78,16,163,234,21,162,12,196,162,226,100,163,237,245,119,69,234,11,85,121,141,255,115,224,100,104,58,24,118,104,54,227,74,195,94,99,96,1,205,141,82,3,219,98,206,137,71,28,164,17,175,232,70,39,109,175,246,23,158,28,176,236,30,153,46,116,136,91,237,57,58,74,34,135,78,13,214,108,160,21,196,178,206,141,93,55,45,93,222,93,228,56,69,7,190,208,79,240,175,167,200,108,147,37,21,141,95,197,35,251,229,244,75,251,227,19,149,31,166,252,250,8,222,62,27,156,47,98,200,156,30,120,110,137,26,132,91,229,72,40,130,129,89,200,143,72,33,161,20,175,196,135,65,16,177,132,98,212,95,114,147,6,190,106,141,96,180,79,2,245,195,194,81,249,14,175,127,107,126,84,182,225,209,88,0,242,45,83,147,46,53,47,23,198,124,98,151,3,197,100,43,57,55,57,13,149,211,124,98,213,91,185,199,130,99,113,155,200,62,51,197,233,168,207,101,215,78,104,99,174,161,34,94,246,33,115,231,131,192,231,29,151,1,14,211,111,141,247,135,14,136,188,135,84,214,125,137,88,145,59,5,185,76,149,58,247,138,157,47,7,93,178,171,202,16,85,244,196,92,105,76,61,26,168,9,213,101,197,165,14,184,208,160,37,117,150,45,102,178,229,93,45,73,15,223,84,230,56,44,78,30,101,176,111,118,135,55,71,212,80,23,170,151,177,200,68,162,227,191,133,160,243,7,124,112,176,108,134,116,136,218,214,85,168,250,56,52,56,19,150,13,177,226,90,250,11,187,167,0,0,8,220,63,20,153,26,172,230,72,249,203,115,144,83,19,205,161,34,114,133,117,174,252,22,191,148,24,138,25,144,73,23,190,206,148,26,133,91,232,59,82,17,203,115,126,89,225,35,169,2,226,52,4,98,128,87,206,102,36,72,234,26,136,91,225,89,208,62,227,59,15,190,188,171,194,162,229,43,80,202,109,192,120,116,164,19,207,157,33,116,119,134,112,175,251,25,169,217,75,241,7,93,179,240,33,158,254,146,49,43,78,188,152,60,58,25,199,173,206,214,181,40,161,41,83,185,133,60,39,238,140,20,164,242,228,18,92,225,51,98,182,169,249,236,37,40,116,93,198,105,157,33,91,59,172,67,150,194,135,208,150,0,11,177,86,232,235,253,95,103,157,22,88,139,74,152,132,183,84,166,243,101,132,201,90,212,97,148,2,140,73,235,66,230,168,151,51,124,150,52,12,168,12,201,62,219,89,82,68,152,0,211,142,42,210,38,104,118,164,214,138,52,206,129,30,98,46,250,227,14,174,235,53,52,60,55,48,72,4,234,20,150,240,133,25,109,163,219,157,23,108,195,234,72,237,59,252,102,93,224,118,170,249,200,123,151,250,245,176,198,184,130,68,58,64,219,4,224,215,201,231,194,92,210,204,111,134,220,85,238,224,42,135,89,185,178,43,255,204,111,6,24,137,72,184,174,0,222,247,0,3,118,106,199,98,177,225,87,238,36,115,127,118,149,50,86,209,98,171,225,236,16,218,62,173,225,62,53,26,154,252,16,189,92,108,148,167,226,59,191,24,212,72,0,162,236,29,56,59,81,139,42,134,80,128,226,48,25,168,45,87,209,73,242,2,246,34,151,48,116,129,85,253,14,210,127,130,76,240,2,178,196,171,241,44,129,111,144,42,120,137,92,222,82,220,65,16,134,61,36,149,70,45,118,124,103,204,159,33,148,23,141,46,89,232,48,96,178,160,250,18,201,152,61,66,16,162,3,247,27,163,29,158,247,238,255,14,165,196,9,142,14,158,156,163,14,125,250,75,36,39,252,210,73,240,158,171,242,203,71,168,145,112,136,113,165,244,23,183,225,63,52,84,245,3,234,56,77,251,255,248,102,160,8,226,61,51,60,29,178,147,157,124,38,13,155,24,130,101,124,87,255,241,243,43,42,220,251,7,0,12,210,61,28,141,234,37,146,198,122,152,28,31,7,193,101,194,223,63,23,119,106,143,48,124,142,79,24,161,245,243,20,208,145,71,57,89,200,121,106,169,6,218,114,125,70,13,174,224,94,234,79,13,198,140,47,94,230,74,16,195,169,216,77,234,248,240,38,138,99,219,107,150,19,176,232,67,56,91,231,29,126,88,175,199,146,67,50,115,169,250,239,6,213,122,142,95,228,70,255,212,88,202,130,8,213,114,137,89,204,132,11,169,10,196,38,241,2,160,18,239,15,167,198,123,93,200,179,239,54,87,210,94,210,149,72,42,119,108,141,45,91,228,60,64,19,126,85,211,109,179,239,37,131,112,142,42,104,194,195,176,250,20,150,16,164,248,17,182,215,78,211,114,151,52,54,20,164,33,147,28,130,97,178,193,147,47,70,0,213,60,160,115,51,187,131,56,46,74,21,178,229,45,22,37,120,120,134,39,116,112,180,209,34,28,133,211,93,201,23,15,3,243,245,253,247,165,228,37,231,0,194,144,37,131,103,198,139,14,115,140,26,157,31,129,65,38,88,212,85,187,153,59,14,194,170,14,206,104,153,152,38,118,93,183,179,120,124,143,1,132,86,248,224,241,248,30,93,187,181,214,112,167,22,178,200,122,121,138,83,0,14,200,123,99,148,154,249,227,11,145,26,144,182,53,25,151,25,109,120,43,115,126,130,84,207,135,66,36,44,104,141,64,189,117,166,131,123,80,49,116,106,163,94,62,190,103,159,91,194,168,190,164,254,222,199,147,13,62,161,239,33,99,198,53,255,147,66,1,204,225,15,41,47,8,49,169,109,64,187,95,214,40,75,112,78,218,83,79,107,55,252,226,196,25,129,131,100,140,58,61,31,2,224,37,245,91,68,221,3,139,66,199,181,154,165,25,148,132,130,233,155,82,115,131,98,97,227,28,142,158,126,255,163,234,122,101,189,127,97,199,130,217,93,174,90,76,207,232,251,222,230,60,18,185,93,135,251,12,164,224,155,48,98,164,223,252,249,169,85,118,99,40,32,70,127,137,41,116,45,26,68,47,58,31,232,16,196,128,91,82,186,158,3,92,67,240,17,171,183,151,205,141,47,111,143,30,152,16,184,111,161,177,103,159,133,203,74,14,150,20,182,114,56,167,17,103,86,240,24,52,239,26,172,200,244,56,213,190,151,39,37,254,120,30,126,114,110,27,36,234,218,64,226,68,6,221,48,122,82,138,55,8,153,73,48,61,162,156,225,179,156,14,180,156,235,210,119,55,219,22,56,254,148,23,60,104,147,76,8,130,14,194,24,241,147,17,161,34,109,10,124,100,128,133,12,103,188,180,97,104,176,234,12,39,158,162,89,200,94,179,189,187,198,170,255,2,208,100,188,192,182,221,120,147,25,134,67,31,168,245,35,73,121,61,0,232,11,15,195,104,209,194,191,94,101,122,11,132,2,203,31,204,110,192,127,102,94,188,215,36,95,233,51,2,101,65,197,139,75,227,190,62,157,192,143,245,11,177,205,40,107,193,57,31,168,235,176,83,222,12,205,192,157,253,197,127,86,231,73,44,134,112,154,16,164,251,12,226,100,215,101,164,233,23,118,124,90,206,161,28,130,81,243,251,231,40,134,84,214,80,229,52,95,206,142,39,64,29,175,241,33,162,24,143,38,120,157,38,130,126,128,82,222,56,13,177,232,67,53,99,207,113,133,108,184,215,124,128,81,223,45,132,67,234,151,226,239,130,218,17,64,0,168,220,191,34,64,132,122,43,253,177,104,109,71,253,139,135,61,54,242,118,221,212,13,83,153,40,51,43,210,41,76,38,79,149,21,110,102,226,102,155,134,36,6,191,121,115,175,238,10,183,194,142,44,85,255,3,202,119,111,107,142,46,111,177,243,39,134,69,5,218,107,189,206,145,72,251,225,49,82,10,207,147,25,168,220,102,168,211,124,101,185,118,165,213,108,96,188,58,194,34,1,88,48,203,46,40,220,190,110,122,121,21,110,188,65,65,254,38,147,13,224,31,35,106,109,105,217,128,76,116,40,91,221,43,107,101,175,99,70,150,165,109,242,135,255,215,105,95,79,132,251,232,51,41,234,185,42,24,135,13,209,213,99,200,159,243,211,86,200,100,186,171,182,227,26,157,205,119,11,78,127,232,163,79,111,58,65,252,232,195,164,167,125,82,203,106,47,248,12,126,47,240,184,249,231,63,62,76,1,248,7,210,134,173,203,131,112,189,200,138,76,229,79,1,162,7,126,247,225,27,122,0,132,104,105,110,51,240,82,218,102,206,151,31,153,45,121,121,137,90,245,6,227,79,103,156,16,192,179,226,61,52,55,44,46,203,78,225,56,219,35,71,246,250,118,246,216,91,206,77,215,14,203,116,160,252,217,106,156,22,86,236,246,2,177,98,131,232,133,203,59,68,17,62,254,238,59,9,143,114,77,138,183,64,199,77,205,106,174,138,213,97,198,132,91,207,123,217,71,25,110,152,244,128,87,172,118,115,18,37,98,198,112,144,215,125,67,188,101,85,179,59,3,215,89,172,186,100,192,83,114,64,129,222,242,223,238,23,138,37,83,122,54,42,135,89,142,235,41,225,149,165,217,73,43,84,86,154,11,138,103,134,26,210,45,232,157,143,216,25,106,150,245,248,9,213,122,145,61,37,104,186,193,178,224,77,235,17,129,209,65,31,129,53,31,53,78,218,118,93,76,191,157,181,105,126,248,244,191,148,49,51,103,152,56,70,199,155,4,16,157,47,40,86,210,115,156,28,163,5,221,69,5,217,104,184,209,133,89,200,123,100,183,210,115,156,254,188,166,15,230,88,236,51,67,15,212,149,70,31,145,32,82,96,150,31,129,54,26,68,34,46,227,6,105,38,65,228,56,174,76,156,236,254,160,234,71,221,96,162,249,154,52,31,38,37,246,114,82,193,166,211,183,204,78,29,222,108,81,120,48,179,74,176,168,148,35,102,145,14,74,211,89,0,192,161,172,210,147,242,245,37,126,26,37,113,149,24,159,2,229,157,252,236,203,130,122,15,158,43,99,73,135,65,228,71,83,229,37,76,233,24,163,23,176,229,74,254,216,98,219,101,199,165,229,39,92,166,234,70,243,38,92,236,40,32,145,32,185,142,37,70,1,229,69,46,133,111,156,4,203,147,67,69,51,95,180,182,179,186,136,55,47,90,231,66,49,110,162,248,234,39,128,121,140,94,210,94,185,169,230,63,42,114,123,68,16,218,116,119,113,148,24,143,42,104,153,8,177,248,231,254,92,66,240,17,171,182,154,197,159,231,43,201,53,80,228,164,149,34,84,171,139,41,139,78,207,92,97,85,250,186,67,112,181,117,19,141,25,128,237,189,187,112,89,116,45,155,4,246,14,190,210,143,63,85,4,223,111,169,234,63,58,61,86,248,4,2,239,31,177,227,65,77,29,147,86,81,223,71,33,140,65,43,85,213,139,8,62,151,211,5,180,206,98,197,90,189,207,128,19,50,2,59,176,124,66,199,140,44,64,0,115,88,203,128,17,177,240,175,192,198,145,191,38,100,125,124,170,214,114,145,17,79,216,76,8,184,138,103,143,83,211,136,86,151,46,76,67,8,157,252,247,38,154,54,97,223,57,50,117,174,255,9,210,92,189,158,249,229,176,202,96,180,208,100,99,188,162,7,151,7,239,22,82,201,112,168,246,212,117,198,139,50,36,98,168,227,91,239,52,104,190,158,249,1,1,252,11,226,73,246,239,7,204,142,61,58,37,80,253,245,23,145,10,56,169,157,183,202,146,40,125,99,193,85,204,161,0,113,15,168,175,230,115,131,75,218,64,14,170,233,66,69,59,90,244,251,232,71,54,104,212,133,66,13,174,214,111,153,37,98,144,31,122,132,103,200,169,219,67,31,151,47,110,181,180,184,173,222,102,186,210,91,174,227,67,47,68,235,19,176,239,64,76,23,178,198,129,101,208,157,54,89,231,29,122,102,161,237,141,14,153,12,176,228,69,44,88,150,163,254,232,53,25,156,247,31,145,226,219,73,137,59,48,224,180,253,196,68,7,204,42,87,6,152,2,255,241,192,49,52,35,99,71,178,222,5,154,177,118,191,224,50,84,12,218,86,232,30,120,103,51,105,190,133,219,111,177,231,51,35,253,239,20,177,144,27,179,220,46,51,78,4,126,65,145,159,174,89,208,105,183,167,105,149,43,60,25,146,5,176,219,108,100,160,37,146,69,41,118,39,73,123,84,214,82,20,130,102,144,78,206,6,102,26,11,79,151,194,135,68,49,102,162,242,18,158,254,228,80,227,41,91,192,173,146,185,104,152,254,147,30,80,86,132,18,159,15,196,192,183,163,33,108,112,6,68,235,34,121,77,214,16,189,131,55,208,104,36,9,60,174,104,177,204,87,143,198,122,151,40,64,8,94,95,220,18,58,139,99,108,46,60,11,168,118,34,141,250,186,80,152,90,202,176,237,30,157,36,125,108,176,233,57,55,79,15,205,123,131,115,246,238,25,176,237,29,148,26,132,125,50,190,24,81,141,29,147,18,181,139,41,137,83,204,123,219,0,241,0,80,146,43,57,252,163,233,39,27,147,72,165,219,117,133,227,188,163,190,185,242,251,1,229,22,64,5,195,163,233,247,31,102,210,72,139,3,210,23,68,240,163,243,183,151,17,131,84,11,229,83,10,207,106,150,41,139,101,209,147,75,242,254,216,47,69,24,174,248,29,169,248,245,243,14,205,156,53,105,182,175,196,137,54,45,216,83,199,129,105,153,194,159,252,249,191,142,90,214,20,133,60,68,32,85,242,80,239,8,162,241,27,157,33,110,115,146,55,80,230,10,54,175,140,232,53,81,234,52,60,55,244,239,57,57,198,18,160,200,153,83,216,106,169,205,35,80,205,113,51,62,51,83,0,211,70,27,155,36,106,149,17,35,77,221,64,21,180,212,127,95,127,232,47,85,237,239,26,125,142,67,204,27,134,210,96,192,50,191,242,38,94,195,166,150,249,107,134,62,24,192,127,111,118,158,222,215,242,119,245,145,210,20,148,32,163,20,153,13,193,144,39,103,197,130,77,227,97,170,180,58,8,202,129,54,27,65,42,27,13,71,25,105,175,115,61,2,196,184,198,101,152,175,108,181,134,223,158,43,19,57,27,110,129,235,197,164,180,139,222,239,85,213,121,127,103,195,184,187,203,162,1,250,7,209,138,82,240,48,100,185,213,206,103,177,227,72,22,160,11,181,180,237,249,244,165,214,105,145,57,0,203,164,3,178,171,119,116,254,124,229,178,93,210,104,130,15,70,57,34,78,109,14,141,60,43,54,26,68,32,99,191,75,190,37,58,196,46,234,145,25,186,191,121,93,96,89,237,222,213,186,214,18,61,17,139,42,242,176,226,249,188,73,173,25,137,97,204,133,125,132,91,248,29,146,81,252,246,36,217,71,15,202,158,41,103,181,181,178,242,211,220,191,92,108,128,106,142,65,231,23,193,171,195,150,138,243,23,144,161,160,2,180,138,250,228,53,240,18,203,29,115,171,226,203,2,208,56,73,66,13,204,132,57,214,68,8,213,82,188,208,82,14,150,160,196,142,225,227,17,64,29,56,16,157,22,81,122,67,180,71,220,18,174,76,114,41,68,247,195,136,31,123,129,118,158,32,164,242,2,238,47,121,162,12,174,200,126,89,198,3,170,196,137,57,73,21,187,172,171,156,16,144,60,67,22,130,98,165,237,9,159,238,59,4,195,146,78,27,132,74,10,181,183,177,215,78,233,24,151,41,108,169,214,102,84,122,110,117,118,86,203,166,197,126,101,222,97,177,196,156,2,211,97,203,113,128,84,228,68,27,156,234,152,253,215,47,199,97,190,163,207,80,161,10,164,252,121,229,168,179,70,126,242,66,216,10,173,254,16,237,231,160,207,99,198,83,244,231,51,231,199,6,161,154,185,90,116,2,76,239,31,56,187,128,115,35,1,188,83,53,89,204,51,93,194,152,241,8,223,17,210,79,244,169,7,167,143,235,194,132,101,154,182,50,187,119,94,206,2,75,117,75,126,214,235,88,152,6,139,33,135,236,183,54,19,71,180,106,69,143,212,233,15,215,104,128,104,138,144,63,244,44,177,241,239,28,52,2,89,159,149,188,64,153,7,243,207,233,152,137,1,140,63,67,180,176,245,4,101,53,55,1,240,80,228,72,15,151,189,145,33,136,57,7,241,239,55,27,17,112,138,238,190,129,240,14,113,127,57,39,115,158,22,183,232,78,242,253,240,38,127,119,139,80,227,42,86,209,108,73,19,184,180,215,84,237,210,85,6,208,2,94,189,114,157,71,254,248,255,198,47,58,38,121,101,131,70,51,41,110,55,213,219,34,24,66,194,63,162,93,165,231,2,217,129,108,146,34,131,76,243,255,237,11,179,177,165,223,81,207,150,254,104,109,148,206,29,99,72,5,139,50,33,107,148,44,111,172,7,226,66,17,164,6,233,82,0,231,29,124,98,191,189,179,220,65,250,104,26,3,147,213,85,11,139,43,131,122,141,72,34,149,45,79,242,180,234,214,222,21,181,93,83,199,50,161,242,254,219,222,80,253,179,179,236,42,70,11,31,34,96,177,62,112,130,93,121,107,202,126,22,162,28,42,76,32,87,219,122,139,92,231,77,240,3,229,92,228,77,13,213,84,216,73,7,122,103,213,79,120,126,104,181,152,32,107,196,162,175,115,127,229,38,111,37,229,109,123,101,113,127,108,65,180,192,128,85,182,170,9,157,253,240,47,122,135,112,173,208,105,197,182,211,136,78,231,31,96,54,177,64,222,245,246,40,105,60,169,225,46,72,13,178,181,204,69,253,14,168,116,146,69,211,148,212,89,255,230,196,17,169,213,83,236,22,136,85,186,206,244,240,28,156,250,193,120,237,140,35,100,134,195,102,153,16,52,187,35,76,253,231,5,176,132,98,147,19,85,225,33,98,124,80,172,165,221,110,109,135,62,49,105,182,210,141,91,204,112,152,52,85,242,45,123,96,178,189,173,241,22,148,155,223,49,89,153,33,49,194,23,55,48,13,88,171,210,121,80,206,220,252,234,162,149,34,248,98,47,176,231,36,45,111,141,58,13,179,221,23,191,134,77,159,36,78,153,204,30,110,168,209,17,34,238,233,20,69,31,93,168,78,168,229,176,105,165,111,254,92,43,74,69,55,73,186,27,236,166,151,183,107,176,155,244,118,61,2,221,38,234,26,99,80,228,190,82,111,182,207,93,180,124,121,79,223,239,17,146,14,119,94,128,39,87,1,234,214,210,230,202,119,56,215,33,144,26,142,187,36,66,5,206,250,103,33,84,231,42,57,18,93,223,57,79,238,1,241,4,222,255,239,198,34,92,98,128,75,222,28,233,153,80,21,120,118,81,112,144,57,11,28,116,165,250,226,90,242,29,64,46,60,76,233,70,26,75,17,161,56,21,156,225,49,89,247,16,202,156,10,180,206,150,49,105,194,139,39,70,4,170,6,165,239,228,182,190,176,168,63,0,214,59,60,58,73,238,239,0,239,248,29,105,40,45,84,143,220,39,253,232,216,106,141,54,193,20,25,105,166,236,243,228,229,70,4,239,16,157,29,128,104,96,204,97,188,25,44,234,7,121,93,57,92,178,217,9,171,137,15,40,230,219,77,156,111,133,96,117,23,140,245,190,31,42,124,8,155,131,202,81,219,91,147,51,41,99,51,239,181,51,176,84,148,23,168,157,134,12,215,128,129,93,131,110,141,242,33,119,123,74,254,252,187,213,69,25,32,239,137,15,49,191,50,132,20,95,172,238,255,136,188,29,251,197,145,42,58,15,101,190,97,72,151,157,108,34,70,54,138,46,124,135,65,1,238,203,185,135,50,24,189,139,61,166,151,189,25,254,106,68,240,7,218,56,70,194,130,6,152,139,189,87,219,242,108,112,4,69,130,48,82,233,254,196,70,27,105,136,219,38,232,172,149,17,161,156,174,192,198,155,200,21,50,204,222,205,69,57,129,72,41,67,36,129,85,86,80,97,147,41,100,142,20,86,236,207,13,196,102,50,222,207,2,199,231,22,194,195,97,49,191,21,19,102,95,186,221,53,200,144,50,87,179,207,96,231,58,13,157,157,224,185,58,235,15,170,130,252,251,207,110,49,90,133,241,5,83,221,72,154,136,130,55,224,94,210,45,102,97,93,193,32,119,124,252,97,249,217,77,187,139,180,53,179,58,240,191,151,68,16,95,198,177,107,137,107,174,177,176,98,144,168,107,86,207,104,70,176,223,33,120,18,128,82,242,36,137,92,225,91,204,112,152,49,96,216,113,174,199,116,161,11,131,46,74,12,224,113,187,212,133,79,229,57,89,8,247,36,149,21,151,247,112,2,76,110,82,152,13,228,49,8,205,88,227,78,246,224,72,244,255,211,65,8,237,53,56,29,155,194,212,72,252,201,138,7,185,217,15,64,176,81,80,119,70,53,142,19,158,221,54,49,88,250,13,213,138,102,166,232,73,32,157,43,101,164,231,32,131,108,164,4,189,128,76,218,95,208,135,61,254,212,92,232,78,25,177,203,121,147,75,35,145,31,117,118,126,119,131,103,158,228,64,47,127,122,104,134,196,6,65,2,168,92,62,153,232,22,61,54,243,158,245,184,117,250,154,45,237,7,245,217,68,6,215,116,150,53,110,169,222,65,55,77,16,221,89,199,127,88,217,104,176,211,137,88,194,134,6,218,53,112,151,160,147,252,119,47,90,127,137,248,116,65,56,93,235,32,72,251,251,163,142,39,36,49,199,51,97,93,188,186,102,72,19,120,250,133,221,218,62,139,42,118,102,178,213,231,160,113,0,82,184,166,251,178,214,53,42,254,91,61,141,224,47,150,106,94,184,198,112,186,169,125,30,211,178,128,119,115,64,63,35,80,235,55,11,229,228,206,131,42,229,197,29,27,125,205,98,204,101,108,168,155,140,250,13,221,107,160,246,188,132,60,200,254,82,77,161,235,97,10,175,88,195,187,187,147,82,225,214,19,244,78,171,243,242,6,82,96,50,187,126,83,229,182,50,188,123,92,201,8,61,247,231,38,243,126,218,38,110,149,250,208,35,140,49,104,163,225,80,232,50,3,229,229,199,108,56,66,255,248,240,247,235,92,240,203,9,79,130,213,191,250,4,83,187,36,230,255,211,8,214,26,28,22,46,207,209,195,168,95,240,20,200,149,252,215,7,202,103,142,247,221,3,160,36,136,52,46,249,107,18,28,85,188,153,196,149,6,178,140,30,64,233,17,210,121,48,216,226,202,251,79,74,18,10,55,172,78,189,143,59,205,71,51,220,110,118,189,205,80,241,233,162,243,215,244,248,132,210,93,214,65,28,49,111,111,55,241,225,250,171,104,52,212,221,169,62,56,234,178,187,187,99,74,3,224,53,70,13,193,20,12,189,186,202,115,84,211,81,202,136,65,42,23,43,70,236,5,94,107,178,139,7,106,75,65,14,206,161,104,154,22,174,230,66,31,144,26,112,152,17,186,149,33,34,155,233,200,63,249,178,131,224,202,17,39,203,213,113,65,162,214,101,169,242,191,53,40,71,244,145,211,123,46,30,35,31,195,136,93,224,182,175,223,112,165,245,13,173,173,77,107,110,131,84,103,32,78,226,53,198,5,69,229,49,76,213,63,214,115,124,135,70,248,11,183,197,74,16,106,44,8,193,86,89,139,236,187,95,119,120,114,54,99,154,249,76,50,104,143,57,219,216,138,227,242,222,58,64,212,210,232,230,136,172,87,200,77,129,236,153,232,156,126,47,53,39,195,205,152,1,228,219,215,143,212,31,74,238,60,73,253,208,131,11,251,210,93,169,235,229,88,188,145,133,136,100,156,17,82,115,186,81,167,189,156,227,42,108,181,208,127,122,137,65,16,184,207,130,107,183,209,95,185,169,243,187,59,253,132,215,46,28,142,169,89,116,99,156,209,63,153,137,14,105,59,15,79,254,201,155,8,173,199,199,175,181,167,67,76,25,126,108,66,164,40,8,131,39,63,151,141,0,194,200,144,181,86,178,85,150,36,32,164,215,100,93,136,197,90,101,76,143,173,205,136,253,86,93,136,163,91,72,243,205,3,101,47,69,58,17,171,141,70,29,135,94,190,176,136,51,109,157,154,149,22,100,199,202,115,154,25,121,21,135,63,47,68,230,84,152,172,190,61,240,251,204,82,72,126,163,27,114,112,233,90,240,248,252,145,181,245,162,181,146,32,114,96,189,197,133,71,19,156,4,202,136,58,35,95,239,4,197,133,221,87,244,200,166,108,128,113,131,86,181,124,144,85,216,2,245,119,80,212,29,92,66,139,6,178,201,243,158,146,15,97,166,93,237,252,211,190,220,105,140,67,191,46,138,225,248,204,111,160,181,47,212,37,206,219,201,114,80,121,6,66,242,248,215,102,188,198,96,54,176,151,213,223,208,125,59,57,214,21,138,111,62,253,197,136,228,31,168,198,155,32,170,217,202,245,203,99,230,54,194,46,43,234,214,98,100,216,17,43,239,33,79,253,139,247,223,52,80,163,100,50,10,29,236,149,13,126,238,165,112,129,134,47,85,139,24,118,117,31,110,188,129,80,245,20,195,195,171,221,60,51,92,237,71,29,123,89,1,207,100,166,122,128,122,54,93,73,234,50,65,28,98,117,163,27,134,250,11,51,27,113,69,228,170,175,189,166,114,0,86,166,211,104,20,84,244,247,105,71,13,146,240,201,166,132,92,224,97,170,97,165,208,110,127,70,196,212,233,46,93,200,105,143,5,253,223,93,197,125,123,102,182,127,137,250,105,40,19,185,138,38,145,79,191,1,86,66,236,145,158,215,75,159,15,104,31,6,120,139,21,134,113,176,154,111,12,37,159,195,163,229,31,27,152,45,123,109,93,241,15,79,222,137,107,145,183,200,163,186,222,6,219,61,22,53,73,26,181,193,97,229,53,237,63,199,156,45,103,129,26,126,72,242,188,206,138,46,65,193,19,24,10,139,248,132,0,217,15,45,14,100,81,157,189,167,230,219,117,90,188,89,211,75,227,248,219,10,136,33,108,115,174,139,181,67,193,175,169,203,162,27,89,49,196,253,19,85,238,39,106,182,181,201,74,51,195,130,131,45,70,4,235,56,43,85,232,27,134,70,22,144,35,108,161,27,154,35,133,48,75,152,237,24,194,166,226,49,85,214,86,212,110,137,47,113,153,216,52,66,13,192,182,218,106,185,219,76,239,25,168,1,245,19,173,202,116,121,103,137,82,244,19,123,228,166,189,148,32,5,71,217,64,27,49,33,244,120,77,249,243,222,35,42,111,109,142,214,230,36,40,42,213,210,255,155,2,233,0,226,16,87,178,87,133,4,246,2,55,46,100,152,37,47,60,220,253,17,20,43,103,68,151,196,133,94,121,12,175,159,37,96,156,219,174,3,80,96,69,166,216,125,126,71,233,42,110,62,25,108,148,64,76,18,188,168,222,95,238,45,103,156,0,210,65,11,188,216,130,139,101,174,212,146,85,20,196,133,68,9,199,156,20,181,181,215,62,4,217,98,65,146,244,234,34,231,220,91,195,7,107,161,215,32,58,83,125,113,159,37,94,63,9,171,191,116,194,32,136,78,243,231,23,110,193,146,69,13,166,2,210,115,70,51,2,137,98,192,98,158,125,9,55,15,39,222,29,139,60,3,179,120,154,219,59,84,240,201,51,99,189,108,129,212,4,75,45,25,162,234,15,75,7,223,99,181,131,127,101,56,173,76,206,102,79,22,105,143,117,167,223,207,127,124,48,126,38,123,96,175,107,167,254,7,201,72,48,82,149,71,174,229,81,249,180,77,27,172,244,14,127,100,210,119,63,70,217,64,98,222,56,196,162,19,106,206,54,73,244,242,161,5,228,86,220,14,224,69,190,211,31,147,56,25,60,77,11,170,206,23,17,32,241,212,61,31,35,0,216,12,124,221,185,74,186,164,2,181,197,103,81,195,36,28,63,70,18,9,184,198,112,157,199,116,52,246,38,213,233,44,245,131,0,209,137,74,20,187,145,199,119,159,36,143,76,15,93,186,190,96,111,176,214,33,99,46,246,115,175,130,106,180,194,172,213,107,102,222,201,120,135,39,88,134,77,222,42,35,91,138,21,149,54,30,99,189,180,76,113,254,88,160,226,105,172,98,79,199,23,81,243,177,241,199,8,86,235,242,20,69,199,112,130,57,67,33,144,64,17,214,62,40,18,129,57,43,251,218,121,84,239,37,140,104,149,243,123,224,14,160,253,109,13,134,57,48,242,221,190,109,112,115,49,46,205,245,139,50,248,26,40,112,162,26,126,229,24,120,119,100,150,211,167,112,153,28,138,35,97,142,99,173,244,0,205,142,47,92,140,97,162,26,59,87,98,115,71,178,221,64,224,155,83,185,41,216,42,81,142,82,241,29,84,241,231,31,33,6,198,64,224,176,64,181,109,188,190,145,24,81,13,193,143,84,5,228,235,50,54,60,177,65,143,8,202,127,60,10,115,168,177,185,219,93,175,244,174,255,106,89,150,198,162,242,203,218,153,66,217,96,176,189,63,44,112,178,199,79,29,140,195,13,42,52,52,228,87,165,29,141,95,183,71,26,173,156,58,241,24,134,59,199,148,54,94,196,88,1,223,238,60,207,131,119,135,23,65,48,102,151,22,138,79,189,185,149,31,31,167,182,234,40,141,44,233,51,97,130,136,7,215,75,235,183,195,169,6,204,62,79,245,173,6,135,93,219,47,248,25,167,213,76,180,228,62,24,182,221,91,136,93,181,189,45,205,235,245,3,213,56,20,85,242,252,196,128,132,98,161,30,47,123,245,184,121,28,160,247,186,12,4,251,155,29,153,17,192,154,28,82,27,6,169,219,92,167,237,239,185,138,207,28,62,74,7,8,62,153,232,22,62,66,17,147,56,235,89,169,204,76,40,92,172,197,125,145,3,202,137,98,229,96,231,57,44,85,255,14,229,91,228,39,84,6,225,40,83,160,14,106,58,35,66,62,21,123,61,136,116,251,95,73,153,0,5,244,32,152,43,254,251,219,74,134,196,8,155,253,137,97,197,159,206,132,7,98,171,172,0,207,79,194,250,30,254,85,102,66,61,60,24,131,14,214,102,158,38,141,74,187,195,131,82,111,9,55,16,178,199,99,149,211,124,85,138,44,130,118,117,104,187,99,243,233,23,120,125,48,118,96,203,60,22,78,166,23,3,93,208,8,74,161,218,73,24,137,28,106,158,19,139,99,152,157,207,111,62,206,80,130,89,145,31,91,195,161,36,156,40,131,105,155,11,230,84,1,247,15,166,227,43,110,75,138,16,75,128,50,16,179,60,162,153,244,231,240,229,167,93,145,15,187,88,151,153,222,215,244,150,153,63,209,122,131,86,242,1,229,232,18,207,117,19,42,87,161,15,240,1,240,24,123,16,152,12,200,122,69,54,243,156,238,170,167,212,65,242,103,31,192,204,102,97,179,186,135,62,53,108,174,235,77,30,126,101,220,95,219,127,133,67,9,152,141,170,169,202,130,198,35,4,186,96,168,88,3,191,89,199,97,172,216,122,129,82,224,71,254,220,67,31,116,118,113,142,70,21,175,166,99,41,46,10,88,186,81,250,215,111,140,35,104,229,99,173,190,185,104,231,24,152,33,137,18,215,69,187,137,52,34,134,90,232,26,102,36,67,2,213,4,166,98,131,46,54,232,10,57,175,94,185,99,216,240,23,174,248,231,183,183,154,242,191,227,190,177,212,97,158,240,225,104,157,37,109,131,105,157,19,103,207,45,11,208,50,215,17,160,208,234,217,78,181,131,43,212,215,46,71,173,247,3,230,249,2,180,187,79,123,104,92,139,176,65,178,119,157,26,125,84,155,47,91,193,189,200,156,198,162,228,47,215,207,229,6,207,114,99,147,217,119,70,251,21,174,144,224,82,173,103,97,173,166,101,102,168,168,175,255,164,2,202,110,44,99,201,166,235,227,96,194,32,245,114,91,190,70,47,29,183,193,194,142,194,167,6,145,91,142,66,8,180,90,218,101,211,101,117,171,227,227,91,115,152,57,66,216,224,98,217,110,160,203,130,106,129,89,111,181,139,106,166,19,155,153,33,151,222,115,71,24,134,58,202,138,85,3,213,36,158,10,109,197,73,20,181,161,162,28,157,244,238,206,151,36,101,208,144,66,209,129,74,0,101,37,227,0,188,162,152,160,247,175,146,156,125,254,145,23,193,178,172,186,184,196,27,4,69,227,38,15,193,82,130,75,203,161,234,254,180,35,164,109,10,70,163,26,164,223,47,244,121,232,154,219,9,80,155,10,125,228,236,203,29,57,231,40,96,107,197,108,134,250,241,242,238,214,64,219,33,111,113,153,34,152,48,36,232,155,222,48,85,238,158,125,221,189,127,100,179,159,224,244,22,122,95,208,126,85,222,187,155,52,80,213,97,39,27,158,251,95,100,183,151,226,243,31,246,228,74,9,204,158,22,106,79,1,238,21,181,185,190,107,207,234,252,219,91,179,230,26,178,217,15,195,140,120,86,216,45,80,11,237,71,62,74,248,234,41,128,141,104,216,115,121,74,120,234,149,234,220,216,4,207,44,214,19,84,129,12,111,146,35,35,157,228,32,44,91,180,169,167,204,53,9,159,242,38,102,149,52,248,54,42,99,193,169,176,190,204,53,241,31,69,158,188,158,211,222,253,227,245,200,176,125,120,137,66,45,80,248,191,212,217,48,68,37,76,231,56,71,250,238,150,7,167,231,58,23,191,129,224,5,206,34,32,90,100,178,120,82,218,47,94,210,129,83,218,49,90,221,101,199,93,62,152,231,23,152,156,128,46,64,27,51,26,7,65,230,18,177,118,61,167,181,84,125,252,104,208,30,148,52,64,52,61,51,1,201,170,230,190,40,93,144,67,86,207,133,89,186,83,204,111,160,240,226,95,119,18,141,208,54,39,74,217,179,59,108,194,118,107,78,246,226,31,68,246,186,131,76,240,231,39,147,74,34,151,42,88,203,139,102,208,144,77,7,189,157,222,188,115,107,158,114,32,13,159,178,179,53,102,136,52,243,7,175,183,123,81,168,188,158,219,60,36,147,74,248,239,25,138,59,38,116,117,114,125,111,178,215,119,77,201,112,139,194,16,136,72,6,168,198,64,46,49,42,217,56,61,35,125,64,8,130,69,54,76,182,116,144,174,48,211,79,231,82,223,179,129,86,171,205,104,166,10,183,177,212,88,207,106,171,208,98,175,213,119,132,106,148,250,230,51,88,238,53,95,210,103,158,13,204,145,78,29,158,249,232,250,189,127,108,126,180,212,53,105,249,27,105,129,212,73,11,187,180,156,246,199,126,142,21,163,167,223,110,97,167,15,191,88,106,138,34,101,63,200,155,206,62,196,61,107,145,65,44,108,158,30,181,227,58,71,29,157,12,209,127,118,129,120,162,10,198,168,25,180,199,164,30,145,50,96,209,206,104,170,245,30,165,246,12,176,193,145,189,178,213,43,75,35,132,57,50,173,123,88,202,242,84,215,94,117,119,166,237,203,132,118,27,123,148,250,231,57,96,227,88,0,4,204,121,161,30,166,26,180,181,182,175,213,18,173,252,139,43,131,89,102,48,70,213,115,206,116,119,86,204,117,153,36,104,158,12,176,200,128,106,147,27,128,53,57,82,20,199,166,249,237,11,197,171,7,239,44,100,166,226,43,53,62,75,16,206,158,33,118,114,151,66,44,122,155,37,100,168,218,39,100,206,137,94,231,63,33,120,148,56,80,16,193,144,35,95,237,8,156,130,38,74,1,185,172,244,225,168,100,25,20,72,245,132,65,11,190,208,130,113,178,237,17,160,14,225,79,9,234,63,21,147,26,149,60,55,83,217,97,113,29,112,112,122,0,133,101,113,84,131,1,32,118,163,19,177,250,21,168,15,210,115,174,249,0,7,43,79,247,9,202,144,35,74,205,45,243,250,115,1,170,238,245,246,16,98,104,24,134,72,44,119,112,133,89,202,121,110,167,220,65,16,189,94,87,194,120,99,70,180,217,22,102,77,160,64,23,200,159,7,220,96,214,98,204,143,70,18,186,200,170,234,69,32,133,100,202,159,7,222,88,230,50,93,219,97,193,175,232,59,58,101,37,98,192,190,202,133,92,192,147,52,247,140,35,85,203,12,98,206,54,8,104,81,45,72,29,163,4,215,117,174,234,36,142,97,206,123,137,114,169,231,66,62,58,53,90,250,251,241,38,151,41,103,198,187,192,162,17,214,205,106,170,12,216,90,219,65,239,221,253,132,70,143,174,163,2,186,169,247,175,130,202,111,140,91,241,0,214,101,166,229,44,112,131,77,234,47,8,90,186,144,25,36,26,165,178,148,196,61,106,146,59,68,51,73,23,182,222,72,26,172,248,251,2,240,28,148,76,18,173,237,50,99,187,195,178,233,39,123,134,113,143,69,42,135,77,11,214,119,126,121,144,157,249,250,9,220,99,186,191,153,9,211,26,35,94,166,215,234,200,154,209,52,227,224,130,75,21,190,185,184,209,155,40,108,183,233,59,49,102,220,112,148,59,79,1,225,88,5,235,35,143,92,233,39,132,130,121,121,142,95,213,101,204,170,75,241,16,201,175,244,7,216,75,211,49,38,114,96,84,172,107,252,102,106,182,188,62,0,235,14,176,239,31,120,110,158,251,232,37,137,56,45,76,9,121,8,176,175,191,50,238,41,38,53,224,232,104,157,42,110,158,40,124,115,165,9,206,153,45,95,225,73,13,219,95,199,157,18,176,237,45,97,224,98,194,187,191,170,4,243,14,213,187,159,7,227,72,11,205,112,131,99,106,50,48,47,60,187,84,246,189,113,42,9,6,193,191,200,148,78,9,206,155,37,123,151,53,73,41,113,150,69,33,130,118,148,45,129,125,115,173,239,28,176,228,61,85,82,220,81,9,221,79,1,210,92,245,224,22,144,54,90,251,7,235,54,59,34,129,122,153,45,124,130,76,242,252,194,142,64,60,71,49,106,186,176,194,163,18,197,183,219,105,151,16,162,209,96,197,166,11,228,101,208,109,141,65,50,101,206,132,92,189,159,246,211,99,224,94,187,166,246,243,254,224,83,216,77,235,246,252,25,184,171,213,103,158,254,225,82,221,63,22,115,123,120,151,71,44,112,176,206,105,174,245,45,121,138,83,218,61,85,207,71,213,58,46,49,69,42,62,144,172,67,151,190,146,175,192,153,49,100,170,218,91,196,138,63,61,28,129,80,254,156,159,236,252,214,237,190,185,119,68,178,116,198,128,123,125,109,179,215,94,225,92,207,142,84,234,63,60,50,104,203,132,111,244,244,8,221,95,221,77,2,204,79,191,89,113,128,225,181,141,69,241,3,232,218,0,78,228,41,109,175,237,47,102,194,144,39,129,118,146,61,51,56,44,78,2,141,202,105,131,65,173,127,118,63,236,186,91,16,161,18,199,148,38,131,124,142,58,68,45,121,121,141,95,226,62,61,79,20,166,5,242,29,141,81,15,199,142,77,26,159,6,227,87,241,17,190,189,200,139,86,6,241,15,201,170,248,251,7,236,41,105,190,202,143,53,86,0,247,253,0,6,62,22,168,20,189,172,230,36,102,186,103,62,15,147,16,62,204,145,238,221,231,211,169,212,123,145,66,28,162,29,154,22,183,224,77,252,6,250,8,203,153,69,55,62,62,85,5,211,130,138,96,196,175,253,242,15,200,154,121,103,173,240,56,87,224,77,235,241,132,32,88,227,27,221,89,165,24,235,68,250,6,147,16,247,61,242,196,143,211,131,68,2,41,89,0,171,85,157,185,171,10,140,40,142,69,199,30,110,117,108,42,7,224,1,165,145,214,158,247,19,196,180,200,158,38,147,42,121,147,74,7,226,92,243,12,209,135,106,165,8,232,77,254,253,4,246,2,241,44,211,88,219,97,217,120,125,118,114,123,98,72,17,187,122,92,242,25,123,107,255,130,64,17,29,211,89,214,12,177,246,250,162,253,9,98,167,17,131,75,8,224,84,254,10,213,94,184,191,186,197,172,4,231,30,124,95,198,60,33,168,214,229,55,59,61,1,228,32,167,250,167,139,55,190,156,12,76,112,204,96,181,129,79,245,176,197,188,173,111,17,168,216,74,7,197,125,118,72,243,43,81,121,131,112,83,18,89,201,175,214,245,126,97,174,199,143,46,67,37,74,28,8,180,210,122,96,144,12,50,2,136,87,234,30,152,17,183,116,112,182,193,46,217,74,201,151,90,197,165,249,216,249,218,68,33,110,103,154,1,217,115,150,19,157,16,165,231,33,133,67,10,182,196,179,212,132,71,227,48,108,198,167,8,229,40,92,212,127,136,87,242,32,113,127,89,198,143,227,58,85,128,77,31,133,227,187,166,181,212,171,222,60,9,180,183,201,178,240,44,113,138,55,73,49,115,163,9,184,173,202,88,210,134,95,182,181,201,121,110,142,62,23,143,37,70,8,233,66,15,170,232,28,131,78,255,214,83,217,42,96,231,52,56,45,95,182,180,188,196,162,235,18,161,218,58,31,85,86,119,124,111,149,34,123,113,142,55,61,43,96,194,158,9,199,142,57,55,62,40,107,160,2,219,80,241,15,181,196,150,33,128,99,186,179,201,136,75,2,219,80,243,10,196,151,31,135,78,248,250,244,6,208,113,142,56,59,48,81,239,21,163,249,248,249,246,1,223,34,20,166,227,51,222,42,125,119,105,106,124,90,243,33,136,44,123,144,225,214,96,195,153,22,161,1,225,64,33,127,102,178,205,122,116,134,81,238,25,152,25,150,31,134,81,240,19,170,228,54,64,33,127,101,180,199,142,56,57,55,60,45,92,206,119,126,105,168,233,40,107,161,255,230,47,85,228,54,65,31,133,82,237,28,143,55,62,40,72,223,67,20,124,74,181,212,88,243,3,194,172,212,110,77,6,179,251,254,138,176,27,89,56,224,79,194,138,22,21,107,123,114,86,87,94,53,187,59,182,49,213,75,47,44,135,251,228,93,147,18,206,131,10,45,183,68,190,67,201,150,231,15,247,24,35,112,100,149,23,124,6,222,39,104,66,39,30,23,131,55,37,254,138,84,163,191,67,192,224,49,98,216,124,110,167,1,249,247,14,201,148,38,128,117,153,24,172,248,101,164,251,16,208,116,142,32,157,23,94,211,26,34,96,159,237,168,141,77,186,123,14,93,10,180,219,102,189,172,241,35,150,35,143,80,16,180,218,107,184,188,192,177,218,87,239,35,210,91,210,124,130,111,150,44,47,200,81,208,159,12,66,174,170,107,82,240,188,208,42,229,174,103,50,35,103,108,142,21,173,226,84,255,215,133,47,67,141,15,150,19,156,31,148,62,35,53,198,148,36,130,50,82,214,132,97,113,247,87,100,92,104,90,229,251,210,175,239,157,3,170,193,149,3,114,152,248,245,155,28,65,188,164,120,110,151,172,81,59,75,239,17,190,68,49,91,146,54,241,173,210,238,11,190,55,177,20,164,218,243,49,59,2,79,189,142,103,180,72,157,222,209,33,131,3,254,156,165,237,212,241,245,138,38,190,152,248,5,218,107,185,166,24,119,106,23,111,116,122,102,194,171,250,240,224,253,237,247,6,228,51,42,107,139,59,30,95,174,252,251,164,94,35,255,139,219,1,239,220,47,151,55,198,137,25,116,124,79,142,68,242,5,106,120,118,169,251,19,199,130,76,9,239,41,137,100,168,210,135,89,154,240,29,150,44,134,60,254,182,168,228,184,47,43,97,188,133,47,4,225,33,137,9,236,30,37,72,164,209,62,248,228,89,226,238,132,211,35,8,168,176,196,7,75,197,244,41,26,40,117,172,253,220,83,164,221,221,215,35,19,76,237,39,32,233,130,226,226,212,21,180,142,26,215,121,0,216,44,62,31,101,86,208,71,251,233,60,66,62,78,12,186,172,243,28,170,255,3,202,117,118,134,116,146,78,232,254,223,89,225,49,67,33,112,134,72,24,137,59,34,143,39,135,71,246,17,166,246,190,204,54,171,11,70,169,79,105,70,33,135,178,158,122,57,25,156,171,172,1,112,179,169,36,152,204,14,156,235,9,83,142,75,193,102,75,168,42,88,249,3,219,98,204,142,65,76,34,133,122,126,106,179,215,102,184,228,72,18,214,191,147,43,119,156,46,88,227,45,75,14,114,247,38,244,160,104,29,41,118,136,179,184,197,75,108,202,10,94,47,199,43,113,151,121,131,53,60,197,158,188,62,12,156,248,135,239,37,48,23,57,220,142,39,134,111,152,46,95,199,168,12,193,182,201,136,98,221,78,14,192,164,13,222,73,24,161,1,241,35,150,35,140,71,16,204,161,1,245,30,136,95,227,60,71,43,101,199,150,33,151,145,30,144,86,234,38,124,84,0,237,221,86,146,188,146,8,179,85,134,98,122,58,209,22,223,52,91,240,51,76,20,193,166,242,33,160,38,114,163,20,175,215,113,173,253,239,45,117,139,68,45,122,150,34,146,69,26,150,55,94,210,109,179,230,60,49,101,206,146,44,101,181,218,116,155,20,188,197,155,18,192,193,19,151,31,150,55,89,218,96,178,157,127,42,71,64,45,252,88,34,68,119,35,134,31,115,90,164,222,65,191,118,74,230,56,250,26,150,188,129,249,210,56,22,198,59,63,53,64,52,59,57,238,2,255,231,189,46,78,191,182,4,210,94,161,237,19,197,176,197,134,85,214,84,220,86,207,104,154,236,25,142,81,4,253,255,226,53,90,229,90,243,249,234,20,131,100,192,185,167,194,153,57,61,29,126,109,142,46,76,2,203,112,98,48,50,86,193,176,143,127,121,115,110,182,126,145,35,146,36,94,217,76,4,148,19,121,234,249,247,249,206,84,150,63,48,72,6,164,174,241,31,137,57,211,82,16,190,140,90,115,211,77,189,192,131,193,236,95,76,244,2,156,150,25,172,247,232,167,217,73,251,185,85,163,122,101,149,59,255,7,126,248,223,34,101,63,200,156,205,65,187,86,30,127,149,66,36,159,31,141,104,197,148,55,88,254,233,55,87,252,241,33,148,58,54,83,252,245,4,230,68,122,100,184,203,145,47,94,185,137,187,144,75,238,11,181,94,211,34,10,124,84,131,49,231,52,113,135,236,31,246,39,9,169,239,254,242,213,114,115,45,206,233,247,234,193,171,148,143,146,180,108,56,232,57,254,202,200,166,120,112,99,152,15,147,193,192,177,184,163,153,140,176,68,221,45,119,30,211,76,192,183,161,106,230,90,130,94,231,200,117,167,238,169,105,154,217,104,229,36,135,82,206,23,128,83,242,252,191,145,41,132,116,170,250,21,157,3,244,35,159,23,167,221,62,25,109,145,62,57,76,243,251,254,24,185,166,223,21,22,18,29,99,197,138,66,239,205,148,54,68,7,119,167,166,242,233,47,105,164,215,99,162,247,236,245,237,63,1,234,44,75,115,249,102,117,99,230,54,196,40,61,180,121,123,25,186,152,54,225,136,44,32,151,255,79,53,53,33,140,70,30,120,161,219,79,163,251,15,79,222,107,162,139,195,140,2,237,87,205,141,65,1,127,74,245,13,169,182,173,205,127,123,139,93,244,42,96,179,206,142,84,4,1,244,248,239,6,163,234,43,126,143,88,230,57,51,57,62,68,59,85,247,21,148,23,133,125,90,196,135,213,110,176,148,66,153,249,4,203,125,62,226,93,237,17,89,255,152,39,65,192,115,253,90,68,221,44,140,68,153,168,189,52,249,252,152,80,254,220,74,215,22,187,195,156,255,140,47,50,88,226,75,240,57,20,166,172,227,24,164,10,194,126,112,123,107,144,11,172,3,174,201,145,79,10,221,99,207,108,153,54,85,251,8,226,44,68,63,20,149,20,46,100,207,54,93,73,234,49,67,22,115,66,61,78,238,194,194,80,254,188,81,193,18,28,89,192,157,142,171,80,204,134,49,95,130,170,245,220,75,210,96,206,131,111,102,34,73,240,11,66,235,9,192,67,234,151,180,200,139,65,32,131,89,216,90,213,98,188,173,218,83,233,39,110,152,27,146,45,92,205,123,114,141,60,45,90,213,100,182,193,161,1,224,66,28,142,56,58,51,72,10,197,146,43,97,191,165,243,10,195,152,27,145,47,86,224,66,29,140,62,40,105,166,241,16,142,207,116,121,111,49,69,18,160,254,234,67,157,163,251,243,10,195,153,24,156,15,180,198,144,51,72,11,194,155,16,177,208,115,138,69,20,166,240,18,171,225,63,38,113,144,50,75,1,222,71,14,184,185,184,187,178,203,130,93,203,129,96,193,159,6,208,115,137,71,12,191,166,241,17,176,210,109,154,19,168,234,2,179,199,136,32,94,120,132,46,65,162,118,42,89,93,166,133,4,190,204,145,15,144,54,75,136,34,125,104,128,62,216,101,138,36,19,152,12,30,246,205,108,58,49,217,37,92,240,18,106,187,146,21,132,237,24,134,22,228,48,68,239,9,210,120,144,34,109,37,128,123,50,103,40,76,13,177,204,81,167,13,221,64,205,163,172,243,0,237,238,7,189,51,84,253,173,246,123,82,250,232,38,53,196,142,63,5,189,188,165,251,181,227,206,94,117,162,204,78,107,106,121,89,107,94,178,107,177,194,144,208,86,215,17,209,18,187,207,128,33,8,234,64,57,62,239,55,189,163,227,26,90,16,54,71,17,170,195,129,46,131,76,23,151,6,225,54,72,200,119,77,109,98,149,10,72,131,3,205,255,191,56,234,13,223,95,201,149,237,40,67,0,102,43,13,177,82,197,38,11,51,16,148,82,241,145,194,111,30,59,53,236,65,247,198,191,77,226,218,240,176,193,123,122,121,140,94,183,229,17,175,124,69,239,10,95,175,247,217,98,202,171,227,98,167,227,83,110,160,6,216,80,224,78,214,18,234,169,237,30,131,56,35,72,52,58,76,247,230,65,23,166,176,192,114,0,83,176,179,247,4,91,101,135,214,18,176,123,148,0,173,10,110,127,1,122,19,152,247,7,213,125,130,75,40,70,16,91,167,202,123,13,163,27,101,169,254,250,4,245,29,127,86,230,72,30,153,52,90,195,128,140,46,72,250,124,120,145,240,47,210,77,10,187,175,168,162,28,176,199,53,92,65,240,241,197,99,43,45,68,15,86,179,61,241,241,61,49,211,251,196,29,61,45,3,251,201,131,63,23,54,219,57,145,30,100,193,170,2,242,251,25,117,129,17,190,179,173,236,20,173,145,24,188,184,146,21,38,233,209,100,58,13,79,164,2,186,174,112,103,158,15,214,136,98,216,119,119,111,157,42,141,86,246,25,135,53,94,211,43,54,44,78,253,2,253,2,247,242,2,243,41,124,136,58,37,100,188,208,124,129,135,61,28,128,236,42,124,47,112,13,157,25,141,57,12,119,157,46,76,166,9,58,5,180,125,61,157,210,78,37,121,251,130,46,225,241,19,82,15,149,71,18,172,220,246,125,198,225,80,215,92,130,77,214,105,176,228,38,150,253,235,206,121,150,187,156,51,76,142,184,175,155,34,184,171,243,17,147,202,105,152,37,98,140,44,91,251,11,180,185,188,161,243,0,237,10,183,173,229,11,168,111,16,92,197,25,113,33,46,101,143,47,237,239,2,211,127,122,102,165,250,231,34,113,159,16,163,234,22,157,22,163,247,24,167,176,165,229,61,72,32,167,254,238,13,179,230,71,50,93,208,97,174,191,206,99,138,186,40,58,34,27,156,231,21,40,227,227,45,222,32,21,83,10,212,80,220,239,137,182,134,50,122,123,243,154,231,182,114,144,221,112,118,145,243,241,84,37,57,239,14,86,250,222,52,147,25,115,148,45,104,155,56,23,145,194,173,234,64,18,102,178,168,244,28,138,37,121,96,186,162,212,79,24,110,145,75,25,169,2,252,234,27,173,245,22,185,205,107,136,116,113,97,51,184,127,69,65,38,244,153,234,172,144,53,235,68,247,24,100,37,209,234,123,203,20,132,172,205,88,229,60,59,34,164,211,87,81,192,130,81,226,78,6,233,32,79,176,214,63,47,106,162,220,84,206,113,126,64,10,230,4,209,146,76,32,161,23,146,29,148,75,36,154,50,95,182,168,20,146,254,92,64,234,9,244,34,161,185,252,194,65,73,250,50,210,115,102,146,58,215,127,58,14,77,250,224,3,247,180,208,100,194,112,112,47,65,16,19,23,106,151,183,186,63,0,212,142,21,162,169,232,74,160,235,67,25,37,243,253,178,221,134,65,50,83,202,34,95,181,205,105,120,157,188,67,12,99,52,191,66,30,77,250,110,82,43,82,247,214,104,147,176,132,61,88,134,64,181,173,89,19,145,89,196,150,106,77,237,4,180,178,158,124,58,28,147,53,201,250,100,124,81,27,172,1,153,93,156,177,249,232,103,52,78,211,75,15,88,253,193,121,13,187,159,197,176,136,81,224,78,204,93,103,154,4,55,172,170,214,251,239,160,219,66,69,242,12,107,162,28,43,75,35,122,3,91,196,92,223,128,81,255,236,1,127,74,246,10,179,153,57,233,189,159,172,91,74,160,5,151,25,17,105,228,39,121,89,248,230,228,52,79,145,21,196,156,160,133,33,102,216,71,15,0,140,48,58,20,146,252,96,50,40,116,103,188,105,226,25,125,92,183,155,5,221,82,2,245,245,22,146,70,10,174,233,30,144,242,251,196,10,52,183,141,40,10,223,74,19,114,150,248,227,188,41,17,163,125,68,168,154,51,90,190,145,209,228,167,92,61,241,239,66,34,255,120,77,130,14,187,91,246,228,71,209,86,37,179,145,232,34,24,180,176,190,247,238,243,20,177,234,58,35,159,225,50,222,90,226,86,207,47,87,185,192,183,185,152,35,99,178,187,137,48,118,84,226,101,220,101,211,120,111,134,91,251,27,170,6,223,52,45,133,64,244,120,233,152,139,7,175,4,222,204,16,132,222,250,247,165,21,132,113,87,74,98,56,145,138,217,51,158,249,211,115,147,67,48,67,65,252,220,192,115,106,153,9,216,103,198,137,19,100,185,148,47,107,158,232,50,55,56,41,61,20,202,98,199,154,64,54,106,143,7,65,142,167,184,164,241,146,160,115,85,204,120,26,101,38,61,21,158,138,18,149,28,46,42,216,240,19,170,229,50,77,252,238,24,155,16,178,205,123,114,140,62,39,110,153,24,156,15,181,196,149,34,123,113,144,51,72,9,199,142,56,57,55,62,39,109,155,17,177,209,113,144,49,80,243,10,196,151,30,138,70,18,173,219,82,236,30,138,69,19,171,226,59,49,45,241,16,165,226,198,147,254,208,91,199,139,204,23,159,6,207,116,134,79,245,3,217,88,219,80,242,12,191,167,238,24,154,19,169,232,43,97,190,167,236,29,139,67,26,147,42,102,177,206,119,124,109,155,16,179,201,134,79,245,2,219,81,239,20,166,242,13,187,178,205,123,114,140,63,36,118,127,100,181,195,153,245,217,87,218,43,61,218,95,126,249,178,169,128,2,1,203,19,111,152,113,127,112,103,158,236,31,77,27,112,17,48,210,92,217,58,62,214,130,73,127,57,220,102,215,107,139,139,42,134,97,159,225,65,41,13,171,250,243,253,167,221,101,179,188,71,130,52,71,10,153,242,189,191,153,47,78,225,81,228,62,223,79,166,95,52,215,61,145,154,177,207,223,103,133,54,185,101,176,118,151,234,187,127,10,214,247,207,233,248,230,207,129,55,32,251,157,7,114,164,196,46,39,16,197,49,123,49,90,193,139,213,104,186,211,102,114,178,204,25,194,159,39,94,82,246,24,91,252,174,228,37,95,89,222,90,244,2,158,48,85,142,93,110,166,15,191,98,69,51,101,204,134,22,159,19,133,78,144,60,6,179,64,207,112,55,86,173,117,84,139,82,136,117,64,44,75,236,180,205,139,96,190,106,205,125,6,250,246,35,107,43,108,181,131,131,22,170,211,85,119,132,105,199,136,10,234,36,31,174,144,64,47,49,243,40,121,96,171,150,62,49,63,66,58,69,201,153,0,221,204,241,222,52,227,68,206,9,129,62,195,57,92,185,72,207,119,200,169,246,234,14,110,183,198,129,125,136,90,138,85,204,119,254,91,152,209,254,162,218,238,183,226,39,253,176,211,191,150,43,54,50,49,81,184,217,52,199,16,49,63,47,56,66,203,165,223,189,127,10,220,116,148,17,251,219,115,169,2,245,20,76,238,35,82,206,241,189,166,147,64,240,171,177,116,153,180,236,201,146,58,47,103,164,254,170,211,116,90,173,114,139,45,28,172,150,41,142,228,66,42,96,210,98,196,54,180,153,22,155,232,6,129,108,116,138,85,170,117,168,237,16,85,182,252,97,134,37,75,89,33,81,101,59,216,59,206,82,233,15,217,99,146,15,46,6,206,30,162,202,28,94,108,176,113,169,100,157,233,35,95,165,164,52,202,138,72,5,176,187,128,141,47,110,147,20,184,175,219,15,161,208,229,163,202,114,41,114,100,154,142,230,44,2,243,214,249,199,49,96,94,242,201,145,30,116,26,155,36,150,26,76,6,178,217,241,249,55,95,181,76,8,225,0,13,120,132,69,255,122,123,131,120,118,57,65,1,236,198,170,108,152,178,237,43,75,235,194,16,33,239,220,7,94,129,60,201,39,145,28,33,69,21,237,4,249,9,166,202,134,90,90,70,127,213,41,60,7,38,184,140,181,75,168,202,31,93,226,123,242,6,215,64,42,105,161,221,51,25,131,42,216,202,80,219,76,128,212,51,52,66,190,120,73,241,11,68,137,16,135,40,255,229,33,62,68,204,137,103,67,32,148,69,253,98,157,237,248,203,191,42,107,164,241,236,6,161,34,45,204,237,172,188,20,17,76,254,84,182,144,32,141,254,243,234,64,245,133,246,164,131,9,184,196,109,122,227,231,35,223,236,6,127,119,29,160,248,175,234,27,142,18,167,4,164,24,112,109,50,75,239,214,127,30,160,68,156,254,212,227,41,112,108,137,66,244,227,68,48,32,111,132,61,59,23,64,148,247,235,191,178,166,209,221,247,242,114,52,46,6,227,245,69,173,193,215,130,15,68,251,205,99,70,180,215,26,89,114,49,142,48,131,123,115,158,38,134,80,3,240,35,121,135,96,222,72,27,168,3,218,102,200,158,11,211,132,122,118,145,73,36,120,140,90,56,40,107,187,209,113,151,14,160,16,144,43,249,18,178,218,27,155,234,5,66,202,123,218,253,211,23,175,144,117,28,115,192,198,65,173,192,127,77,135,241,31,66,227,213,9,7,188,192,183,222,74,27,175,232,45,114,165,1,224,84,244,23,160,25,182,212,105,190,197,165,247,22,191,181,197,170,6,241,16,200,169,86,206,122,135,104,198,144,59,34,100,196,116,128,250,14,188,187,121,131,50,45,202,48,71,115,48,59,223,86,156,79,125,95,192,97,70,9,221,99,162,122,109,118,110,177,229,63,31,63,20,145,12,140,215,66,82,15,104,58,24,118,104,55,224,82,170,171,124,20,229,33,150,69,44,97,209,128,110,154,44,143,89,218,107,193,168,236,50,92,217,91,229,66,38,115,155,32,139,66,47,102,198,146,62,55,162,234,46,132,106,167,247,238,254,7,221,51,50,236,145,160,201,94,168,89,133,74,108,70,248,167,255,149,67,174,221,91,239,254,95,169,202,96,147,104,47,91,212,96,159,238,231,81,161,110,5,99,151,129,201,36,117,238,235,149,239,255,224,196,102,153,18,45,207,61,255,195,64,1,84,95,78,233,212,134,228,60,64,66,8,70,244,228,52,44,62,220,141,192,169,235,28,108,135,28,183,176,236,22,136,91,199,148,228,90,133,194,26,43,216,228,208,99,127,55,176,162,232,199,168,240,30,80,252,166,127,31,100,80,145,83,214,241,210,110,228,88,235,9,176,137,103,181,177,236,59,66,209,129,73,0,99,43,50,58,211,117,54,176,79,140,180,79,143,39,56,102,110,161,236,8,94,207,134,110,149,229,91,209,11,236,33,162,238,160,13,212,39,153,213,109,135,57,205,130,111,181,191,103,211,105,79,24,61,58,81,248,194,63,52,88,194,149,11,203,73,20,133,79,143,65,208,227,183,85,90,94,99,172,170,17,110,162,234,15,74,12,208,145,45,29,177,208,14,225,67,60,30,17,186,203,66,70,207,128,79,226,211,112,162,26,144,242,51,74,173,6,136,87,235,254,141,93,220,55,38,37,145,55,45,120,150,47,10,212,79,241,146,158,220,79,242,225,25,70,31,98,162,1,232,184,162,31,143,230,160,127,251,104,53,222,57,2,3,132,99,199,137,87,211,111,74,220,65,42,58,37,88,221,21,196,115,9,74,99,45,32,98,234,43,228,201,91,91,132,89,128,133,40,68,171,223,50,13,215,19,177,191,129,105,174,235,64,19,208,57,171,81,166,156,27,159,0,242,1,231,228,30,171,225,206,248,238,222,88,30,131,76,215,127,73,18,93,239,0,90,169,141,84,12,203,106,253,24,29,181,106,121,81,229,219,66,40,78,1,142,91,188,38,68,187,202,172,235,9,31,178,77,33,30,107,147,52,54,7,165,225,79,210,84,233,48,240,64,163,233,50,46,98,108,194,138,189,127,10,219,119,137,48,171,17,51,113,55,20,129,83,144,35,131,60,55,236,67,7,71,226,223,94,240,32,107,250,36,253,18,77,224,51,84,213,43,58,34,140,29,115,140,71,171,15,54,51,34,239,249,229,35,105,49,91,233,234,65,156,239,34,113,139,21,92,239,57,45,3,2,138,58,49,244,215,44,70,10,102,130,208,8,201,121,95,5,21,228,117,196,216,155,80,49,142,119,189,234,101,243,72,73,71,76,61,107,225,126,168,44,159,69,84,39,173,28,206,185,246,64,97,254,39,173,27,210,172,31,198,209,176,17,239,86,33,192,225,126,169,40,170,37,181,5,20,230,112,210,172,30,199,204,190,182,86,223,56,50,203,1,74,109,207,74,56,69,31,155,30,104,67,43,81,255,234,216,91,138,71,222,34,90,117,85,122,116,121,97,255,36,183,255,39,174,23,221,140,128,163,56,122,180,7,12,255,38,175,20,229,116,199,206,185,248,58,116,198,207,181,3,26,213,164,54,127,165,50,139,130,156,77,60,111,214,159,70,81,47,149,100,245,67,90,20,231,109,219,144,115,202,197,213,164,54,129,158,20,25,109,155,14,141,21,83,245,216,89,197,68,12,93,251,123,210,234,194,104,146,80,6,179,165,236,212,169,111,134,76,168,216,114,163,229,14,91,246,179,87,194,122,91,94,107,177,141,1,122,26,210,92,228,82,11,195,162,252,253,246,6,237,31,153,26,172,252,2,222,96,225,78,249,11,215,93,212,105,190,199,163,250,8,231,79,247,16,202,135,93,210,108,175,229,53,89,245,17,176,223,69,107,143,54,84,5,234,39,118,112,100,141,58,49,37,79,164,1,179,192,141,21,57,203,113,77,226,216,174,192,197,159,219,82,217,6,200,42,148,177,48,208,15,154,101,101,139,60,27,29,150,6,76,234,23,145,207,152,205,9,171,191,141,199,49,96,128,41,4,124,173,201,156,40,118,129,109,158,28,142,73,22,162,10,204,159,11,218,87,241,106,148,38,133,115,150,34,131,73,8,28,63,254,228,35,5,221,49,205,105,155,6,112,181,117,17,148,3,194,41,11,210,41,45,246,165,51,54,71,16,200,156,16,208,228,37,122,158,39,111,161,239,231,161,213,97,188,133,47,7,217,9,49,197,125,125,111,51,19,160,134,195,196,47,4,191,201,150,253,200,113,163,156,29,105,160,155,34,90,177,183,208,35,184,162,236,59,77,13,202,97,197,163,233,237,53,78,187,195,128,81,11,220,96,208,77,255,246,239,196,110,153,20,123,75,177,217,47,51,186,69,144,30,112,138,247,178,182,227,76,227,40,118,101,186,183,183,154,252,255,221,83,241,213,128,110,89,170,11,157,232,16,197,52,82,200,132,237,42,65,252,212,120,43,159,235,17,187,149,43,101,175,178,181,211,94,206,129,45,45,49,79,242,227,21,82,247,176,101,182,177,61,186,119,51,51,110,170,194,121,94,218,245,16,142,49,231,62,4,178,179,219,0,43,108,140,90,240,36,133,47,90,228,210,136,85,165,17,184,170,2,246,18,186,143,57,71,147,255,228,50,35,84,149,47,58,104,176,94,100,128,229,225,8,35,98,224,96,205,107,171,193,151,21,162,222,67,251,247,149,62,50,14,216,114,137,41,96,184,184,154,13,157,17,70,44,106,103,128,154,51,110,78,6,172,216,243,40,137,108,98,8,238,36,114,155,236,234,6,200,128,95,166,235,3,222,232,251,200,137,66,242,232,217,98,116,240,74,155,165,1,102,43,253,213,134,92,164,215,6,177,68,143,190,152,198,179,92,194,183,159,254,201,142,244,144,41,55,27,134,46,218,41,103,170,186,145,225,75,225,65,199,135,14,100,188,141,43,35,151,226,38,149,47,42,67,191,132,203,251,121,102,91,250,170,242,28,108,102,58,45,45,56,46,54,215,106,128,93,99,210,112,159,204,136,2,70,69,168,126,118,8,69,153,139,24,153,20,123,76,173,229,19,163,93,43,185,89,225,203,7,80,225,207,241,192,138,102,216,34,239,224,33,122,142,57,55,2,168,182,139,12,138,17,122,63,14,219,120,180,182,153,137,27,130,62,66,7,74,254,2,221,25,25,94,149,240,221,52,104,126,88,226,97,233,61,65,60,35,113,180,242,36,141,84,214,84,194,16,123,78,241,41,103,143,231,32,121,96,209,143,254,181,144,27,180,154,4,223,104,198,157,26,161,243,3,251,11,208,139,90,197,135,40,220,36,124,123,130,74,250,238,157,18,177,216,31,80,191,114,118,165,27,203,113,104,28,96,179,172,248,233,171,190,163,221,63,4,111,96,142,4,191,202,145,227,201,107,127,78,133,246,18,107,105,69,187,241,73,247,2,250,7,208,125,96,157,125,62,26,117,157,251,117,96,188,145,36,84,160,134,24,104,149,71,224,56,86,3,246,39,127,97,183,216,126,133,123,129,80,229,13,45,52,82,216,54,35,109,104,83,213,36,67,228,3,167,186,156,48,37,99,193,189,205,162,14,211,94,192,192,195,192,180,224,52,58,14,44,56,69,255,193,132,74,199,25,144,74,27,156,42,59,254,210,144,90,13,170,191,25,44,93,189,196,136,44,120,68,55,92,248,19,182,168,157,35,112,128,123,118,85,201,34,139,23,125,122,144,80,249,214,5,195,186,211,116,101,75,18,152,38,51,102,183,171,251,11,165,60,71,23,174,204,59,105,155,42,98,87,79,207,148,82,230,220,65,71,214,43,46,37,62,243,212,51,51,109,167,160,145,20,131,64,174,123,131,24,97,91,118,191,222,54,66,52,117,167,240,30,122,79,105,129,125,150,24,71,1,7,183,64,234,239,226,9,148,244,240,53,24,133,67,35,159,32,164,240,2,231,84,0,254,216,75,242,10,208,118,141,23,134,30,251,200,138,65,245,223,246,13,111,255,108,149,181,211,107,185,148,213,140,22,107,109,133,117,143,231,187,150,253,210,248,156,32,65,229,209,23,221,56,79,26,167,238,47,127,128,100,204,168,4,216,115,176,224,67,47,126,128,100,199,166,15,181,210,130,123,115,152,49,110,154,42,138,84,230,71,57,91,210,129,128,109,155,39,145,55,61,59,71,37,116,158,49,99,187,199,180,220,79,10,228,61,44,116,168,242,14,207,159,38,112,168,13,199,143,68,41,127,103,196,192,187,180,222,109,166,241,37,156,45,91,232,87,252,238,46,122,127,102,200,177,226,62,56,79,16,179,223,110,182,193,181,228,64,36,141,99,217,87,243,49,111,151,53,107,172,224,88,253,253,238,49,120,141,60,68,61,73,7,228,90,221,75,25,194,181,195,168,2,253,237,45,113,160,3,234,53,75,2,238,48,106,165,2,241,40,106,188,219,115,139,89,253,245,5,235,73,27,147,62,80,16,179,224,100,193,159,29,180,219,84,254,17,199,141,74,24,180,200,161,31,140,63,60,80,252,239,45,134,193,142,63,72,20,169,240,226,19,169,228,12,154,197,160,229,26,227,27,10,79,158,242,49,193,61,168,102,232,20,200,150,210,250,217,52,45,231,207,135,12,132,244,174,24,136,95,217,89,236,38,114,164,22,179,207,147,50,82,8,219,85,255,252,241,40,132,90,239,31,134,94,203,147,54,68,47,100,183,211,127,105,196,163,254,2,233,40,129,117,132,111,178,204,149,69,25,178,213,101,196,165,247,25,167,243,44,119,126,127,129,107,166,12,199,146,73,26,150,55,82,242,42,119,128,124,139,70,42,110,155,41,129,97,214,126,120,127,138,98,189,190,182,194,180,224,73,37,125,110,166,243,36,141,62,65,49,81,6,238,43,99,197,148,65,65,33,148,58,56,81,253,236,50,177,189,177,241,40,109,165,196,109,156,11,150,251,161,11,120,40,120,61,200,138,178,18,116,247,120,53,17,152,60,57,233,183,163,215,69,158,171,241,204,69,175,122,180,189,212,112,155,63,72,19,216,118,137,114,157,21,210,140,70,59,67,29,165,5,214,127,135,79,13,207,121,148,66,30,160,20,175,251,249,1,11,219,89,0,251,244,23,173,235,43,139,80,245,28,160,13,234,64,44,136,92,207,132,104,191,173,10,57,37,117,154,47,106,165,250,197,7,99,185,169,232,229,54,20,130,60,197,166,217,61,43,98,169,196,177,237,52,96,206,113,76,28,153,0,191,87,37,128,84,13,130,123,122,76,243,183,148,39,106,121,81,158,25,138,92,200,115,153,12,197,72,20,126,106,122,253,105,38,8,20,202,92,183,106,181,181,198,115,84,246,194,109,15,133,65,190,201,169,13,188,82,16,139,40,22,177,195,156,243,215,112,85,202,174,219,116,145,224,208,87,187,152,165,150,49,13,129,252,147,103,157,33,157,38,114,162,28,172,224,88,246,22,163,15,207,143,54,86,248,5,214,117,156,115,121,120,139,88,231,48,91,183,221,92,185,161,180,228,61,27,173,249,8,127,132,108,171,251,12,202,122,113,56,93,162,228,227,74,248,254,204,73,24,91,183,207,94,193,34,240,236,36,102,206,149,51,0,181,230,9,175,131,105,154,22,133,32,148,251,83,221,102,188,71,47,7,93,177,171,200,22,68,39,42,42,1,132,149,24,191,178,207,135,95,210,110,169,252,5,220,118,147,44,112,166,4,221,111,175,223,109,253,220,81,1,234,38,119,113,127,111,71,156,242,233,14,69,183,206,56,2,121,28,204,184,168,235,52,99,209,114,150,16,162,206,73,241,9,73,122,11,194,144,50,5,213,52,31,100,80,7,181,171,227,59,29,102,201,166,10,206,109,56,15,179,197,104,132,6,226,46,113,138,46,105,158,16,104,182,114,30,129,43,161,224,40,57,208,55,239,57,234,155,188,197,143,186,179,164,198,2,182,200,121,149,66,46,15,137,106,86,86,138,91,204,2,219,33,153,34,62,51,251,129,67,245,236,170,135,95,131,31,34,35,184,244,244,6,226,86,252,240,28,126,104,11,182,218,97,89,251,163,135,51,40,84,115,43,114,75,201,36,27,208,97,215,115,140,83,254,251,244,37,142,59,71,35,210,91,215,131,124,112,158,252,223,80,163,136,46,52,47,225,225,81,174,159,160,169,39,167,220,80,8,246,33,128,107,145,48,178,193,186,194,56,94,122,4,186,144,25,35,29,157,200,79,145,214,159,245,27,154,20,182,215,125,113,175,241,19,198,5,195,156,37,146,62,44,107,150,17,186,103,60,19,136,51,213,8,220,11,135,234,201,199,199,123,116,158,24,156,24,139,19,120,101,175,88,77,145,47,71,13,117,134,35,84,196,46,108,136,51,74,5,192,125,133,116,158,12,175,189,169,231,76,133,42,98,185,143,17,94,217,73,31,126,80,4,204,132,11,204,47,242,11,90,159,184,135,7,185,217,83,203,165,165,149,67,234,144,127,68,166,202,189,124,226,16,178,201,92,169,152,38,73,245,165,179,187,78,21,91,188,210,147,99,134,195,102,156,24,92,218,43,63,146,182,71,128,205,168,131,55,53,253,48,103,162,179,213,21,68,54,16,32,209,78,136,35,194,252,220,67,252,249,212,19,204,47,229,26,115,114,23,64,52,6,151,184,96,1,206,134,102,212,106,195,175,215,112,175,243,11,209,129,112,146,60,62,52,77,27,237,9,201,155,45,124,112,156,255,205,140,36,48,94,160,241,179,135,62,198,172,208,242,32,89,199,49,15,168,136,102,103,131,69,230,33,133,110,193,195,192,188,163,238,50,119,161,39,135,61,81,116,113,179,211,66,252,92,88,98,48,190,216,246,222,64,221,143,70,251,236,160,119,87,227,40,136,102,193,85,237,243,248,156,205,107,63,66,188,127,80,237,156,129,246,255,229,51,73,8,203,128,98,188,175,215,94,200,138,67,25,152,27,145,46,87,220,77,251,243,10,195,154,22,161,254,231,44,93,203,128,99,185,182,191,165,242,11,193,159,4,214,98,189,171,226,61,43,98,188,175,212,102,175,212,101,179,201,136,74,5,212,103,139,215,93,191,154,141,214,247,90,233,16,154,22,163,231,239,233,96,224,76,220,229,78,0,227,65,246,18,153,34,63,66,38,92,170,200,128,253,10,217,93,209,134,68,18,87,175,107,161,254,232,41,103,174,216,90,212,103,173,218,85,229,53,68,21,163,250,246,1,222,72,10,197,146,45,92,205,122,115,138,69,20,167,238,24,154,20,165,243,9,200,139,66,28,141,59,48,81,240,18,171,226,61,44,93,204,127,101,179,202,131,89,216,90,213,99,150,245,3,214,55,26,69,37,103,197,139,41,120,113,151,210,118,85,198,62,31,126,99,61,198,69,0,181,56,15,181,190,127,65,208,125,77,250,129,39,25,93,209,44,71,48,40,150,6,193,175,186,157,24,103,187,142,49,231,64,7,188,188,149,13,199,101,162,237,1,249,2,157,22,80,29,255,185,181,191,123,77,173,231,5,215,59,230,28,251,158,216,66,62,78,191,26,5,171,229,27,170,201,117,82,14,104,246,241,26,69,161,228,18,147,181,102,192,96,138,225,229,115,120,146,88,238,26,170,9,209,111,172,8,219,83,1,14,214,98,212,138,79,247,22,205,145,47,110,198,251,225,66,52,110,178,206,131,73,250,205,237,139,27,147,14,208,88,201,87,1,142,132,71,24,76,142,29,104,147,182,99,202,65,228,211,16,240,1,242,31,143,55,83,1,240,20,188,198,160,5,233,68,58,53,86,242,28,145,67,47,96,197,165,11,226,61,63,57,64,37,137,97,212,104,189,194,187,179,222,96,209,114,161,22,2,202,132,103,195,181,197,156,255,215,56,174,72,227,61,16,202,107,144,3,252,158,84,215,105,90,101,153,244,239,160,164,6,142,255,130,1,29,121,141,98,222,73,31,169,242,13,210,147,54,67,48,121,149,37,138,110,188,176,233,77,23,159,27,187,209,112,171,8,216,93,225,98,214,98,210,145,55,61,66,65,122,99,190,204,150,33,137,57,43,58,166,96,154,23,131,113,118,112,97,226,236,108,144,62,218,227,29,104,147,182,99,201,68,219,236,196,215,76,18,211,139,67,46,124,129,95,218,116,233,22,161,16,193,175,214,107,145,21,176,177,202,28,173,223,43,122,90,196,101,214,15,1,206,131,11,81,212,68,255,114,48,98,122,59,206,31,195,140,101,203,137,109,168,243,43,186,163,253,3,225,64,44,78,238,95,203,109,175,229,33,153,234,253,95,53,28,146,18,196,125,91,161,34,43,173,204,138,245,146,16,143,28,26,56,75,191,107,62,206,182,175,236,68,49,79,11,235,67,27,166,25,183,191,186,218,186,162,1,254,247,255,238,9,175,226,25,145,198,174,219,56,83,208,97,142,91,128,174,201,146,221,219,55,27,120,7,113,160,192,105,66,194,220,61,67,54,78,255,6,217,120,128,200,121,121,137,102,207,118,137,56,46,159,12,171,245,18,154,46,43,59,164,102,120,93,203,13,128,13,129,102,108,172,188,170,126,117,101,177,91,151,199,84,237,229,125,115,116,154,37,96,220,34,85,86,80,183,158,5,95,140,232,241,23,90,224,30,130,243,20,135,75,141,2,133,24,160,205,187,170,0,250,238,243,17,156,34,139,46,112,101,141,176,67,222,42,100,66,225,232,238,29,71,25,117,125,2,230,17,172,104,112,60,242,18,120,196,180,236,213,112,112,140,215,103,142,53,205,64,204,67,32,76,72,41,141,0,41,110,133,104,187,158,32,87,184,45,64,241,132,36,99,196,88,229,20,190,109,51,47,243,120,187,161,10,165,216,154,216,249,23,181,180,154,41,93,130,113,134,76,213,93,225,11,228,13,191,131,14,164,98,105,129,71,29,113,51,190,26,101,159,163,26,183,229,51,236,65,1,194,222,14,85,2,243,250,210,84,208,179,236,41,25,37,88,183,166,125,15,198,77,193,58,217,151,12,208,138,101,182,212,127,119,127,121,144,75,3,237,47,109,157,32,152,41,106,185,204,138,70,37,139,93,204,146,69,127,83,233,55,83,3,217,95,173,250,4,191,142,240,50,85,211,133,113,160,185,194,126,77,62,239,181,228,78,233,251,2,199,136,204,243,214,72,4,89,73,225,70,254,5,240,33,53,92,206,108,56,11,172,217,216,205,18,171,225,63,37,116,135,76,254,232,43,99,186,180,198,143,53,68,23,157,10,195,152,25,151,31,134,79,246,2,221,74,3,216,89,215,92,207,117,130,91,209,110,151,29,139,64,34,126,105,167,238,25,151,30,136,75,0,226,59,48,81,239,21,164,246,1,224,67,247,147,41,91,193,36,114,104,70,31,102,194,114,101,161,30,162,9,166,236,24,97,147,94,210,118,150,45,58,204,158,32,155,21,123,95,175,205,67,44,79,6,214,18,171,156,18,125,69,241,176,162,147,42,100,182,192,163,249,246,1,225,65,32,129,95,198,146,45,90,212,102,177,206,121,120,121,118,127,102,177,208,115,138,68,22,160,1,223,69,20,167,238,24,153,23,156,13,188,174,215,94,201,136,73,8,203,129,95,198,143,53,68,22,161,255,229,50,77,252,239,244,158,8,190,167,166,242,222,35,89,117,182,133,102,151,17,169,163,124,107,126,37,246,19,153,50,99,185,192,167,237,225,97,218,80,209,93,141,56,226,45,69,48,63,16,73,26,73,33,2,218,49,60,1,227,60,71,144,48,48,64,247,34,17,134,68,218,125,24,141,99,164,120,138,2,178,204,124,69,238,200,155,4,240,12,167,253,224,72,191,176,183,186,63,41,219,206,1,148,23,245,150,10,174,159,241,223,184,140,60,42,58,14,104,183,159,255,72,147,8,67,214,220,230,161,81,215,127,112,106,177,228,56,37,135,80,96,41,168,114,130,85,160,138,62,61,69,0,97,173,206,108,62,75,179,87,193,124,87,104,76,15,115,79,145,214,158,245,27,182,203,132,106,187,201,138,87,240,37,116,154,41,125,109,174,243,124,93,205,142,82,250,247,8,185,137,188,128,80,143,79,251,0,171,235,2,214,195,32,98,53,255,95,93,61,127,134,97,169,208,40,136,80,225,92,236,47,12,216,88,205,42,116,112,140,191,25,107,161,250,203,93,123,124,82,236,143,201,71,246,173,221,236,99,163,29,97,227,26,143,150,167,203,249,181,63,189,27,254,41,238,12,184,121,253,228,75,26,129,222,55,49,66,189,207,40,249,221,41,81,125,16,196,84,173,119,35,186,168,4,221,103,180,201,166,18,177,231,52,75,32,230,31,133,108,203,152,29,149,20,140,88,229,244,17,144,44,193,40,72,130,25,19,68,136,166,241,78,127,91,204,60,180,190,188,198,123,240,0,212,91,115,173,140,204,98,152,2,103,81,0,159,202,32,39,171,214,132,93,204,143,66,36,120,138,88,251,242,29,156,112,128,100,198,145,55,46,41,219,24,126,106,20,57,248,227,231,46,249,60,24,189,183,162,255,87,112,82,212,19,171,130,159,18,138,61,194,167,208,115,250,136,9,174,134,82,142,151,93,82,226,55,251,120,114,160,28,122,240,255,215,81,142,91,132,229,24,119,102,60,208,132,22,104,71,178,11,176,236,78,23,159,24,175,235,36,140,86,243,10,218,106,173,221,99,221,83,235,52,93,226,63,59,75,102,158,9,217,112,161,1,233,24,108,18,123,95,100,193,130,94,56,205,60,22,78,250,150,99,199,107,156,168,246,227,59,161,145,238,0,144,53,228,147,108,57,29,193,194,79,131,62,5,187,63,202,151,220,19,70,183,253,217,111,189,190,172,242,25,159,8,221,99,222,75,20,188,198,144,71,49,101,182,211,119,133,85,245,27,4,198,154,68,59,52,79,228,28,174,231,22,137,253,10,204,108,187,206,137,255,241,242,13,43,244,199,118,45,92,111,216,106,141,55,192,20,116,117,143,246,10,152,13,151,217,219,77,0,109,57,10,179,212,62,41,101,169,83,122,222,218,155,39,98,115,157,2,216,49,71,34,73,43,66,23,0,107,129,214,29,7,103,31,241,79,124,94,180,68,6,218,47,62,34,85,192,172,248,198,125,92,180,213,74,167,96,50,29,119,26,160,218,86,223,57,162,142,162,141,156,80,139,40,162,30,58,194,129,59,25,36,25,168,168,177,107,70,80,226,83,17,209,112,170,16,205,124,128,115,161,0,245,17,185,183,208,143,65,33,152,72,36,120,140,78,96,177,216,132,110,153,30,120,96,225,80,219,57,238,55,69,1,253,9,215,19,181,154,22,159,249,99,74,109,43,169,249,225,59,180,57,4,190,161,128,213,61,51,55,89,244,23,83,2,219,69,172,173,196,144,182,54,217,88,204,127,32,134,34,87,189,76,52,13,206,95,187,171,156,148,46,84,207,111,163,206,0,0,255,252,244,166,198,142,52,27,109,76,16,167,8,196,126,120,112,152,208,125,76,228,109,68,225,45,227,47,17,156,223,183,144,50,73,221,37,34,134,36,115,108,42,28,86,38,61,216,91,119,101,214,106,125,119,145,47,63,55,62,151,132,149,170,219,76,188,54,58,73,33,106,34,104,157,254,135,111,71,156,244,227,34,9,107,179,134,22,61,210,172,204,148,66,37,118,158,42,104,196,179,203,155,49,83,2,58,35,123,135,115,154,21,171,209,65,145,254,214,254,2,226,73,207,129,53,64,3,99,113,87,34,71,187,178,115,168,250,222,49,5,241,23,140,90,242,30,64,61,41,90,133,102,154,13,61,158,220,76,251,200,100,101,189,141,83,194,140,115,165,210,78,135,231,116,112,182,204,83,229,20,48,10,140,130,39,28,145,241,78,128,88,212,36,254,224,87,247,232,168,215,80,229,212,138,247,142,30,101,156,153,185,199,75,200,39,18,234,18,196,188,187,179,222,95,223,71,32,152,51,77,15,201,162,255,251,6,42,84,233,60,73,19,171,237,11,168,7,217,25,164,204,122,85,111,77,195,221,22,78,250,132,201,89,215,90,170,193,81,251,162,107,57,25,5,111,19,19,40,254,209,146,1,4,184,209,71,251,37,144,18,142,199,38,208,177,86,215,88,151,165,238,46,112,124,234,16,165,230,209,146,221,217,60,10,171,109,62,56,248,194,57,221,139,48,105,212,134,83,250,8,233,40,124,131,115,140,82,0,63,21,165,2,236,42,102,185,166,214,124,122,54,76,225,88,179,184,238,52,37,85,114,37,195,155,80,120,111,143,243,144,44,114,164,226,185,164,234,24,58,88,141,202,105,131,64,175,121,135,11,134,236,195,216,74,31,168,241,52,87,227,93,219,89,250,7,211,143,84,238,62,66,35,156,105,151,33,155,48,83,245,244,216,206,73,244,164,1,144,162,148,10,51,230,174,64,160,150,44,60,40,1,180,234,215,204,23,129,205,23,28,246,126,24,221,230,22,215,127,24,42,74,227,34,8,110,168,167,178,104,81,47,73,48,108,160,19,188,188,176,225,78,0,227,75,24,182,194,171,245,24,162,38,148,40,126,127,111,151,46,116,169,232,61,71,48,85,245,24,174,218,100,204,224,48,83,251,1,224,73,248,226,87,234,232,54,241,126,0,196,4,114,10,46,215,11,4,112,121,176,246,178,91,181,160,235,174,123,129,28,83,132,252,47,73,36,127,110,193,187,185,227,82,245,43,112,150,57,68,31,174,232,51,114,153,32,173,234,44,138,98,196,193,10,180,199,163,12,191,175,197,131,65,63,54,42,78,153,137,183,151,37,99,213,127,118,55,72,189,29,37,87,75,157,137,176,80,112,4,162,230,41,232,157,222,71,9,158,226,235,45,48,83,206,223,185,54,41,51,196,129,63,174,76,202,113,153,217,97,160,2,120,90,60,159,111,184,2,206,133,53,64,198,165,145,136,200,79,182,177,101,128,149,55,49,4,236,22,158,225,57,76,203,164,202,129,64,174,146,244,74,207,35,122,52,136,208,96,175,83,216,97,154,254,226,21,129,104,197,97,172,207,92,222,46,252,98,45,45,73,165,255,197,144,213,119,26,237,153,219,18,157,162,199,217,155,170,202,187,212,26,37,90,178,179,86,132,104,104,113,44,6,17,159,21,183,222,73,26,178,225,64,54,88,231,46,107,189,204,127,118,155,43,97,206,132,98,190,188,205,139,67,44,121,130,92,226,88,229,53,87,250,14,185,203,160,107,144,52,89,234,48,85,238,7,179,227,67,219,94,170,225,228,76,155,104,40,46,24,138,218,33,203,195,50,50,130,126,26,35,93,168,212,243,172,240,209,53,224,232,106,144,58,52,91,237,30,163,20,169,255,244,9,221,103,205,127,126,122,118,150,47,89,238,39,113,170,2,222,96,45,74,12,229,70,18,184,169,205,155,33,104,147,202,246,111,6,163,248,247,211,68,199,153,236,3,157,11,61,220,17,162,101,86,137,48,118,139,34,122,25,171,124,199,14,127,39,92,101,128,164,27,39,73,255,155,118,128,115,158,244,207,99,139,181,52,183,141,40,8,212,59,22,102,178,72,186,119,112,251,147,238,120,96,184,181,100,216,13,75,230,13,164,129,2,238,214,39,9,109,217,71,32,147,63,40,125,129,120,123,131,109,179,204,143,71,42,103,192,176,218,87,239,45,126,106,185,204,229,35,121,135,95,221,76,7,190,145,76,11,132,97,149,8,143,56,182,112,88,206,225,226,1,62,16,167,230,208,149,212,245,231,11,170,112,55,80,177,148,193,69,81,222,91,231,75,4,232,66,63,40,126,117,139,67,43,113,155,20,184,204,154,21,181,218,199,125,107,182,225,84,231,55,44,68,49,89,154,31,89,187,118,128,220,254,172,208,220,243,206,216,66,18,166,145,82,159,147,14,148,13,70,179,218,19,111,50,243,73,246,23,199,159,7,229,86,231,47,108,200,174,219,106,201,143,54,87,1,231,45,113,187,35,103,179,243,44,95,205,108,132,112,158,202,143,11,166,181,197,15,101,119,111,254,140,3,56,33,115,131,248,29,62,183,162,217,64,174,122,134,16,122,17,84,37,98,209,142,81,240,38,145,69,21,185,213,109,155,37,146,71,15,202,168,94,183,192,191,188,176,219,66,3,248,10,172,198,49,194,11,50,189,133,89,199,171,254,248,177,217,56,57,219,102,76,86,94,142,250,229,204,75,29,255,84,85,174,193,154,151,143,164,102,119,82,236,2,68,137,197,123,61,168,216,61,202,108,194,168,192,163,222,176,72,138,46,37,238,5,180,100,211,117,69,32,100,179,109,176,109,244,133,23,94,184,80,190,195,13,44,42,79,241,146,158,211,82,229,181,54,25,159,245,31,162,12,117,144,8,203,101,25,11,64,11,141,181,174,184,65,238,3,212,231,162,149,36,104,169,160,4,168,195,121,22,211,45,122,125,89,244,33,144,65,252,244,22,60,82,254,196,145,34,104,134,105,182,160,252,244,216,56,48,65,229,66,252,246,6,198,109,119,50,110,180,216,106,129,102,193,141,0,1,243,194,168,198,154,38,35,174,181,172,186,151,230,65,8,196,141,74,202,148,13,195,87,18,116,163,255,203,113,108,135,34,92,163,248,247,211,68,198,163,236,54,58,31,152,17,181,121,131,60,49,180,20,187,200,145,248,98,83,40,140,20,135,209,210,210,3,81,125,6,177,164,62,25,163,218,108,104,41,233,221,174,116,85,64,244,120,75,239,179,227,63,49,23,114,175,171,193,34,221,177,103,38,0,127,70,230,106,176,174,210,5,223,246,145,49,66,139,206,58,235,45,56,52,222,85,151,136,194,134,100,187,79,190,161,133,200,182,91,139,40,139,81,216,69,202,162,5,195,181,224,83,158,26,125,100,56,173,160,227,81,186,53,198,71,114,42,49,161,232,76,9,168,3,164,119,255,154,119,27,97,19,196,161,192,118,109,148,64,45,76,241,19,155,8,192,169,216,76,241,13,201,139,44,209,65,31,129,52,32,50,86,180,163,141,29,173,250,225,90,168,118,36,103,184,115,47,96,230,51,223,64,24,140,151,7,241,44,94,157,230,45,20,202,53,171,89,195,172,227,216,37,108,35,236,72,163,181,178,214,53,36,248,91,54,215,213,241,172,190,124,179,154,135,30,117,33,139,23,122,8,172,255,3,198,170,183,71,165,255,194,151,181,227,90,252,239,183,225,249,160,14,220,82,132,83,224,50,174,191,143,116,170,240,195,39,81,205,100,67,189,189,105,109,55,226,123,95,219,113,155,18,190,194,169,231,65,58,68,24,175,244,22,162,16,208,221,59,50,95,214,107,164,1,198,175,230,26,126,10,56,170,178,184,196,87,232,221,187,61,251,98,87,9,184,42,236,162,97,175,224,39,156,32,64,79,131,239,227,169,114,122,108,210,131,79,171,254,229,11,188,196,99,222,1,133,94,238,27,41,98,177,192,4,188,190,142,220,194,12,48,36,100,83,8,235,71,14,91,244,234,82,251,174,6,94,95,147,153,161,235,23,217,63,14,247,31,143,230,191,140,28,117,16,87,239,210,49,234,201,198,126,125,126,114,141,80,10,215,95,218,108,178,208,136,96,206,123,133,106,184,189,190,186,187,178,224,90,54,48,83,252,7,223,72,20,141,92,223,47,61,202,248,107,17,32,91,210,67,244,2,148,73,185,72,11,179,57,196,87,159,245,14,141,28,16,19,15,76,118,15,81,208,72,82,220,89,136,184,72,220,190,66,71,255,84,109,33,228,38,130,60,9,201,146,210,63,153,134,192,111,126,108,167,209,92,109,186,214,136,74,166,18,144,96,211,39,156,155,166,189,26,30,117,122,176,186,157,74,39,119,46,232,15,145,24,39,17,191,100,125,7,115,201,123,158,44,95,213,115,157,19,216,120,131,133,110,153,39,123,129,103,214,111,159,51,104,179,248,104,152,27,164,6,210,119,100,197,114,136,227,67,251,11,140,190,44,20,11,96,146,128,76,37,71,249,240,49,112,134,69,23,143,43,84,236,14,167,223,67,36,122,114,173,236,7,184,92,66,139,176,66,225,32,132,188,253,1,244,14,128,202,30,201,170,199,185,199,75,48,223,217,35,232,179,182,184,249,230,60,17,201,80,113,17,99,28,42,51,156,230,34,80,233,65,46,74,247,2,208,104,159,14,169,215,47,200,251,96,142,32,123,242,127,213,48,59,44,225,179,150,8,196,25,103,151,22,33,244,158,8,190,170,160,6,162,214,63,196,202,72,27,120,116,140,253,124,129,72,20,137,96,211,81,232,49,235,50,61,63,19,196,109,171,201,127,55,26,137,37,11,207,89,223,73,2,186,158,25,140,70,200,167,245,184,199,29,172,237,8,185,174,180,131,58,11,191,160,215,57,232,61,31,159,254,209,128,87,228,236,42,58,52,48,251,205,1,108,96,185,113,13,104,206,79,240,220,234,135,226,251,8,159,130,4,198,106,167,242,12,144,167,190,149,194,181,199,153,223,81,200,103,29,27,14,165,218,76,177,129,127,117,108,137,255,5,219,63,67,55,78,174,235,1,188,179,213,255,246,234,30,10,57,11,192,160,217,49,255,241,241,32,28,37,100,147,157,130,214,204,111,160,182,80,236,70,32,85,131,216,143,253,198,122,150,60,45,50,41,100,110,187,136,40,220,223,193,139,40,97,112,81,225,75,216,85,174,117,229,198,79,11,149,159,170,181,53,18,153,180,223,74,17,118,139,38,129,249,144,36,83,95,60,170,66,55,71,206,151,62,79,247,160,38,35,8,196,190,185,139,227,185,235,232,14,160,44,98,225,76,177,94,173,184,162,136,236,46,22,103,72,175,20,154,56,75,7,235,52,76,30,159,12,225,86,230,84,87,204,129,121,137,74,14,159,31,144,243,216,111,71,155,10,238,41,57,217,216,145,248,211,82,45,128,55,40,95,218,109,140,51,79,230,36,105,173,204,111,136,76,19,176,218,115,153,0,204,53,98,195,135,106,192,177,134,98,154,240,22,171,123,131,67,19,43,213,53,66,25,109,119,45,102,97,83,231,27,85,182,89,109,131,123,144,59,3,184,174,128,168,232,252,205,48,69,22,164,245,212,219,38,113,140,19,133,4,226,238,137,226,37,184,18,215,94,84,166,119,234,150,124,89,251,2,187,141,61,54,197,5,160,239,31,71,23,80,93,85,253,228,30,131,22,63,61,210,92,217,57,78,215,96,168,169,14,198,133,139,85,216,17,197,138,64,249,239,41,52,107,84,115,131,132,104,124,14,54,116,78,218,60,62,14,90,71,124,61,24,56,68,247,21,132,89,190,103,210,122,105,238,50,213,89,167,202,121,86,121,161,3,253,254,200,100,185,194,56,91,224,42,78,153,138,181,53,24,154,16,136,37,35,132,56,99,168,162,235,198,146,244,146,168,94,55,172,165,203,143,56,218,255,244,234,174,27,186,166,10,190,144,67,14,191,98,169,207,128,69,61,27,72,249,158,12,136,215,238,1,3,230,18,193,127,104,145,236,68,36,106,233,66,176,236,24,132,104,160,9,125,123,90,206,26,102,36,230,159,203,97,232,63,8,144,179,94,115,254,12,162,38,95,125,90,122,119,69,160,157,220,192,19,26,104,171,222,30,100,101,189,92,67,153,160,197,62,224,184,250,102,32,243,216,71,171,236,3,5,196,78,231,212,105,112,30,27,178,222,51,52,231,160,115,249,103,117,54,181,68,159,200,54,249,107,248,227,91,220,38,125,109,58,224,81,210,248,63,94,208,83,249,177,24,175,210,83,9,136,58,63,9,243,249,174,200,47,87,166,125,9,182,223,77,203,95,188,88,36,144,58,50,29,106,88,252,160,148,36,99,122,69,172,126,87,177,192,167,7,235,51,86,214,88,244,35,139,80,225,50,59,59,226,207,114,122,54,19,67,189,240,208,98,142,172,79,100,129,71,17,185,61,160,116,247,109,97,113,4,85,106,103,89,144,166,69,252,17,186,140,77,252,141,231,59,20,49,146,86,212,128,91,186,196,139,73,198,124,85,237,252,3,185,187,151,219,118,142,45,172,31,14,179,209,17,231,55,16,145,35,34,199,167,242,10,151,252,162,30,59,197,145,29,78,202,29,44,77,207,97,185,213,122,147,73,14,172,206,129,124,131,120,162,29,122,101,166,239,36,124,123,97,203,51,221,72,247,190,123,11,101,249,183,173,195,169,207,110,57,9,59,160,113,91,187,171,98,47,198,255,171,147,153,179,178,17,6,249,249,131,26,27,253,93,41,82,17,187,99,42,254,207,186,11,235,36,2,155,152,134,192,255,0,236,224,77,172,83,103,54,5,127,31,252,47,199,252,186,156,8,76,113,92,184,179,75,116,96,203,113,172,251,0,152,38,35,233,192,136,140,147,83,236,170,163,129,204,240,87,171,201,128,228,169,127,101,165,242,198,146,253,197,114,42,152,225,95,207,101,159,137,69,240,208,242,29,146,216,76,38,34,83,232,39,68,242,189,188,161,25,145,25,167,226,68,205,134,50,120,153,23,126,32,0,174,100,206,138,195,189,141,103,163,156,213,238,171,107,83,13,182,173,32,83,92,159,243,167,13,219,119,127,9,233,10,240,8,108,101,63,183,72,189,207,112,126,173,196,194,160,36,129,18,61,17,139,41,243,173,235,224,9,98,97,253,223,104,191,172,2,243,15,214,112,151,60,67,31,170,7,209,140,156,252,241,33,143,77,253,244,236,58,64,228,65,3,5,201,43,40,246,146,183,111,185,179,183,250,222,136,110,162,173,105,140,28,119,8,108,175,148,236,185,93,11,250,227,61,76,35,125,120,98,219,98,166,218,10,227,65,16,209,142,73,189,189,148,32,6,68,233,40,103,130,55,238,34,47,209,11,105,107,20,72,160,92,184,221,88,191,162,135,79,103,40,244,188,160,92,98,166,217,30,118,83,93,155,254,133,109,161,13,131,99,106,31,33,39,51,190,73,159,96,227,72,242,244,187,207,123,97,220,106,179,127,117,107,155,147,155,232,43,56,21,160,187,219,69,44,88,194,173,208,120,55,42,53,183,45,44,76,157,23,78,116,36,31,74,119,30,32,234,78,166,229,93,148,80,245,38,123,84,18,161,162,196,32,19,52,249,26,143,35,179,232,59,26,125,34,135,255,98,90,124,50,191,70,168,82,21,80,228,94,143,30,172,233,10,241,6,115,79,129,243,150,212,136,69,1,28,160,234,30,10,56,5,189,166,144,2,170,206,115,12,51,225,63,24,154,205,126,58,15,149,195,205,63,68,47,97,159,1,217,86,152,3,137,207,149,63,60,54,15,207,149,45,75,201,167,249,235,74,217,73,23,126,98,165,210,24,169,204,134,75,231,38,128,36,176,185,215,120,145,54,2,206,154,38,90,188,101,166,126,100,161,30,123,18,186,206,72,67,51,96,212,11,146,4,214,91,167,201,54,83,220,102,169,208,130,82,242,195,165,212,136,38,13,179,106,80,201,241,141,165,158,208,148,251,177,241,147,23,154,216,132,207,9,199,155,10,37,67,139,17,158,167,6,214,111,94,210,67,246,112,34,247,235,9,190,89,138,99,200,115,114,65,61,52,54,93,233,56,240,37,82,200,140,72,176,193,169,153,166,214,61,20,51,237,45,24,96,95,108,222,54,85,254,247,255,252,11,212,104,191,199,161,1,244,31,155,19,191,188,190,170,250,20,198,147,61,64,46,90,234,64,51,75,24,181,209,113,164,15,196,153,43,121,135,79,9,221,87,223,91,241,48,84,250,17,206,124,133,109,172,225,87,248,7,207,139,97,44,78,250,5,233,52,72,19,145,65,9,193,33,242,222,71,9,158,228,231,56,241,155,156,154,13,174,184,255,207,153,33,99,182,76,1,82,103,55,244,248,84,121,98,164,190,150,242,129,48,63,196,175,217,99,129,107,90,95,80,127,94,187,145,115,170,243,242,245,185,215,102,161,29,167,254,159,24,121,83,237,39,22,146,56,236,174,189,136,52,211,12,209,46,29,39,20,228,37,130,103,181,196,165,4,227,59,65,44,107,164,6,221,88,221,98,205,132,134,116,136,89,232,56,60,65,51,84,233,62,57,57,72,26,158,8,217,103,187,180,215,114,170,233,64,50,76,12,204,143,53,84,247,10,196,166,6,239,22,176,225,74,7,221,88,55,45,92,218,85,236,4,231,21,156,143,168,193,159,219,45,88,147,84,216,115,131,67,43,86,230,239,3,170,88,76,198,73,147,181,80,234,23,125,188,216,8,188,213,43,74,39,120,80,177,239,152,7,202,73,50,197,39,109,169,225,129,209,224,9,126,244,145,188,165,230,18,254,255,87,199,158,4,234,193,138,104,201,161,23,175,91,67,137,13,116,17,60,188,165,229,19,252,24,69,251,231,11,170,237,235,255,218,240,252,18,204,151,52,85,103,33,75,233,34,30,90,70,228,54,60,4,178,123,124,80,238,127,237,27,21,11,89,151,43,63,3,190,96,170,6,219,51,47,138,237,230,31,12,177,138,50,28,1,178,203,127,61,8,123,123,74,19,205,151,211,154,168,120,233,159,152,38,23,134,117,150,255,194,160,11,70,132,37,97,93,213,68,18,17,55,60,180,46,239,214,110,118,93,174,145,78,8,179,178,109,15,36,73,6,205,83,197,67,36,86,221,230,67,22,149,28,137,55,205,21,19,77,181,174,252,248,206,118,105,81,202,12,76,190,158,195,21,78,27,114,135,179,83,234,169,79,141,250,1,188,141,30,79,23,62,53,97,201,69,154,52,99,209,119,67,59,179,195,132,53,248,204,242,124,66,29,137,30,99,105,178,161,221,176,20,116,11,116,80,219,116,145,4,214,73,176,175,92,92,144,41,34,250,161,34,93,198,245,140,63,169,78,142,247,8,167,204,98,131,112,5,188,190,166,1,196,164,212,7,159,122,229,248,210,122,152,53,249,40,251,124,218,204,18,184,98,166,19,180,155,238,126,171,176,87,146,247,23,168,171,235,3,214,249,10,194,147,34,121,105,55,213,211,13,116,162,7,144,61,3,230,84,3,143,103,64,174,70,134,226,70,161,115,86,200,131,219,197,99,165,145,74,8,215,37,126,66,44,131,118,52,119,16,63,146,164,138,81,152,60,63,14,162,156,129,209,54,24,170,8,229,232,91,98,73,116,252,129,106,74,237,61,55,19,168,214,12,155,151,170,165,233,226,185,99,221,4,97,75,142,49,68,248,76,26,32,126,83,8,187,79,0,250,199,125,141,86,246,17,85,203,155,27,82,246,216,103,209,139,245,50,222,211,213,218,231,55,206,237,232,19,164,121,234,254,239,5,239,50,91,134,90,172,236,66,56,240,67,172,107,13,50,224,78,172,205,133,44,109,190,197,74,54,211,245,112,9,90,223,235,45,56,53,218,94,122,3,190,133,60,185,89,233,229,249,148,204,189,155,39,136,100,183,209,141,92,207,136,97,226,61,64,56,66,30,156,39,135,78,14,214,127,104,190,196,180,202,153,42,114,142,77,13,24,138,68,39,134,104,173,231,21,191,176,148,49,0,113,116,100,159,146,207,133,17,116,33,38,175,194,176,242,42,100,202,165,19,175,253,13,188,195,182,207,118,148,68,43,99,204,154,44,95,217,116,159,5,230,75,16,178,223,99,203,135,115,172,224,83,4,240,19,190,202,166,242,30,168,8,204,146,75,19,172,244,36,130,93,223,101,211,108,178,233,145,31,134,99,210,142,59,60,254,183,166,233,169,90,108,159,248,252,170,232,251,202,99,87,17,116,159,8,198,106,151,18,72,30,104,133,79,230,3,172,191,108,183,171,86,190,184,217,117,137,9,86,221,52,99,125,67,42,137,107,179,160,252,182,152,42,138,66,194,131,80,207,87,232,236,171,222,50,107,109,211,130,114,155,181,148,253,234,33,86,188,95,214,83,3,211,83,249,236,38,39,120,83,208,14,157,167,78,123,195,188,133,56,221,79,184,48,6,81,235,191,119,239,231,45,87,179,165,163,4,143,217,91,247,254,247,9,201,244,239,55,72,236,26,33,130,206,244,145,229,36,208,7,186,158,206,101,133,200,91,189,73,33,133,95,142,68,205,29,142,95,200,155,29,141,169,7,221,51,50,2,251,249,231,74,32,146,225,80,210,71,15,192,74,245,13,110,40,79,210,85,110,59,67,215,36,18,82,42,83,252,4,224,68,41,130,105,167,254,254,244,8,219,103,187,184,219,97,192,180,224,101,180,217,115,153,26,169,2,232,49,113,160,4,234,63,50,79,9,225,78,249,10,229,81,245,38,130,92,224,91,225,65,50,101,193,160,20,198,175,215,113,168,247,0,245,24,245,242,13,207,140,85,230,60,20,183,166,235,165,103,125,88,119,151,35,135,21,190,166,197,109,151,215,136,60,72,5,189,187,166,246,189,152,234,152,138,9,126,11,196,187,179,217,97,192,32,173,136,62,81,183,167,16,190,127,75,163,251,180,61,223,199,137,199,1,80,185,110,59,54,103,176,225,73,9,80,47,204,95,215,123,142,63,230,189,167,214,125,56,40,58,166,188,151,23,62,16,209,126,82,213,3,77,107,122,124,94,229,80,1,148,57,23,119,128,107,72,249,2,143,196,123,78,225,203,35,139,1,167,138,233,102,160,24,176,226,62,61,67,38,115,158,25,158,9,221,105,200,141,81,10,222,73,26,178,221,78,13,209,128,99,204,148,69,22,180,221,102,179,222,98,224,69,39,129,110,153,43,117,223,53,68,40,131,113,146,56,13,47,33,105,160,131,203,92,216,61,58,238,101,198,104,164,198,133,92,213,107,114,1,180,199,138,25,115,58,64,212,207,219,248,187,177,157,124,185,160,37,145,47,43,62,37,42,142,44,118,122,93,219,71,20,99,166,214,108,87,128,104,210,111,164,0,227,192,238,191,140,52,35,90,222,9,85,225,42,130,41,158,34,148,55,225,37,131,65,24,59,4,74,220,86,209,141,87,236,211,115,59,152,128,7,139,62,245,115,222,56,69,196,254,79,155,208,113,93,60,121,132,52,63,189,181,116,20,139,30,113,27,53,85,162,195,52,236,94,190,212,130,99,231,81,246,34,134,90,250,255,236,70,45,99,228,85,235,78,23,163,29,156,21,198,240,0,227,84,6,210,120,97,218,96,133,94,122,2,192,128,75,140,225,79,179,142,212,13,250,226,82,19,192,162,18,206,136,76,18,211,141,62,62,71,27,146,65,65,64,36,139,103,198,146,66,61,58,62,82,253,236,50,109,172,224,87,1,255,229,72,45,116,136,95,235,69,21,185,214,111,151,50,107,254,214,102,208,125,109,163,202,82,214,91,84,92,102,176,198,143,238,26,102,139,33,29,190,109,187,194,148,16,141,25,117,111,95,224,93,231,78,17,203,89,230,23,189,200,163,2,148,67,22,132,102,96,180,217,54,29,136,249,5,167,190,137,244,37,138,253,3,219,75,221,63,26,49,111,157,241,3,181,164,0,103,131,89,212,59,12,110,171,214,122,109,132,102,166,248,177,218,11,114,142,181,68,190,178,124,84,109,15,215,49,88,227,185,68,62,45,245,174,224,18,30,91,208,109,113,108,79,0,196,152,177,148,161,154,19,128,229,13,84,165,227,69,203,39,73,126,3,230,49,82,117,69,134,208,28,84,207,153,36,89,248,212,2,213,5,127,60,151,155,124,23,99,220,35,131,99,58,193,197,153,178,120,131,42,215,46,70,174,227,25,151,181,136,196,48,81,198,19,132,241,194,188,190,146,21,88,249,0,211,135,105,183,116,168,5,233,55,228,39,119,54,230,10,57,208,129,97,194,37,53,183,62,209,51,90,189,166,115,253,187,157,169,241,230,15,38,255,98,170,205,114,63,217,119,141,37,91,135,108,165,227,86,253,250,171,244,230,13,191,175,125,90,222,255,138,32,249,144,63,38,115,17,111,9,73,175,154,37,92,202,8,63,255,235,17,205,153,39,36,130,54,39,9,172,122,214,227,139,102,134,90,224,195,38,151,35,19,86,232,250,195,130,85,101,38,8,203,116,136,6,212,55,22,127,3,13,128,48,104,143,59,45,66,22,177,131,119,132,68,48,110,114,120,147,63,22,127,80,176,241,21,146,72,24,120,117,125,134,97,179,199,46,120,146,54,80,228,230,79,18,214,123,127,77,175,244,13,167,248,6,229,78,188,187,131,59,59,205,141,47,109,152,203,91,202,164,11,199,128,249,19,184,217,46,58,12,190,164,204,89,135,88,174,217,97,176,186,97,96,100,84,207,153,61,241,131,31,55,205,96,159,238,165,150,49,12,131,246,167,43,79,5,236,58,53,85,251,11,194,176,238,43,99,205,146,53,72,41,115,140,81,7,225,64,54,91,230,55,91,219,81,2,243,21,165,7,235,59,50,93,231,74,6,227,86,78,230,50,95,221,105,169,241,3,180,58,249,170,116,107,126,81,122,23,175,147,240,174,126,166,223,93,247,28,144,73,47,101,179,223,105,176,212,123,147,55,63,52,85,247,255,251,24,171,226,85,18,209,113,165,32,244,246,1,247,38,134,84,243,253,197,7,147,219,226,34,89,193,44,0,243,200,79,146,210,170,210,123,132,118,128,115,157,31,136,92,225,79,246,27,179,202,147,61,76,8,249,26,150,60,83,235,49,96,207,118,145,66,45,91,223,88,249,0,17,202,132,102,194,2,202,133,105,196,167,237,36,105,128,212,44,15,67,254,197,122,0,135,95,131,32,31,43,161,237,44,111,166,240,34,145,67,26,167,2,229,53,84,253,7,206,137,90,230,48,97,213,126,105,186,210,139,70,48,114,141,77,16,185,183,205,146,72,10,212,123,139,66,45,112,174,218,100,204,156,15,198,168,2,221,91,230,76,0,243,29,246,238,26,169,255,238,26,159,248,213,214,37,38,1,198,110,127,241,179,220,13,128,254,142,120,103,192,185,193,159,23,184,201,137,91,242,44,95,215,118,151,30,155,40,118,129,112,171,244,6,229,83,255,236,67,52,70,37,144,61,44,114,172,1,225,81,10,219,82,253,5,57,39,114,166,4,216,97,177,168,93,146,223,211,77,216,67,165,149,52,5,152,182,102,239,6,230,74,31,134,102,206,153,25,172,248,25,155,39,136,106,166,4,250,25,154,42,127,113,144,70,43,128,101,199,165,16,180,217,113,174,219,102,202,166,244,28,168,3,219,100,208,146,46,109,181,48,65,32,148,67,61,45,102,162,214,212,45,13,73,235,253,210,248,159,23,90,155,175,124,172,204,143,64,42,100,207,156,21,163,17,219,106,165,3,232,53,70,40,145,65,33,149,75,27,147,64,80,14,184,208,150,40,108,174,233,51,75,24,192,188,176,234,80,14,184,211,148,55,63,62,78,1,224,88,1,249,248,15,222,107,164,7,216,179,184,187,199,182,220,79,1,210,70,248,199,99,185,180,156,233,214,113,131,115,129,72,26,138,74,186,192,133,121,127,123,55,213,201,192,199,113,193,207,148,10,139,220,230,3,33,79,105,120,102,77,5,181,190,13,27,234,197,156,153,155,149,18,60,170,163,66,57,97,183,105,155,57,31,9,144,27,205,159,218,119,96,246,47,115,108,100,83,129,50,137,99,197,86,182,173,208,135,104,189,194,151,19,190,195,172,242,253,219,66,27,161,3,228,29,171,243,244,241,198,173,227,41,133,112,163,176,238,25,140,239,38,90,206,250,105,120,103,77,23,168,189,229,19,169,227,24,79,226,34,85,213,111,119,119,227,154,109,59,57,194,32,6,191,52,194,91,25,181,237,21,82,224,106,141,189,115,116,173,175,204,151,40,91,197,154,7,193,151,45,76,228,85,242,244,239,202,163,0,208,142,85,242,193,185,182,178,124,129,73,1,98,48,31,115,148,233,49,36,54,135,38,1,94,86,148,227,42,112,118,128,251,245,132,220,44,74,219,144,71,3,145,70,8,199,101,172,243,214,130,48,84,241,254,208,32,35,27,56,34,139,39,17,34,236,239,2,122,128,68,16,22,254,63,199,151,167,114,15,164,132,209,46,161,29,181,189,88,204,167,209,209,87,209,105,72,47,57,55,214,99,58,184,154,2,177,24,137,28,128,104,194,188,201,164,21,151,19,192,194,184,217,119,108,145,30,167,8,225,78,157,243,42,115,115,115,63,67,33,109,184,216,106,91,220,49,79,143,57,184,65,255,210,67,86,240,250,238,155,133,30,112,140,193,18,132,93,187,205,152,42,26,176,211,94,99,135,55,56,189,31,92,206,118,88,183,110,170,216,115,130,71,31,123,122,43,107,121,101,95,113,189,88,175,97,133,118,87,186,45,25,25,98,179,97,41,87,231,229,195,86,183,64,240,169,109,138,58,43,26,101,37,70,16,175,171,187,96,204,94,197,237,71,163,204,40,75,197,114,213,75,36,128,21,52,63,240,83,202,106,115,34,63,215,130,53,31,254,167,109,101,169,129,198,97,49,30,116,36,129,65,28,231,89,111,104,81,207,59,18,247,229,114,176,222,250,132,61,10,173,103,80,3,151,227,212,11,0,29,121,119,145,82,12,192,174,190,199,158,241,248,155,132,198,87,144,160,148,8,57,237,222,180,233,216,233,11,158,241,155,180,215,28,84,129,6,17,160,23,182,224,69,41,131,123,115,158,34,143,56,79,8,215,94,221,97,209,114,161,25,183,191,184,205,134,82,1,251,249,248,15,205,142,59,69,45,127,103,194,182,201,138,89,238,39,110,171,250,23,160,21,186,211,108,178,229,88,221,94,225,97,192,181,220,189,155,17,190,191,198,145,54,48,36,232,154,237,34,109,186,211,122,41,122,84,194,159,16,90,198,164,215,57,58,63,170,87,171,203,123,245,119,66,212,247,185,142,186,130,243,143,34,112,135,254,210,143,66,214,241,203,86,98,138,219,215,75,246,247,172,235,254,227,211,62,75,185,70,205,82,111,100,76,131,70,3,207,39,72,13,178,217,10,82,208,78,223,209,17,193,93,144,205,33,189,160,42,192,144,51,99,232,71,16,190,152,2,247,9,136,85,148,180,170,193,135,218,247,15,116,77,152,191,228,113,127,104,189,197,183,192,173,173,80,186,103,27,35,92,62,221,12,42,80,22,81,125,80,207,93,87,129,111,82,179,101,89,23,140,81,7,238,28,166,247,255,4,250,245,27,170,230,70,39,112,170,254,234,61,69,21,189,193,164,12,197,150,59,74,7,230,80,244,28,171,5,214,114,157,27,148,58,76,31,138,92,39,92,206,143,90,224,68,31,117,131,185,163,3,233,27,115,90,248,179,88,152,241,145,254,128,231,27,134,70,205,107,172,190,166,73,51,226,15,93,172,162,219,163,233,249,107,115,135,73,222,35,40,117,103,213,79,166,239,26,146,74,235,16,190,97,90,135,191,85,162,206,25,186,153,113,120,157,24,83,155,22,31,5,121,129,15,155,150,146,79,214,92,38,154,172,177,119,95,140,31,215,45,206,74,3,213,57,19,90,222,29,134,47,2,177,73,205,57,88,192,57,240,250,22,170,198,185,165,165,241,19,167,10,157,23,121,112,42,131,123,152,26,54,99,112,43,20,23,75,190,122,20,200,112,245,234,14,248,30,146,222,214,68,242,244,146,208,131,24,97,92,117,193,142,76,22,193,159,28,191,201,137,90,226,70,19,188,189,179,203,147,55,158,247,255,248,24,174,218,95,150,148,245,239,180,209,68,18,138,239,234,159,203,64,66,0,121,49,91,174,209,7,160,37,44,248,173,76,174,149,242,172,2,195,1,39,135,92,168,197,128,122,57,83,243,204,138,251,138,246,114,60,236,239,181,229,24,1,7,135,91,170,191,148,62,245,234,67,40,84,207,20,26,5,154,197,2,111,120,234,218,21,16,159,40,29,26,121,83,210,249,155,36,53,9,100,91,15,162,17,207,129,96,214,126,140,64,54,93,236,31,153,46,111,153,45,115,158,9,220,102,200,140,83,1,248,254,255,254,249,250,8,225,88,221,95,221,96,194,179,240,31,135,97,223,95,198,164,21,173,222,94,230,166,225,65,47,106,184,186,188,158,9,40,88,228,69,7,177,161,35,49,223,1,181,70,224,217,220,59,36,107,93,189,183,157,9,33,171,119,78,159,228,251,208,198,128,50,190,116,108,160,12,162,232,200,151,243,4,181,111,105,34,66,220,110,125,0,154,51,89,192,140,222,188,31,76,177,60,192,134,193,85,164,98,169,11,115,25,126,71,246,140,225,80,176,152,181,104,233,26,179,223,70,34,148,55,63,54,86,239,22,176,235,68,23,175,236,50,77,10,219,117,133,98,210,136,75,18,197,168,235,49,103,209,112,161,23,191,174,0,251,246,28,152,32,161,22,161,18,195,252,222,72,32,161,1,232,27,147,138,49,90,227,44,65,239,57,240,163,182,149,165,193,53,202,114,127,92,139,50,86,194,154,108,201,31,86,136,43,38,81,66,12,142,172,171,201,140,73,235,15,82,246,226,101,160,180,196,152,22,189,133,114,156,248,226,220,193,15,125,31,245,150,2,77,177,146,153,4,250,168,123,88,184,162,137,234,53,3,160,158,176,18,153,40,125,114,142,80,32,162,253,2,11,224,68,46,128,120,125,132,127,117,132,109,203,164,247,17,201,145,48,98,209,136,76,15,199,148,39,134,128,211,87,228,92,222,73,17,160,2,61,26,160,16,165,213,50,111,76,143,242,225,192,113,37,248,232,30,125,39,95,209,80,240,107,204,22,114,53,34,65,254,58,35,74,119,74,235,37,126,238,140,173,161,178,59,196,120,233,221,14,37,96,231,225,207,90,177,183,73,170,244,195,95,98,97,253,217,105,194,182,195,171,243,30,138,86,238,35,122,141,105,193,161,16,193,180,201,152,45,119,127,118,140,71,14,208,162,32,131,108,193,190,171,244,27,156,16,198,172,247,255,248,14,28,126,114,187,211,105,176,195,155,114,122,127,116,122,86,176,245,188,63,227,15,54,15,75,134,63,25,140,251,226,72,234,34,213,142,207,72,177,175,155,241,99,169,184,44,43,75,252,114,0,187,185,165,15,209,127,28,154,246,40,86,146,43,99,181,224,39,93,214,53,64,2,137,28,7,148,230,82,209,6,116,87,200,134,211,221,227,57,42,100,94,183,217,115,95,221,75,8,212,34,141,40,117,68,54,79,223,225,13,209,68,249,0,124,131,82,177,225,50,100,179,122,70,44,92,179,230,61,24,169,157,224,121,142,80,250,184,218,111,83,10,218,14,153,29,170,253,245,238,6,160,243,40,126,100,136,35,87,126,57,12,189,169,190,131,10,215,80,12,183,167,253,225,69,200,148,251,234,242,121,7,98,43,2,157,140,0,167,17,134,81,224,31,71,10,91,169,153,42,152,253,188,33,81,237,23,116,96,113,154,204,38,120,123,59,171,119,235,10,232,53,245,149,30,84,39,78,222,24,52,9,121,153,239,22,144,15,119,121,12,149,212,120,175,177,236,42,37,126,27,34,98,152,2,104,78,8,137,14,83,142,118,187,161,2,243,40,132,87,229,34,77,110,105,149,194,167,164,158,15,180,146,167,129,206,98,253,13,199,64,177,180,164,221,215,1,240,209,53,223,234,100,241,255,232,62,69,43,97,198,118,160,19,147,17,100,212,110,135,105,196,167,162,13,164,240,150,149,248,250,239,236,250,165,254,161,139,255,237,197,178,174,150,33,129,211,241,150,102,154,54,91,222,26,206,89,213,95,165,167,218,36,234,0,235,5,229,239,93,223,66,1,254,166,26,136,100,174,193,176,201,144,241,252,191,23,13,137,53,78,185,193,129,145,49,198,250,135,107,107,70,30,19,43,40,83,11,150,12,178,227,100,207,140,89,210,96,218,129,122,139,86,209,95,184,185,199,145,61,26,103,168,14,204,165,14,219,71,255,241,50,96,233,64,58,35,95,214,72,173,79,103,31,97,200,108,174,147,118,145,6,203,82,223,78,3,237,236,145,160,113,97,191,161,213,63,213,117,119,149,31,53,43,131,101,151,66,36,138,10,92,51,129,130,20,49,12,196,61,74,232,233,41,104,28,22,41,181,147,156,126,217,38,94,103,190,154,42,97,112,179,218,62,17,79,104,25,7,61,242,191,20,56,28,254,156,207,227,37,149,214,240,248,214,73,148,201,152,217,28,42,11,0,209,128,123,141,62,59,67,50,78,9,220,91,209,128,124,134,82,252,1,237,30,154,36,141,62,57,73,33,129,115,152,39,112,163,8,217,90,230,63,52,73,33,169,243,10,221,114,148,41,121,139,81,242,29,155,38,112,171,9,209,113,161,16,204,127,120,139,85,231,66,45,101,179,225,106,187,179,219,94,209,111,173,5,54,49,89,254,240,18,180,183,191,5,191,175,227,44,65,241,58,38,136,72,196,133,35,235,144,162,107,107,133,89,178,166,134,194,12,46,35,98,184,61,158,121,232,253,235,29,98,150,208,140,65,215,77,30,155,243,3,131,43,64,22,59,27,181,207,44,15,185,54,193,70,27,68,252,115,252,17,103,85,234,35,68,146,192,24,107,20,22,16,121,40,215,240,245,115,63,231,154,1,3,139,208,86,188,151,170,134,97,124,52,225,229,115,121,148,70,22,187,184,191,200,175,218,108,169,236,60,67,29,169,248,255,4,247,0,245,27,173,222,94,224,81,243,39,144,52,91,235,47,88,241,46,114,141,79,13,215,96,216,113,152,29,160,26,178,207,138,91,224,70,47,106,166,6,231,59,53,99,31,117,134,105,211,129,95,204,109,156,111,131,99,199,129,67,233,73,234,88,219,198,249,139,96,140,228,70,155,149,248,235,60,51,247,12,157,7,102,187,100,69,248,217,64,174,125,125,40,48,239,186,244,244,28,184,212,102,198,178,219,83,0,9,212,104,192,204,155,17,192,189,206,122,132,100,24,137,79,25,163,250,252,212,129,107,100,193,80,128,70,236,6,94,108,174,151,229,208,23,219,63,58,81,5,214,117,153,36,120,143,83,6,210,129,124,135,80,9,229,66,29,163,38,148,38,133,115,234,18,173,237,50,87,223,78,236,15,191,93,116,143,54,10,62,190,32,114,94,61,157,124,62,21,65,58,56,230,60,11,188,69,53,85,197,140,231,255,194,144,206,152,42,78,225,245,18,145,54,28,103,89,233,17,168,108,16,34,71,246,251,115,252,186,158,2,124,64,243,244,1,96,54,216,92,207,116,134,80,243,8,203,130,91,208,113,144,51,74,5,212,102,176,210,107,161,255,230,49,80,242,11,193,158,7,206,120,121,120,123,114,139,66,29,139,65,32,129,95,198,144,51,73,7,204,127,102,177,209,112,146,45,90,211,104,170,229,52,69,18,172,223,34,18,172,210,107,91,212,56,22,129,0,23,97,208,93,221,84,163,9,170,215,65,56,72,248,225,43,80,181,151,70,245,255,194,56,91,243,206,149,46,67,244,234,24,63,247,148,40,108,159,4,213,99,184,186,180,198,145,48,81,239,21,164,248,251,241,15,180,198,145,48,82,235,32,129,94,200,140,63,36,119,127,102,175,212,101,178,204,125,108,158,7,204,126,103,172,222,72,9,199,143,54,64,35,122,116,135,77,252,237,27,144,49,78,248,215,52,69,16,137,35,42,117,118,154,14,162,12,179,209,38,123,71,249,203,152,239,249,232,226,9,96,105,180,194,8,236,255,232,202,92,103,22,62,46,235,154,63,152,135,176,164,105,122,114,135,36,82,155,28,110,179,140,186,161,230,224,254,224,7,136,79,219,169,209,145,79,13,201,161,24,165,232,40,18,208,84,232,201,94,97,42,4,220,226,181,237,142,164,79,16,190,107,173,141,201,108,122,91,94,107,177,142,255,130,1,31,192,145,49,100,199,149,37,123,98,141,174,170,228,51,32,95,118,139,37,160,33,152,225,182,81,95,173,254,244,231,71,209,236,9,174,136,6,201,78,182,197,118,241,118,128,114,163,231,249,230,3,77,206,120,118,86,189,92,217,17,91,184,32,18,146,237,12,212,129,126,11,170,6,220,1,125,108,57,4,136,20,95,176,243,4,184,222,42,126,44,218,65,8,123,45,82,176,142,61,16,17,127,215,47,83,229,11,157,186,192,92,116,137,48,207,88,118,55,51,245,176,189,168,57,31,168,185,202,60,219,58,154,164,222,8,188,197,175,243,151,143,4,194,58,63,222,237,32,109,26,121,18,100,172,139,240,253,231,126,82,44,130,50,68,42,109,141,47,90,198,132,73,12,175,187,208,130,69,252,164,21,169,213,129,124,126,31,159,4,202,53,84,207,110,25,11,149,33,123,70,235,208,125,77,27,136,12,58,14,56,6,219,2,218,245,248,177,186,216,100,104,57,29,103,150,173,125,123,46,31,34,35,185,170,255,62,23,157,34,156,16,187,153,241,18,162,6,178,251,17,200,82,99,74,142,154,9,225,76,153,57,233,183,162,218,60,186,86,242,203,72,168,145,110,136,96,222,85,229,75,34,146,44,118,176,242,13,209,132,87,244,37,216,75,4,237,59,59,51,82,224,50,88,141,204,101,146,21,47,249,8,136,18,73,173,28,132,127,208,98,189,190,182,205,125,118,111,124,71,18,163,4,138,213,73,227,32,14,90,229,241,213,0,137,133,65,50,108,14,168,235,49,98,211,107,170,181,54,178,155,253,137,84,202,177,240,46,32,247,140,200,233,14,172,217,247,31,54,207,89,179,177,91,115,154,212,45,247,164,54,47,109,182,26,130,98,226,94,201,146,31,118,84,216,95,215,115,159,28,165,233,29,155,37,139,90,235,18,161,241,48,108,181,211,13,162,27,160,235,11,118,157,18,155,46,117,148,219,91,132,229,24,120,98,72,174,234,226,2,119,34,188,158,25,159,5,227,67,31,160,8,228,55,81,3,223,180,183,192,184,217,101,181,205,99,201,112,140,193,17,125,89,225,0,236,2,3,182,106,193,100,44,227,196,31,161,158,249,3,177,192,72,184,181,76,137,228,84,218,21,40,226,82,225,245,25,141,56,19,162,18,121,182,156,26,71,157,242,234,12,75,163,9,132,28,43,8,8,187,206,135,78,9,229,87,221,92,228,74,7,223,93,233,39,128,126,131,94,230,144,35,125,130,120,148,41,114,127,87,233,217,232,16,142,32,15,87,239,211,46,244,172,28,131,133,119,127,122,149,48,84,250,25,183,189,193,198,170,237,73,122,99,190,203,160,4,222,59,32,141,238,168,207,81,214,235,195,170,164,189,70,183,254,216,107,176,229,53,93,225,66,46,95,198,163,3,217,107,184,187,195,163,252,0,243,111,132,95,237,48,83,244,248,233,49,1,110,126,69,252,123,21,181,128,40,7,116,198,133,127,128,100,205,163,12,193,181,233,71,14,206,158,30,136,96,237,61,43,118,163,16,187,223,175,195,160,36,138,70,24,141,44,106,86,111,121,83,210,249,153,40,39,51,228,220,142,43,136,109,157,31,165,14,187,198,170,238,25,170,3,250,244,25,182,222,77,35,238,6,209,129,120,158,11,205,111,133,94,122,2,193,124,87,106,72,27,78,190,67,190,232,29,164,0,13,205,129,137,104,178,245,27,150,139,49,81,5,232,50,76,7,193,144,63,216,233,13,151,4,97,98,206,55,2,119,35,185,166,6,235,42,107,198,155,23,195,181,202,169,9,207,159,38,119,166,14,188,199,170,62,23,161,28,174,220,90,199,127,113,64,177,181,159,238,164,152,43,31,74,160,167,45,76,19,179,204,143,74,32,131,103,187,191,174,9,235,33,143,70,31,144,99,220,81,3,50,60,49,93,204,136,60,29,150,212,246,228,20,144,191,71,29,72,207,17,84,38,99,217,103,174,235,59,57,56,75,27,170,230,68,52,85,233,73,105,151,30,156,36,140,63,48,69,4,225,242,156,244,228,29,23,65,49,14,125,6,119,189,157,45,119,128,116,159,34,125,126,129,105,167,254,0,248,250,6,238,59,50,95,226,94,206,153,130,76,0,247,21,178,206,131,75,240,30,59,191,138,32,106,47,248,12,124,52,226,227,120,103,185,193,200,156,20,203,150,40,146,78,254,15,217,93,244,36,124,142,63,39,202,116,138,91,220,80,253,221,59,60,225,207,91,174,191,49,241,31,68,220,233,206,184,169,247,19,187,178,227,102,207,119,144,63,49,81,1,240,45,94,220,95,206,121,144,90,225,64,52,88,242,12,206,141,158,247,5,251,253,235,41,78,33,109,132,104,146,206,236,143,6,189,74,16,149,69,12,129,218,47,214,43,108,78,245,167,227,8,42,76,242,7,109,189,131,75,166,159,0,107,45,249,22,149,228,187,51,57,10,176,203,158,31,164,20,176,199,127,111,179,223,99,214,101,164,231,31,132,103,178,220,62,74,31,155,34,34,100,213,114,116,110,78,21,171,208,142,84,246,181,205,45,234,8,167,215,234,199,159,196,92,107,71,77,237,61,62,44,125,130,97,219,89,221,103,182,198,178,236,36,147,134,62,41,122,135,103,175,223,46,106,141,53,197,6,156,246,249,121,235,240,254,134,91,178,236,22,97,57,18,45,38,122,35,118,35,111,101,19,143,41,98,93,237,205,9,172,186,156,155,180,215,27,88,118,37,179,185,200,157,36,119,149,76,16,178,228,98,212,102,192,181,45,73,13,225,84,232,51,61,27,101,175,248,0,212,91,215,80,231,33,135,60,32,115,169,0,250,5,120,96,227,74,237,4,141,88,225,47,114,170,244,188,184,109,43,71,236,7,89,123,129,28,83,133,250,52,51,93,236,48,83,252,13,208,114,159,38,147,44,115,172,2,220,99,220,108,159,26,176,45,76,4,248,29,141,67,0,245,237,21,39,226,174,171,225,58,11,156,189,182,163,1,89,46,211,38,140,60,34,244,238,58,8,236,214,5,215,72,137,42,0,154,10,114,59,29,136,153,1,35,157,223,62,72,24,139,53,74,247,241,6,221,60,29,113,155,237,21,58,9,234,4,245,250,181,61,5,84,176,219,2,218,246,246,209,207,93,192,157,170,7,126,246,228,19,145,188,81,1,158,207,18,81,46,72,31,152,33,130,121,140,66,53,77,1,1,2,224,97,220,80,5,228,143,37,120,159,37,117,142,43,82,191,144,36,124,139,110,190,194,190,164,231,51,101,222,111,177,238,8,185,169,232,66,37,138,52,102,203,152,41,12,167,10,208,51,84,202,180,231,70,215,211,250,126,201,111,137,64,193,195,76,142,30,102,152,166,147,57,245,201,36,29,203,115,165,82,218,85,250,19,197,150,44,82,219,38,109,191,171,212,89,220,65,20,156,22,144,36,103,206,147,66,45,255,214,48,196,101,160,161,11,163,1,89,48,204,57,83,230,33,246,32,146,23,136,2,251,247,237,57,85,243,192,174,140,207,92,172,198,29,46,105,103,116,34,36,182,174,236,58,86,227,77,12,198,146,62,60,68,25,171,245,28,146,65,51,89,217,105,188,25,134,82,0,250,255,231,57,32,148,15,175,86,83,186,162,154,30,63,201,138,46,216,63,192,91,200,55,234,15,177,30,114,206,156,226,50,102,209,133,108,191,160,248,21,198,168,0,244,247,228,68,243,4,109,166,208,145,37,53,190,131,218,32,140,238,22,65,20,119,222,48,70,9,104,206,42,244,237,250,221,215,0,243,199,83,132,251,48,70,50,98,189,189,192,170,230,66,54,82,237,45,116,151,35,157,116,117,133,102,196,168,237,37,102,159,217,71,21,191,185,226,88,208,107,187,198,190,199,126,90,196,183,217,111,164,154,251,18,187,155,251,166,13,193,143,83,7,222,255,240,196,37,87,186,156,155,181,213,33,68,178,113,205,114,183,208,123,155,41,110,189,180,206,156,23,164,34,157,19,207,209,94,201,154,29,142,69,251,2,198,137,200,252,190,150,191,175,183,235,66,54,6,70,161,137,167,212,91,205,29,176,133,225,37,81,216,230,212,120,58,252,140,229,114,129,137,106,175,254,243,19,206,127,109,193,250,228,56,75,9,201,145,34,107,118,109,149,73,33,114,127,105,153,11,182,200,122,101,166,237,39,113,155,3,250,14,207,132,250,220,111,165,219,57,236,59,56,43,127,129,112,74,16,99,71,241,235,9,82,144,67,214,37,15,90,18,155,40,132,94,208,141,61,67,54,75,4,237,57,149,18,172,236,46,111,151,41,78,10,174,211,236,144,255,211,117,70,26,69,142,245,250,98,70,146,176,143,146,84,92,24,137,81,161,126,39,109,134,75,40,74,159,251,240,170,134,193,181,184,112,168,226,57,15,173,239,227,121,83,244,183,76,226,25,128,238,187,194,91,151,184,97,0,211,129,117,132,102,197,177,215,136,94,210,149,53,77,37,134,88,6,229,53,83,248,8,204,149,138,51,75,24,188,210,109,162,239,4,224,245,146,16,144,27,30,42,118,63,235,189,82,42,83,1,250,253,242,53,98,197,187,195,162,34,144,57,87,237,28,165,15,15,163,251,14,217,89,225,50,61,53,245,146,17,142,34,10,104,186,115,80,143,219,145,31,155,43,125,111,179,237,31,165,21,169,6,230,52,99,220,84,2,235,35,140,86,75,239,22,183,233,60,47,95,186,165,253,156,157,239,242,244,146,208,132,19,111,49,246,65,14,200,162,30,137,95,240,44,94,223,112,168,235,58,93,222,74,30,178,217,87,244,50,102,176,227,81,98,170,236,72,38,113,151,3,2,202,108,174,192,70,131,202,84,212,3,228,22,191,155,211,228,17,48,30,146,220,76,159,250,197,244,238,12,183,94,236,208,241,209,114,120,117,170,196,48,73,6,102,82,106,147,252,227,75,16,164,235,37,100,172,211,113,128,85,211,138,95,220,94,107,135,110,169,207,94,125,137,77,234,66,57,71,195,165,165,129,69,242,246,141,221,92,141,3,118,37,178,194,198,157,13,203,144,69,27,188,192,172,10,42,83,235,55,93,238,25,160,234,54,41,96,68,136,21,141,53,196,10,149,17,76,10,125,16,182,171,94,172,123,41,93,119,43,76,252,63,16,247,33,83,214,80,252,22,188,191,190,201,123,109,197,175,229,75,25,134,64,20,166,4,222,79,22,175,191,143,236,60,54,48,113,174,234,219,92,129,238,253,202,109,39,18,190,101,121,20,75,65,14,204,147,49,80,6,226,72,13,206,143,81,242,30,156,40,107,181,217,107,164,10,217,197,130,94,221,100,190,170,238,255,247,231,39,238,138,19,149,193,172,151,193,164,226,187,148,193,86,212,18,89,196,147,120,98,252,16,133,77,34,156,0,216,96,180,188,164,254,217,62,73,22,137,47,10,225,70,255,3,246,17,102,188,97,77,224,32,107,46,250,4,149,234,192,73,72,251,11,222,75,31,168,236,55,92,208,142,171,207,118,151,69,39,111,156,244,24,131,83,108,17,127,83,136,85,155,181,198,123,240,245,159,188,163,164,164,227,54,144,26,210,143,8,183,180,219,100,167,225,69,7,195,143,67,9,184,171,232,79,0,248,25,168,212,80,147,157,123,68,21,158,222,35,42,112,104,161,248,255,134,69,225,169,229,29,175,170,212,112,183,221,101,224,96,183,184,222,105,193,203,157,252,192,22,18,122,97,203,66,38,71,12,139,191,28,44,6,190,58,218,68,34,80,240,13,139,1,242,239,158,135,243,153,178,1,245,249,175,236,23,155,233,33,148,243,46,17,90,190,15,67,0,163,233,63,64,64,207,92,221,50,238,140,175,69,229,34,27,95,216,47,82,231,253,169,249,217,222,200,47,229,207,171,203,196,184,142,37,107,191,203,145,74,15,176,203,160,40,123,147,71,252,221,60,45,109,160,8,215,57,48,234,247,232,77,208,111,144,4,149,52,40,243,137,237,170,127,153,0,33,161,9,156,12,186,132,21,181,165,124,237,192,50,231,125,217,113,156,16,159,208,97,168,248,215,87,117,142,13,184,180,150,223,85,195,33,255,138,211,4,36,220,67,252,249,213,15,216,13,75,230,13,162,135,241,33,60,244,161,165,49,61,68,66,51,75,25,183,36,102,179,223,105,198,145,56,44,79,219,108,169,170,238,238,23,151,236,219,99,155,154,149,201,22,58,131,191,153,250,0,192,79,24,75,144,22,124,87,105,73,25,86,167,136,241,79,227,80,23,164,248,17,202,231,28,143,71,41,121,121,129,80,226,36,149,50,52,47,246,116,245,114,252,181,152,16,172,228,215,83,182,42,101,140,74,40,61,39,152,60,32,119,131,77,242,3,226,44,48,197,3,75,206,97,187,52,184,42,49,55,56,188,32,242,220,58,210,118,86,216,84,237,191,156,218,189,170,204,190,203,140,247,163,252,216,216,63,195,82,225,235,206,100,180,23,189,186,156,246,181,225,72,250,16,208,132,13,197,68,164,218,49,54,205,30,152,215,35,20,75,64,16,201,179,226,63,55,81,13,188,199,186,207,117,155,62,149,17,176,231,76,6,211,117,107,179,177,201,10,56,7,181,188,49,195,114,148,23,188,204,142,238,50,75,244,159,211,82,231,174,75,152,26,148,38,113,142,55,62,40,106,165,243,9,200,139,65,31,132,85,228,55,60,46,87,221,74,4,215,93,203,129,96,194,155,18,174,218,85,226,60,47,87,222,71,13,187,178,203,130,93,202,131,88,219,82,237,28,143,53,67,25,150,32,130,93,204,127,101,178,169,125,106,152,26,77,255,184,149,1,127,154,217,37,146,32,94,156,166,13,191,155,19,140,73,163,212,120,160,18,143,49,43,252,0,214,135,102,179,156,247,19,180,139,18,128,140,43,110,92,233,32,111,174,223,28,116,117,73,33,122,104,157,166,191,186,152,25,117,30,159,0,166,20,212,150,253,198,96,89,215,92,206,119,126,105,167,239,23,158,7,204,126,103,173,219,81,240,19,168,234,36,119,127,102,176,210,107,161,0,227,57,54,63,36,117,131,91,210,107,162,254,233,38,111,148,37,115,136,75,1,222,71,13,186,179,201,135,76,254,234,37,115,138,69,19,170,228,20,123,112,141,16,140,238,35,93,211,244,152,177,206,59,203,108,49,33,103,207,157,211,220,21,87,110,126,69,251,125,14,201,68,219,237,194,218,71,54,96,201,174,243,14,215,189,154,23,188,209,113,155,5,2,142,198,116,100,159,144,213,115,71,210,8,113,206,103,191,178,212,102,201,184,220,80,8,246,33,130,117,172,239,22,184,227,165,227,57,76,33,145,50,88,206,168,156,157,240,238,0,110,60,64,225,5,110,62,102,157,31,160,18,174,235,55,68,24,172,249,26,150,49,100,191,166,3,238,32,130,111,179,59,34,127,128,134,80,249,233,86,147,185,155,237,3,102,83,249,181,138,223,235,96,176,232,71,23,159,24,187,201,137,90,243,36,121,139,93,52,53,71,38,132,89,224,53,116,57,197,120,88,193,44,1,239,211,47,240,184,248,233,56,73,17,178,221,98,222,73,23,180,221,76,15,197,154,21,180,220,178,188,176,232,72,39,112,158,251,31,54,206,92,171,203,14,90,230,240,217,242,177,13,168,255,3,229,52,91,241,23,157,30,172,1,223,90,251,15,182,215,128,190,152,32,163,6,209,118,114,186,102,63,11,158,241,156,178,222,5,153,180,109,219,63,58,80,4,216,111,178,241,18,194,180,206,122,136,99,41,86,226,76,19,189,172,230,35,169,152,168,208,79,221,216,253,252,173,162,152,192,224,47,109,195,169,232,65,74,23,158,31,173,248,251,8,243,121,103,176,234,76,23,159,17,164,38,33,14,157,233,14,69,183,205,56,255,130,3,25,134,96,213,128,99,200,158,31,135,95,216,179,183,193,178,204,135,64,251,101,122,39,251,215,59,25,35,29,155,207,60,202,43,160,240,36,151,62,42,121,149,58,54,83,11,224,67,45,121,141,65,70,43,98,206,153,59,49,99,221,191,150,38,142,77,251,250,232,90,134,224,40,73,241,157,175,230,239,219,237,195,217,70,37,134,96,196,170,242,21,165,6,229,68,23,176,224,75,4,234,60,149,19,169,245,24,188,175,221,62,88,141,201,108,123,90,98,96,211,39,50,232,209,175,196,173,244,7,225,80,247,25,176,213,122,134,81,1,244,34,127,128,209,94,200,159,46,119,125,115,124,156,192,51,47,50,53,208,21,181,129,38,11,103,235,14,202,160,22,162,14,208,129,97,209,137,106,166,4,241,28,142,74,32,165,250,20,176,212,120,146,61,44,113,169,72,249,250,7,230,80,244,17,162,44,15,67,255,194,132,227,220,95,132,29,39,19,231,30,160,5,232,75,35,123,134,110,179,204,143,55,84,4,239,26,251,226,62,58,81,7,208,123,99,232,220,222,44,60,23,40,12,206,55,4,115,48,146,27,164,7,218,86,242,25,160,4,238,69,48,83,251,1,231,45,116,181,225,63,56,85,250,246,20,181,31,117,140,108,184,187,184,174,179,177,158,223,68,19,126,66,203,140,32,176,209,217,212,85,239,0,232,2,196,185,222,37,128,22,49,53,31,110,37,23,174,151,228,212,14,249,50,59,52,90,232,58,55,72,255,214,106,86,112,118,94,176,93,110,169,164,188,73,174,24,142,91,219,87,255,4,219,112,169,233,61,75,31,138,107,196,153,48,113,241,254,235,63,64,37,126,90,195,163,170,115,112,112,121,4,123,131,22,101,78,157,74,241,33,145,54,69,49,86,224,84,3,248,0,8,54,47,88,240,35,123,121,107,144,61,220,220,50,41,79,130,255,247,188,117,32,39,172,205,148,80,255,230,67,43,120,124,130,117,146,46,107,176,218,85,244,34,237,11,193,179,232,53,69,30,124,93,213,22,47,58,18,148,178,112,164,180,140,217,252,46,72,29,166,18,174,234,58,82,238,43,120,155,19,188,201,169,234,57,81,247,0,248,21,194,157,31,167,87,205,125,122,133,99,187,186,168,219,93,125,250,217,51,49,219,245,21,98,130,247,163,55,43,117,146,51,76,17,188,181,198,163,11,219,84,247,12,208,115,155,41,129,96,213,116,155,20,185,206,216,72,17,219,116,136,83,219,64,45,14,71,241,236,7,88,125,124,44,38,14,96,2,201,152,50,109,156,30,158,45,94,219,107,190,173,248,17,178,222,93,222,78,19,5,195,154,43,129,126,106,175,187,218,32,89,215,89,175,178,125,117,99,174,71,203,36,73,160,24,103,150,67,65,232,158,206,42,242,241,237,4,98,94,216,23,98,88,130,156,252,9,233,44,117,138,69,45,126,106,186,188,175,232,62,53,70,44,114,141,79,17,208,117,157,32,134,109,0,210,108,181,235,55,61,51,60,94,122,4,188,140,39,248,157,29,74,203,28,51,137,60,87,254,243,50,85,234,78,27,153,59,56,66,71,34,127,126,118,129,116,160,12,232,61,46,108,172,230,87,247,7,248,11,201,170,60,30,139,83,244,7,216,76,45,14,71,242,233,16,62,202,150,224,10,97,100,245,242,34,160,33,128,120,156,21,165,8,237,61,43,119,156,23,167,27,171,226,82,16,198,145,63,52,85,228,74,35,131,89,238,57,62,42,123,150,129,79,251,21,198,146,51,60,94,122,4,187,142,31,18,80,4,150,231,201,46,150,13,210,154,50,79,6,228,89,217,111,195,185,185,206,168,13,188,194,184,211,108,176,229,69,21,182,218,96,198,165,8,223,71,32,151,64,37,134,106,189,174,234,54,82,236,50,101,189,173,238,43,120,123,133,102,193,162,22,209,226,42,101,198,179,233,41,115,125,153,201,22,134,47,62,180,105,183,123,56,215,3,23,138,89,250,5,214,120,162,20,169,254,12,209,111,170,10,218,86,240,33,137,72,32,174,251,242,27,166,12,192,183,225,87,222,91,232,57,55,77,10,206,120,138,92,242,13,209,149,146,28,148,75,22,162,5,197,108,18,115,59,193,134,47,62,180,105,184,120,64,189,80,49,62,57,77,9,200,155,38,130,92,224,92,217,92,243,44,95,216,119,154,26,182,214,98,206,138,79,245,21,186,197,149,52,90,226,62,57,75,100,167,241,37,139,85,230,61,31,179,123,0,200,102,153,164,152,42,33,70,173,130,156,255,2,252,243,35,129,98,217,117,135,105,195,155,36,144,86,229,78,4,217,109,180,222,76,24,177,212,132,115,141,86,251,244,34,233,23,159,30,179,216,91,218,70,62,217,230,22,126,79,128,5,229,241,212,2,131,151,16,208,122,122,148,66,33,154,41,109,192,197,152,57,83,241,48,94,202,154,49,111,157,42,108,162,19,196,170,233,66,49,84,6,234,40,134,103,176,241,123,96,198,164,4,224,66,36,104,217,9,86,198,110,127,241,178,222,8,145,203,39,171,208,137,98,202,133,103,197,166,242,35,150,60,49,102,198,151,30,155,42,132,87,243,33,143,54,84,253,4,215,114,169,239,25,173,248,27,147,62,77,21,166,3,237,40,107,181,220,98,191,185,205,141,62,61,64,135,61,45,109,175,229,53,76,241,63,217,232,16,143,29,23,64,51,6,149,191,76,60,27,161,16,192,163,11,215,115,139,82,4,241,16,196,173,231,46,104,193,193,161,16,198,170,228,71,39,144,56,87,235,34,143,74,11,199,178,238,26,163,12,211,108,176,233,65,32,147,60,70,18,187,197,253,219,84,253,5,223,71,24,141,20,141,8,155,255,241,209,121,76,251,202,17,170,149,17,58,61,26,160,216,51,187,47,220,214,249,86,84,113,23,101,46,110,142,240,40,97,189,130,84,250,193,195,125,114,21,52,221,73,202,30,115,26,110,127,117,108,67,142,12,188,171,184,150,208,126,62,43,112,139,250,144,85,180,175,250,0,183,152,141,183,69,156,165,83,92,88,98,133,230,145,34,151,43,251,22,84,118,100,146,20,49,242,29,73,206,21,72,73,251,25,179,203,149,66,47,93,242,108,141,60,64,55,89,217,100,170,211,117,55,205,95,161,230,187,84,246,191,107,60,211,168,223,112,169,240,61,66,31,156,50,94,202,147,55,153,7,205,147,87,252,239,32,114,94,59,255,211,117,70,26,108,121,240,237,182,127,64,118,231,215,39,95,209,33,21,131,199,13,53,213,28,164,234,217,108,149,32,90,206,140,10,232,11,238,25,2,89,198,157,247,3,184,160,19,145,209,226,171,167,205,112,3,151,192,117,28,163,1,96,216,61,33,238,214,4,171,122,136,24,113,125,62,33,153,40,128,115,147,37,108,184,205,145,71,45,74,40,237,5,247,9,156,14,197,137,254,133,117,83,196,155,8,212,25,39,82,201,112,29,46,106,98,131,245,169,37,99,205,143,75,5,238,51,74,23,174,49,63,39,130,131,118,130,100,156,232,47,74,15,103,67,251,97,65,155,163,179,164,251,231,57,234,181,170,195,130,232,206,137,5,155,174,126,169,213,106,165,5,224,68,33,128,193,142,64,82,14,187,189,124,227,7,183,182,65,238,0,220,208,230,7,205,118,86,187,98,208,102,201,128,74,21,154,28,68,32,86,179,49,215,223,237,159,85,8,160,218,190,20,70,205,130,65,187,160,181,97,143,167,186,161,9,137,84,159,138,237,64,41,100,180,144,214,100,134,223,36,102,187,147,45,232,200,73,154,183,106,127,123,103,98,198,102,138,175,67,188,109,164,218,240,2,144,225,159,242,0,198,154,240,190,203,51,216,64,254,207,2,127,118,63,235,189,82,44,77,14,202,151,32,150,51,96,195,172,240,38,122,151,31,152,43,108,160,31,164,249,10,212,103,190,181,198,162,18,201,138,86,245,108,140,69,56,73,10,208,99,161,15,156,177,65,143,5,193,62,248,14,152,30,19,69,210,254,139,239,240,253,45,127,58,44,126,143,71,25,147,33,160,39,131,114,125,83,247,220,73,159,17,143,56,197,48,17,66,191,81,227,161,243,235,44,60,217,122,38,255,204,93,181,80,148,56,249,190,68,189,235,17,195,180,219,82,5,254,77,236,32,150,70,52,71,24,139,39,123,78,241,167,193,193,128,101,64,192,96,86,134,254,219,183,177,177,218,49,251,21,86,110,125,72,243,151,193,176,144,247,153,190,232,24,168,251,10,196,173,7,57,37,117,156,58,80,243,19,152,1,249,3,155,27,113,147,180,98,122,6,115,54,54,168,222,44,106,129,12,225,242,154,249,211,80,125,14,201,70,214,253,146,108,141,77,25,178,207,136,94,59,33,129,114,172,253,239,33,111,133,58,84,246,232,18,76,114,251,96,155,24,137,100,212,117,56,70,229,12,42,209,16,112,155,245,159,244,185,103,27,170,241,168,13,114,17,88,254,239,17,174,161,163,254,187,67,247,205,238,137,21,141,52,200,253,184,162,247,128,48,58,45,222,189,130,92,203,87,184,106,181,182,217,81,217,105,157,17,101,189,127,100,155,149,149,136,216,204,84,171,101,123,196,184,155,10,71,236,214,96,49,229,243,219,198,100,181,192,119,87,140,73,186,30,9,203,130,107,63,216,248,228,88,229,20,158,141,27,75,2,75,151,238,127,100,199,164,229,255,212,56,173,175,212,98,148,2,140,75,229,68,176,107,169,122,24,70,32,252,221,86,192,161,117,7,103,41,52,101,166,100,43,230,57,234,14,220,103,172,209,44,80,13,186,167,134,195,109,155,13,144,12,109,172,209,138,62,16,196,142,64,215,103,94,68,169,81,150,33,144,15,151,138,173,91,160,221,110,82,152,39,97,148,224,36,248,60,29,150,215,231,224,40,200,254,119,219,185,87,208,13,2,205,135,49,82,96,86,210,129,116,138,243,44,117,166,178,157,126,215,47,84,227,14,146,220,89,184,186,89,230,5,133,81,138,46,123,69,17,219,110,179,214,108,148,24,165,30,164,17,187,185,168,187,36,230,15,206,100,170,219,238,57,80,9,216,247,14,158,171,84,87,76,210,108,153,236,248,171,237,253,18,176,173,183,100,150,107,137,178,14,113,217,70,27,101,145,153,52,158,139,4,194,44,169,216,101,150,71,229,156,140,252,23,56,48,254,9,178,44,73,43,125,107,118,90,207,45,147,67,50,86,213,97,110,211,80,232,35,29,123,124,34,231,177,213,99,200,41,28,56,43,109,85,144,65,19,125,38,81,113,210,93,214,67,26,55,77,210,28,141,226,43,108,86,106,88,191,4,74,147,136,179,105,152,181,7,157,126,216,202,85,209,12,216,95,211,51,85,196,188,176,173,184,98,157,85,202,237,91,137,135,105,177,146,72,16,190,111,159,217,54,168,8,35,250,181,174,104,231,77,11,169,208,42,115,109,163,214,58,226,77,229,44,224,180,53,178,156,251,144,76,4,228,255,241,241,33,26,45,101,68,185,101,196,4,242,25,91,221,46,126,65,136,199,74,43,252,229,223,100,160,97,169,13,199,111,166,139,217,96,85,135,250,5,66,60,62,16,154,181,55,172,78,103,115,107,179,100,78,1,113,52,243,24,9,178,241,27,115,175,175,64,160,191,205,22,151,201,168,213,171,83,88,75,114,83,203,128,215,225,215,214,44,126,93,64,153,156,22,83,209,145,59,20,169,93,95,183,209,132,89,132,120,146,78,155,133,195,10,144,27,138,199,1,80,100,125,76,255,136,89,172,143,52,226,36,152,37,87,3,177,56,184,119,165,142,46,7,239,1,63,251,223,26,138,90,248,15,210,146,41,93,225,99,205,149,66,13,140,179,58,255,206,115,10,56,6,184,180,72,124,59,29,151,224,77,210,106,160,2,232,20,127,196,54,250,111,143,11,177,218,54,87,198,171,211,108,18,48,23,80,6,196,75,21,154,19,130,84,252,189,207,85,215,204,59,212,56,211,126,62,14,200,112,74,15,103,41,250,97,102,177,226,27,115,248,100,55,11,157,45,59,69,251,12,177,211,222,204,67,217,70,34,92,170,232,51,239,6,227,24,118,133,95,106,139,82,213,93,77,109,106,145,206,130,13,36,248,255,230,63,194,79,174,56,33,117,125,11,229,230,191,138,32,105,52,234,52,4,155,173,128,161,238,45,128,127,103,195,194,192,165,10,235,64,35,143,94,61,25,152,49,124,141,62,52,53,41,134,97,169,209,16,38,224,8,124,234,183,40,17,177,226,26,117,241,120,249,199,105,201,58,196,124,74,237,168,141,76,189,112,46,255,36,103,194,164,246,18,187,180,222,93,205,146,63,39,135,184,170,230,69,52,81,241,23,143,37,148,63,60,62,207,103,207,145,71,28,51,27,5,159,239,16,54,181,149,17,77,22,165,0,172,234,7,225,218,235,42,247,160,176,226,169,7,221,51,50,1,254,240,1,254,7,222,253,4,213,85,147,58,29,134,211,219,36,117,128,58,16,98,199,111,192,180,170,106,152,168,202,182,96,108,154,165,221,112,158,232,33,1,188,102,175,70,165,194,8,228,66,181,230,19,186,78,146,54,210,17,93,219,192,121,101,134,60,39,147,85,1,242,41,92,192,172,6,254,5,229,75,242,253,220,78,14,192,179,155,134,37,115,133,41,66,204,137,39,132,21,21,68,230,200,54,225,40,142,66,240,231,150,168,107,72,143,133,119,96,237,43,67,160,248,136,43,147,201,46,83,133,36,233,247,235,191,175,183,189,34,1,118,250,193,193,148,153,141,192,172,144,83,250,220,54,245,34,132,70,46,118,144,232,53,35,145,238,138,231,255,125,22,65,47,61,38,242,126,66,36,102,204,156,31,59,60,16,201,70,130,254,186,76,170,132,114,152,221,88,141,202,106,128,73,146,207,135,12,131,244,172,30,194,138,73,44,128,99,193,112,99,164,242,143,168,130,93,204,126,105,168,236,32,132,87,221,76,254,232,44,95,197,149,36,117,131,90,211,106,164,245,3,217,86,224,65,32,131,89,217,89,216,89,214,96,193,159,5,211,106,165,242,12,190,169,233,40,106,164,245,3,218,85,227,56,57,54,63,37,117,132,85,228,56,24,48,81,225,62,226,62,251,203,95,99,237,223,93,199,120,30,199,132,64,31,123,130,0,3,240,23,142,33,52,97,195,131,57,42,81,178,161,42,82,246,194,107,183,162,248,214,252,18,204,138,76,178,231,76,18,178,196,133,98,168,223,67,187,139,18,67,25,151,30,135,76,255,229,51,74,4,214,97,192,162,252,237,26,149,36,117,131,88,218,83,233,40,106,164,246,1,223,68,23,159,7,206,119,125,108,160,3,216,90,212,103,172,223,70,15,180,197,148,39,110,153,24,154,20,166,239,21,163,250,245,4,214,95,197,111,106,164,242,225,27,66,47,71,39,103,150,49,70,22,86,236,255,221,166,92,82,142,49,89,183,164,129,220,112,105,140,224,77,11,165,109,50,255,204,155,76,208,228,9,198,140,22,125,29,151,206,23,152,168,204,61,148,92,67,232,24,165,182,203,86,162,61,15,190,203,99,67,36,101,150,163,105,57,76,242,194,166,201,110,58,64,51,47,207,11,115,111,179,21,4,197,136,44,105,132,3,254,155,160,231,9,175,98,96,211,38,53,222,237,90,197,175,247,0,249,14,194,160,35,149,38,135,95,200,159,15,183,209,138,178,187,177,231,90,233,40,115,122,91,226,35,29,253,91,160,238,181,146,64,248,186,245,232,50,111,119,7,216,75,228,184,42,247,232,109,191,123,95,183,196,178,232,68,46,112,134,72,39,136,100,203,134,64,18,159,8,231,56,75,14,150,26,44,106,122,52,134,51,79,24,126,241,25,134,50,206,233,212,205,111,120,134,45,6,244,186,69,249,211,81,124,19,187,110,94,100,93,9,188,211,121,119,142,81,82,220,82,8,228,55,69,2,195,166,206,115,34,80,20,123,48,145,20,173,252,210,247,8,185,154,152,139,237,131,76,225,75,222,245,38,34,10,170,194,133,225,227,74,195,94,99,94,7,188,193,182,208,116,154,38,209,94,202,152,56,66,30,149,21,140,90,222,11,205,81,175,22,133,92,242,241,154,30,121,89,90,71,186,27,135,49,89,180,115,171,148,181,167,202,108,41,10,212,37,58,208,26,213,82,254,1,237,28,160,19,17,159,7,224,94,211,108,171,210,92,181,226,76,232,20,70,130,203,240,215,15,85,222,212,73,199,246,73,239,55,71,226,251,50,48,88,251,212,239,30,120,92,80,99,55,177,63,242,246,250,119,240,223,45,85,100,40,57,36,20,178,126,7,200,24,125,40,210,183,222,89,191,141,242,43,104,154,51,104,187,103,184,108,60,40,246,225,253,84,47,101,156,8,76,113,93,183,199,80,253,163,153,253,231,44,239,4,182,70,41,77,197,12,44,114,129,20,177,168,208,20,176,226,33,249,143,233,16,209,186,21,146,34,96,204,91,125,143,230,192,136,38,87,104,78,10,131,32,31,43,160,246,36,138,70,35,130,94,215,106,178,210,148,71,20,204,153,26,173,69,3,220,99,215,129,95,205,108,133,100,157,174,74,117,84,212,6,160,22,89,117,104,165,241,160,242,235,167,7,179,146,165,97,170,38,147,253,220,86,249,19,207,132,97,181,187,200,165,25,173,241,1,199,173,236,7,182,120,153,30,121,149,63,53,250,254,161,158,237,23,155,160,241,238,160,29,112,93,71,124,126,80,236,159,120,70,249,242,143,3,194,150,163,111,45,91,209,110,152,27,146,44,93,202,131,88,218,86,225,62,41,105,168,233,38,111,148,38,111,150,32,129,94,200,137,70,16,178,203,129,97,192,162,253,236,30,137,71,14,183,189,170,227,56,58,52,71,13,188,175,214,97,190,168,235,34,125,106,163,250,245,3,218,51,226,61,30,136,4,217,41,64,0,129,148,234,66,58,94,225,76,231,236,96,199,131,92,177,217,242,31,109,142,60,58,32,47,237,26,148,37,115,136,74,5,211,105,167,238,24,153,24,156,16,179,200,138,69,21,164,245,3,217,88,217,88,219,80,241,14,185,184,187,178,205,123,113,143,52,70,16,179,202,133,83,232,42,99,184,187,177,206,121,120,123,112,147,42,100,182,193,158,8,203,129,96,159,219,79,242,227,21,85,246,243,35,113,119,141,49,87,148,48,50,48,117,228,157,198,171,161,74,6,196,62,21,114,176,166,236,250,110,221,151,31,124,95,78,79,198,4,175,220,63,67,54,82,163,3,177,210,66,166,108,27,41,176,9,222,83,3,244,17,166,239,191,199,97,186,142,177,20,241,17,165,225,198,221,103,186,119,136,252,124,83,199,118,12,96,210,41,44,250,156,78,49,63,41,128,123,113,150,15,165,243,112,145,62,61,24,99,165,244,103,160,28,157,166,19,92,94,173,185,159,146,206,137,4,155,172,132,149,23,193,186,187,217,123,113,160,17,185,227,76,3,0,84,213,102,201,160,5,222,59,33,138,246,142,28,107,138,207,23,174,150,230,204,37,177,8,186,187,210,117,133,94,185,137,22,137,64,163,110,111,147,37,72,229,226,71,198,31,74,8,99,110,171,229,182,23,246,30,44,72,47,125,49,194,98,111,35,95,163,224,205,29,157,202,75,158,175,20,149,54,81,0,228,75,25,175,215,111,168,253,236,50,96,216,92,226,91,234,39,129,119,160,5,230,75,118,111,151,45,110,171,227,66,16,227,236,173,193,123,88,101,86,242,203,70,171,135,141,42,118,145,62,41,122,131,97,194,182,239,48,82,254,2,250,245,28,186,202,136,94,219,107,163,17,219,106,166,8,249,99,167,238,46,118,140,64,44,81,30,57,198,116,100,159,145,212,121,54,5,110,62,102,158,23,172,240,20,181,212,116,136,92,223,80,243,24,176,240,22,184,202,132,100,193,167,240,35,137,86,227,73,27,179,201,150,49,92,208,130,111,252,221,76,20,198,167,238,35,110,200,60,190,142,21,140,202,40,122,50,17,74,169,38,94,225,102,185,185,208,163,27,146,69,67,58,53,84,247,18,173,243,54,95,199,165,35,156,15,205,167,6,209,136,121,153,25,169,248,17,178,221,88,58,35,129,140,94,201,144,38,159,183,75,229,17,152,165,150,48,16,119,25,62,103,155,37,147,61,43,119,160,21,165,7,237,42,103,195,190,200,139,86,251,253,237,47,117,147,43,119,156,23,159,26,181,212,102,197,183,41,87,227,86,237,28,149,21,211,27,31,107,127,78,131,253,253,169,173,120,31,196,140,103,197,156,57,74,14,227,75,12,239,56,60,65,53,74,42,115,147,83,252,247,38,123,121,162,17,175,228,66,36,129,143,165,227,58,74,35,157,12,199,129,59,166,184,109,42,74,225,39,251,149,52,6,151,184,96,2,202,156,37,121,148,39,132,121,119,150,68,25,175,226,62,63,83,9,199,160,22,167,11,196,172,245,4,239,70,49,86,253,243,44,97,216,116,134,99,207,118,154,54,72,38,115,163,20,166,255,239,21,178,211,107,185,229,82,244,37,116,159,34,131,121,129,128,99,209,144,51,90,223,71,30,153,24,178,232,43,121,155,18,197,195,186,182,215,128,106,194,166,18,172,242,33,128,119,150,36,137,79,246,16,14,167,237,47,121,146,44,101,166,31,55,204,100,146,19,54,227,74,195,95,97,102,240,0,248,26,155,19,190,196,164,246,21,196,170,230,69,53,87,223,91,247,24,164,35,151,29,159,35,137,73,26,179,221,77,16,213,111,149,55,90,221,77,18,209,129,96,214,125,120,123,135,112,158,10,216,122,142,56,77,28,165,250,32,160,4,228,72,34,125,129,134,102,184,230,77,253,0,3,233,41,126,140,78,250,8,234,55,61,63,69,115,121,123,144,73,9,207,103,220,1,109,128,63,13,73,172,241,206,61,200,49,143,43,142,80,251,27,176,219,126,140,70,61,80,244,21,178,216,90,229,66,34,165,16,184,228,89,223,114,165,252,24,177,218,133,116,140,101,208,122,161,25,159,43,109,162,32,138,70,35,136,77,20,185,184,202,145,55,61,59,62,47,129,129,105,212,132,95,240,52,77,37,224,49,80,8,229,76,254,240,4,175,72,208,35,8,177,173,195,38,20,183,124,52,227,222,135,58,69,42,117,132,103,193,183,191,183,215,121,120,140,88,248,250,5,242,48,87,249,1,226,77,15,204,127,117,153,51,73,25,177,226,60,63,58,69,20,185,209,136,76,14,204,150,33,145,73,28,143,69,42,134,82,253,1,255,233,66,35,128,136,94,201,153,53,99,189,199,151,32,148,61,69,21,183,216,112,147,57,78,20,168,252,4,61,25,154,42,130,125,110,163,236,77,172,109,128,64,11,78,155,33,61,240,173,130,155,254,1,10,214,96,217,126,127,102,200,180,227,59,72,54,93,204,149,84,10,198,162,12,198,146,65,68,44,95,220,119,153,23,181,239,41,103,196,190,184,187,201,180,226,63,61,82,2,222,97,235,53,69,42,144,87,224,89,0,3,218,100,199,150,33,146,70,44,95,215,116,161,0,249,38,144,50,92,220,87,223,92,250,16,180,221,118,151,29,161,39,138,70,40,146,148,21,171,12,223,70,24,140,109,78,136,47,49,54,203,35,138,4,157,166,151,94,187,205,136,76,22,180,201,166,10,199,170,254,236,64,66,30,155,40,131,93,228,75,5,238,51,78,23,173,223,94,213,103,205,146,48,107,182,198,175,231,47,114,173,223,98,216,91,230,72,33,130,116,162,11,195,175,240,35,126,137,99,187,198,166,6,212,131,112,151,61,62,42,128,124,114,169,76,237,29,164,32,147,41,110,140,25,9,141,236,173,191,130,69,159,168,251,176,152,181,106,229,36,140,85,244,9,220,99,207,119,145,73,35,124,131,113,171,226,82,11,229,53,88,245,11,195,171,245,26,151,49,102,205,124,131,113,162,255,249,11,211,108,180,224,93,206,139,85,251,242,33,153,43,100,201,159,39,112,166,8,236,32,150,60,53,67,45,128,128,100,203,162,7,208,135,105,199,143,72,37,123,115,159,31,161,2,240,45,115,140,81,6,238,28,164,15,30,119,127,117,154,54,66,36,107,209,32,17,149,255,206,4,120,139,255,170,128,7,13,172,249,19,172,246,31,135,98,195,156,35,129,100,209,124,112,164,12,227,59,72,42,101,197,156,18,200,166,241,38,137,74,36,154,20,190,202,136,101,207,118,147,55,62,60,57,56,75,22,194,157,31,158,36,120,144,74,27,150,58,63,40,124,132,120,124,136,108,160,31,165,246,18,181,198,171,83,215,94,223,110,182,192,169,219,129,17,63,12,157,244,146,207,134,14,126,3,126,167,222,94,213,100,201,155,19,194,181,196,175,239,24,184,218,86,243,27,168,235,51,92,208,136,99,188,197,164,247,17,190,171,251,8,204,145,66,32,156,33,129,117,163,251,9,229,52,88,235,57,56,79,11,209,112,165,12,217,91,238,54,66,46,105,189,173,242,36,122,142,76,254,253,4,215,116,235,15,190,208,132,87,233,27,107,20,109,76,141,33,92,183,73,170,244,197,90,113,55,125,90,231,58,65,31,156,55,82,236,53,112,173,220,101,224,93,204,144,70,48,85,245,29,175,213,123,154,41,104,194,199,169,235,53,83,250,246,24,195,169,234,54,83,1,223,92,247,16,181,213,113,160,3,239,65,62,42,124,153,54,67,42,123,147,42,117,160,34,125,126,131,111,151,47,105,198,146,60,70,50,77,20,211,128,99,202,147,60,47,110,195,178,206,146,88,62,22,160,22,199,175,216,101,165,33,49,221,47,50,52,209,18,191,100,124,11,104,233,22,180,231,67,26,165,14,212,103,192,196,185,185,203,163,29,139,86,0,238,32,164,3,219,100,210,138,71,33,158,43,98,208,147,67,25,169,4,238,24,173,254,8,203,147,70,44,94,221,108,184,188,193,184,198,146,63,61,50,82,16,193,167,21,173,228,95,214,98,209,141,67,33,162,9,201,156,48,115,137,91,244,37,117,148,68,57,57,73,39,220,60,47,103,195,180,201,147,29,186,102,63,9,164,222,213,7,223,3,158,164,155,79,229,72,32,145,50,96,212,123,116,154,44,121,120,142,81,9,202,153,52,101,181,215,127,138,71,32,150,51,74,22,181,222,75,21,186,197,150,52,89,229,54,84,0,249,249,12,211,127,104,190,193,177,210,127,125,140,66,49,103,28,125,109,173,249,28,145,58,41,151,206,7,179,165,220,218,246,17,109,96,94,109,219,64,58,102,213,102,194,171,236,31,151,46,111,152,46,102,184,188,194,178,228,55,79,11,207,120,142,76,20,167,254,247,17,179,221,90,224,70,36,134,174,198,144,70,48,109,157,21,149,253,93,144,228,197,119,90,190,53,230,66,219,23,58,218,148,20,189,200,154,20,184,203,132,109,185,198,149,56,66,63,39,128,116,134,94,209,113,163,17,178,229,95,226,61,63,60,47,102,192,164,14,212,115,139,88,250,11,194,163,249,10,38,95,199,156,27,157,14,195,140,108,79,133,57,19,145,186,87,237,217,30,36,28,205,107,179,208,116,158,39,114,159,7,227,76,1,246,26,149,60,88,239,24,172,232,42,116,143,55,84,4,215,116,247,235,34,145,80,1,225,71,255,20,87,107,135,42,75,142,220,96,127,44,251,151,92,190,186,191,167,4,247,2,243,10,219,102,179,228,84,232,63,50,76,13,198,146,68,53,67,49,196,133,83,254,10,212,103,181,182,241,195,42,74,224,43,238,188,191,100,125,9,111,214,80,8,231,65,33,151,55,72,14,206,144,70,19,189,202,167,237,48,113,153,25,172,255,6,210,131,115,155,18,192,183,196,152,47,106,173,222,92,234,146,28,145,65,58,87,221,83,221,123,35,7,177,171,200,22,69,37,48,25,53,234,98,177,252,10,205,165,8,210,150,60,55,101,192,163,8,214,107,171,12,216,99,225,80,251,24,172,230,87,53,49,79,12,222,75,12,178,252,161,143,25,116,111,34,32,146,233,238,181,105,231,30,157,34,153,25,170,248,17,175,236,77,28,143,70,29,150,34,142,71,26,148,57,79,6,211,124,128,116,137,89,236,64,34,149,83,8,204,145,68,38,113,168,25,8,185,185,198,156,26,151,39,97,237,205,11,168,200,113,27,52,88,151,228,211,14,246,239,48,106,168,3,235,34,145,73,7,229,86,227,76,7,208,135,88,219,105,197,148,58,79,250,14,194,158,30,243,248,252,3,255,253,236,39,96,156,128,41,26,36,93,169,207,2,126,120,55,3,118,39,171,207,135,92,220,79,8,227,91,211,123,127,117,135,98,205,133,86,244,29,168,236,49,105,186,184,205,140,86,225,87,14,217,89,236,52,95,198,163,16,196,152,44,115,163,250,7,226,90,214,120,171,3,220,96,213,122,117,150,54,93,206,139,78,6,210,127,116,227,40,107,180,230,72,13,198,130,138,245,145,20,133,60,185,91,228,245,200,37,24,216,72,24,176,245,3,233,63,62,40,121,140,96,195,171,249,23,159,23,179,222,73,24,170,242,12,204,142,79,246,18,193,177,209,129,117,147,42,118,151,50,76,12,208,138,69,37,137,87,223,86,246,20,167,252,2,254,233,55,80,98,171,233,71,14,193,145,93,126,247,226,26,124,250,152,44,28,84,129,4,22,144,67,37,122,118,146,60,58,54,83,249,3,219,99,205,145,51,94,219,95,200,158,26,170,230,67,48,110,155,36,137,102,177,226,77,16,181,215,111,166,242,29,154,37,118,148,62,153,5,212,116,148,56,59,56,46,136,253,121,93,169,207,1,131,105,101,122,16,89,22,142,70,30,148,47,130,122,117,147,54,77,2,5,235,35,135,88,226,69,62,68,30,176,226,61,58,66,44,105,215,123,113,159,18,181,204,167,249,1,11,46,72,12,213,125,121,122,125,94,249,170,114,113,109,130,233,202,148,228,252,137,237,89,198,160,10,203,154,22,182,229,65,32,152,58,84,232,59,59,50,96,218,87,245,41,117,131,104,179,204,149,65,50,77,17,207,142,66,143,37,118,149,61,50,76,5,198,190,91,96,166,204,102,59,211,122,50,17,75,169,39,92,230,76,6,211,127,131,111,151,49,101,192,164,13,216,101,182,216,123,137,72,33,155,26,151,49,107,194,159,26,179,238,28,165,20,26,131,90,230,72,29,140,71,255,190,27,87,143,196,124,74,235,174,123,130,27,87,121,30,200,121,140,78,248,13,205,123,137,105,168,254,2,222,96,233,47,86,232,43,121,153,48,84,251,14,188,193,161,22,199,149,43,125,109,178,232,42,123,153,32,133,107,194,179,202,147,48,83,254,3,221,93,205,145,79,11,194,171,227,77,13,189,196,188,183,191,180,206,122,133,100,184,197,157,46,91,225,66,124,94,211,153,55,64,44,80,32,52,214,70,236,5,95,105,184,119,67,182,101,242,250,3,235,55,72,54,83,235,49,92,214,106,211,136,77,17,199,149,73,18,180,236,39,118,177,240,25,191,186,180,219,104,177,251,17,183,236,61,45,112,169,241,58,76,254,246,12,197,156,54,75,11,234,127,84,231,68,53,70,27,132,132,8,90,186,145,22,43,3,233,229,251,142,221,139,50,96,208,121,119,148,84,2,223,87,241,49,81,1,240,35,122,139,111,180,201,154,37,127,103,193,176,225,63,54,89,246,0,250,35,154,21,188,217,105,170,245,16,190,171,244,21,182,194,181,241,45,94,226,106,15,164,247,18,202,139,66,39,97,237,204,13,160,223,45,232,204,142,247,195,53,234,99,168,249,250,10,228,85,228,78,24,173,220,98,227,91,211,128,127,124,112,169,7,236,33,150,61,70,17,197,176,232,45,111,178,236,33,147,70,46,88,238,62,76,1,238,27,168,10,228,56,80,17,195,156,38,141,70,16,199,179,235,36,139,90,236,33,149,59,70,19,192,191,180,199,162,26,180,200,159,44,128,101,201,166,21,166,6,241,46,89,237,55,154,4,214,113,171,255,230,55,48,45,205,65,209,254,207,84,208,255,135,95,132,29,39,20,230,34,149,51,76,18,187,179,227,91,211,129,145,83,233,58,73,8,223,83,234,61,72,10,220,125,143,62,72,13,213,148,72,10,214,112,148,61,66,30,154,33,128,115,152,29,164,38,147,42,124,137,74,25,167,237,47,110,154,41,196,132,88,241,53,95,197,154,6,255,150,176,183,153,254,116,40,122,50,18,71,179,10,180,219,108,182,194,180,226,72,11,215,124,141,60,68,50,97,193,181,225,96,196,170,11,229,54,87,246,13,190,191,196,180,202,157,42,117,133,105,199,173,219,101,218,120,123,126,106,186,212,134,83,255,3,238,26,171,254,243,10,218,124,145,49,99,210,132,89,235,58,71,15,203,158,23,159,26,177,65,14,184,205,153,54,66,35,108,206,44,238,252,203,105,52,232,60,237,224,221,240,82,219,97,209,135,78,7,218,94,209,159,41,113,184,197,147,56,70,26,150,47,96,203,139,106,174,219,102,190,177,252,4,215,109,172,246,2,240,31,135,93,221,100,184,201,154,45,99,224,77,4,2,248,2,11,226,69,62,63,39,123,125,115,146,88,62,25,154,41,134,107,163,1,211,153,203,18,147,7,181,80,149,52,6,151,185,95,5,192,178,227,85,229,67,44,117,140,108,190,168,250,2,231,48,99,200,151,31,157,27,146,59,66,52,80,32,162,253,252,5,238,27,169,247,6,1,3,218,98,201,148,38,127,117,146,44,111,167,249,249,14,200,138,83,244,15,182,207,133,97,191,180,213,107,161,15,201,153,24,170,250,23,159,20,181,208,115,152,47,113,144,65,46,102,178,220,92,43,79,246,12,192,171,211,66,144,249,169,119,100,149,12,74,167,254,166,182,91,118,191,149,54,87,247,255,249,13,208,115,154,40,135,79,9,214,104,173,239,37,126,105,185,203,150,33,145,65,60,47,105,191,188,176,228,75,33,128,118,146,57,58,70,32,142,60,67,42,108,160,21,183,225,66,47,103,183,192,182,217,123,116,154,40,120,123,132,109,188,177,227,73,17,177,226,83,4,216,108,175,225,66,46,104,4,197,148,55,75,9,201,143,41,150,210,250,218,50,53,209,19,186,115,78,147,206,183,180,244,31,133,99,204,143,61,88,245,3,232,59,72,13,205,141,71,14,210,138,78,40,142,66,71,29,142,73,22,169,233,64,65,41,145,66,38,156,40,116,178,231,46,102,193,182,193,184,214,106,206,134,91,254,253,235,48,98,198,145,62,52,79,247,12,208,131,99,228,69,20,182,207,128,108,204,152,34,167,84,212,104,195,182,202,134,90,200,184,107,47,57,20,141,200,45,107,94,142,211,14,247,236,50,98,201,138,88,241,36,120,145,73,22,160,22,195,187,178,224,89,239,23,178,231,78,251,4,240,51,76,20,193,187,179,222,108,194,160,24,177,227,59,69,43,123,114,161,26,166,241,35,144,64,36,140,92,228,55,82,2,240,21,185,210,126,107,181,221,106,165,8,228,163,232,42,117,157,46,91,220,65,78,171,112,118,94,178,90,120,138,2,163,151,196,212,84,247,19,185,185,200,158,33,127,120,148,59,55,90,223,70,32,150,58,53,84,254,9,200,155,43,119,125,125,129,114,142,75,30,164,248,11,214,122,118,145,73,31,134,98,206,128,98,205,148,155,2,223,90,241,43,98,198,131,52,186,121,40,249,221,40,81,123,21,179,135,19,69,187,242,252,3,243,18,174,236,63,73,9,222,111,180,200,158,39,126,112,188,195,154,42,135,105,168,0,6,238,32,169,251,242,30,169,9,201,157,41,113,146,66,63,62,41,122,146,61,44,114,174,250,245,23,187,193,161,21,199,157,19,210,129,96,214,125,114,140,83,12,208,114,161,29,151,29,158,43,131,90,231,76,15,181,214,125,201,117,133,101,194,176,214,108,145,95,120,9,173,184,163,132,249,7,138,9,99,95,5,199,179,222,79,24,173,226,94,209,114,161,23,169,238,55,73,15,217,108,163,22,174,222,102,183,193,190,189,175,242,29,141,81,8,214,102,212,123,119,159,26,155,50,85,234,73,36,119,146,70,28,146,72,20,171,251,249,254,14,216,95,229,152,8,207,150,63,40,116,121,167,161,143,25,116,110,37,21,181,130,33,26,57,119,108,182,225,72,42,101,198,163,250,11,235,57,57,66,29,162,22,167,239,41,125,110,176,242,31,135,101,220,101,185,205,131,122,118,152,55,75,4,235,36,142,89,236,32,154,49,95,197,170,14,208,114,162,28,151,61,43,116,155,17,191,176,211,130,135,102,179,223,98,200,141,82,8,211,108,177,223,72,33,159,106,147,44,115,167,0,228,61,30,184,107,49,52,34,100,66,190,185,116,77,152,192,227,49,119,132,94,242,28,150,69,30,145,93,237,35,160,20,176,249,5,212,120,142,58,68,37,131,97,232,58,61,93,239,29,185,211,107,179,220,85,6,216,96,237,62,48,127,130,99,223,167,220,78,15,215,96,205,111,112,5,154,198,32,102,141,34,7,111,166,174,159,161,166,48,65,50,97,202,134,100,214,124,110,171,247,5,213,119,156,47,86,243,36,135,78,10,226,89,217,105,194,176,211,124,143,89,220,112,170,229,69,45,111,150,53,98,205,124,128,126,128,100,200,169,3,218,101,204,147,42,119,157,44,95,215,126,138,76,34,146,45,110,182,222,72,28,163,2,220,98,221,106,169,9,223,71,32,152,35,122,135,108,186,181,214,128,128,100,200,166,16,178,223,98,199,141,78,18,193,159,24,179,43,80,245,22,181,213,101,191,152,73,184,74,234,2,198,29,46,106,97,132,241,181,3,200,159,40,123,115,160,46,123,115,158,43,111,150,57,93,213,101,201,177,231,47,108,204,162,255,254,20,193,160,27,185,194,159,21,182,223,71,34,163,20,166,9,243,31,134,103,215,122,116,158,54,99,188,198,184,211,105,191,203,137,72,34,164,255,229,66,47,115,140,85,13,222,72,32,166,255,230,71,51,80,242,27,166,14,184,209,148,53,67,47,129,129,96,216,136,109,155,40,148,135,59,56,96,216,91,219,69,66,207,5,184,152,2,105,73,24,87,162,151,195,216,79,24,169,240,63,70,22,194,168,242,55,95,204,167,2,228,99,219,91,251,8,211,144,58,58,77,1,5,235,41,145,67,33,169,1,232,85,2,228,92,229,60,91,244,15,227,92,212,127,108,197,162,2,2,242,19,202,143,63,78,6,215,136,109,162,37,137,80,27,173,225,90,221,118,162,4,254,78,230,51,95,217,94,200,147,29,102,152,232,0,225,59,6,171,145,59,10,170,88,84,176,145,36,250,98,164,26,188,140,72,189,59,22,125,84,113,50,94,134,23,57,221,137,55,81,3,239,23,181,241,40,107,178,224,99,188,191,184,218,87,241,32,138,70,35,155,127,84,233,61,79,19,170,240,6,193,170,151,173,194,123,91,94,107,179,135,19,71,180,5,195,171,251,20,168,250,13,213,99,203,155,39,110,167,1,244,7,223,91,233,39,125,133,114,141,76,25,187,179,216,106,175,215,112,168,251,242,28,163,11,195,171,250,10,202,166,79,230,50,94,221,78,1,197,187,125,64,33,122,75,220,253,245,228,85,193,41,24,176,235,45,73,136,233,17,210,148,96,144,1,204,136,11,203,86,190,38,230,211,21,77,132,186,164,2,192,196,129,57,220,55,239,32,58,75,247,179,222,63,34,84,222,92,155,53,250,130,33,131,241,196,171,227,185,13,19,200,56,33,143,29,47,200,93,201,130,51,37,34,135,45,135,86,163,20,140,184,53,255,116,110,188,187,148,11,226,157,116,67,52,6,27,147,30,45,71,219,115,107,193,140,26,57,32,53,77,186,133,197,99,166,143,65,1,11,202,71,38,85,94,67,211,249,34,128,132,98,111,36,91,175,188,58,216,107,96,136,230,213,163,52,54,71,46,111,151,36,92,237,43,75,235,214,106,133,116,101,60,223,93,227,67,6,81,202,66,255,18,181,135,104,145,169,99,117,81,116,113,179,212,74,37,95,162,161,231,225,74,185,200,116,127,232,249,223,63,167,96,152,24,151,244,225,241,35,109,179,193,136,90,202,139,247,9,160,9,167,94,84,137,69,65,49,43,102,114,176,138,209,50,67,154,37,111,120,61,65,1,177,65,241,13,182,150,250,165,254,202,145,230,19,74,24,123,234,13,224,78,208,117,91,90,81,109,52,142,112,168,245,27,171,236,20,163,163,29,68,165,182,184,61,61,38,81,178,226,20,193,171,165,0,149,178,177,172,198,28,48,98,122,59,204,35,184,244,245,4,238,63,56,61,54,48,67,26,250,244,23,179,182,137,51,27,5,165,242,7,163,211,25,163,171,111,108,49,189,61,158,169,63,15,215,104,142,72,194,127,7,225,33,18,14,173,244,18,69,55,240,162,226,26,124,250,151,45,25,93,104,81,47,72,43,117,131,107,188,188,180,232,132,70,17,201,165,244,14,172,205,134,3,104,144,15,157,150,196,168,169,175,114,50,140,119,107,162,16,193,161,6,191,118,244,211,85,238,219,91,178,193,26,136,21,102,148,149,178,96,19,153,35,93,232,255,176,120,82,172,195,67,48,72,192,185,175,209,71,7,225,13,222,31,106,24,20,112,81,230,180,61,20,184,162,158,122,228,5,192,64,45,14,71,227,203,239,169,91,113,255,69,249,236,25,56,93,173,245,213,43,6,170,164,218,11,179,158,248,253,255,3,241,60,77,246,240,21,184,216,113,190,197,130,79,231,78,18,196,167,145,23,189,188,150,9,124,139,71,252,11,223,85,154,53,94,224,81,150,17,187,149,61,253,181,105,127,37,90,128,116,111,143,183,48,30,112,139,195,13,141,57,51,31,96,114,152,252,19,172,244,31,112,11,74,181,101,72,0,136,50,112,158,232,14,217,184,33,58,79,182,11,195,142,222,50,26,185,156,29,65,3,124,132,56,188,127,216,40,86,236,225,73,190,89,5,228,3,126,228,236,68,45,65,194,33,193,144,62,11,193,44,67,203,70,122,215,183,211,95,122,145,45,51,66,50,24,189,141,91,177,89,136,96,220,89,197,22,72,241,32,104,76,112,2,173,201,36,128,69,58,54,85,252,217,207,254,152,187,72,2,159,102,150,22,155,178,239,206,43,144,68,228,219,204,53,105,190,145,211,238,91,194,111,129,81,249,37,161,28,137,56,68,67,71,43,82,220,66,30,155,22,176,194,187,203,152,42,9,175,244,22,137,49,7,236,37,98,216,119,142,239,53,92,228,69,185,167,250,216,90,98,164,170,167,86,67,113,160,234,31,7,63,240,251,234,165,102,137,77,234,67,55,77,178,223,36,82,239,32,6,159,237,20,39,225,214,97,191,166,241,16,179,200,138,69,20,167,236,29,140,63,37,116,136,76,255,229,51,73,7,205,122,115,137,72,9,198,144,50,76,254,233,38,111,150,32,130,93,203,129,96,195,153,23,156,13,188,175,212,102,175,213,98,188,175,213,99,185,184,186,179,202,134,82,202,26,148,26,150,219,83,187,139,33,29,192,104,186,164,8,180,209,69,87,226,50,79,215,102,75,17,141,43,111,115,113,166,250,181,152,63,246,217,50,56,73,35,63,64,41,106,172,181,146,50,4,223,3,170,1,235,46,104,166,1,214,102,101,192,141,19,186,144,18,139,38,135,80,195,107,55,61,43,97,193,161,1,224,65,32,131,90,212,103,174,218,86,226,61,43,98,188,174,218,85,227,59,50,75,1,224,65,32,130,91,209,111,148,38,111,150,33,127,103,175,214,95,196,150,31,133,83,233,40,107,160,2,220,79,247,254,232,42,99,185,184,187,177,206,84,187,175,209,71,233,214,108,82,105,83,163,79,39,32,96,184,155,27,151,200,133,59,84,13,129,210,41,31,142,245,237,62,73,33,151,44,5,194,137,199,154,48,106,170,152,4,250,21,188,197,164,158,249,229,172,200,149,48,64,230,27,181,227,83,0,242,179,184,178,104,150,251,212,91,108,135,112,179,226,82,253,146,6,68,201,28,112,133,27,122,150,63,64,58,67,192,145,45,5,193,137,63,237,4,250,20,191,189,189,84,215,92,133,93,187,93,184,163,241,216,66,64,67,50,98,203,41,88,219,9,209,87,114,109,140,6,185,219,114,167,4,229,218,45,205,37,244,18,201,159,12,162,168,217,64,26,93,179,236,63,63,61,59,216,73,246,130,106,194,180,204,94,92,174,201,79,223,105,198,169,254,249,158,225,38,62,155,231,44,90,172,187,99,204,112,172,216,68,39,100,190,96,207,88,226,201,35,153,242,110,27,57,47,177,29,125,112,149,35,74,118,83,232,37,73,225,240,30,107,180,140,74,237,250,146,11,184,155,211,83,13,218,93,156,237,18,86,38,109,108,126,30,123,117,134,78,200,252,190,151,188,184,158,27,86,234,13,154,177,175,203,99,137,138,249,224,129,129,51,53,56,83,6,195,141,65,18,161,244,11,178,187,163,252,11,202,149,62,52,8,235,67,65,33,104,169,142,92,178,220,17,187,156,238,183,159,254,202,129,228,34,109,159,24,189,211,122,125,95,186,200,174,0,244,16,161,240,4,213,115,142,119,10,172,8,205,157,21,86,112,118,93,178,88,124,127,36,60,202,42,164,234,68,31,142,92,218,89,254,12,198,175,220,84,9,223,73,43,211,87,224,94,224,69,31,109,188,190,145,24,79,19,176,194,186,210,124,35,139,31,95,201,145,201,153,1,218,213,215,46,69,177,240,43,120,139,220,111,165,220,54,247,215,94,189,193,141,43,101,189,177,106,196,181,236,54,77,228,233,66,32,121,121,89,225,45,34,161,26,126,80,169,8,219,58,41,70,69,28,43,98,115,147,242,79,2,233,53,64,52,59,56,54,30,33,83,0,156,17,128,60,12,87,238,245,230,17,148,60,49,32,82,95,53,28,150,16,206,149,51,0,239,249,8,142,66,6,177,110,120,112,114,136,206,111,181,240,44,109,170,218,68,27,174,2,253,25,181,179,236,160,235,96,228,65,209,253,208,81,216,230,212,120,56,1,123,24,216,72,25,173,250,245,22,190,191,167,1,254,84,212,105,193,180,200,145,255,89,164,223,64,166,101,129,76,9,137,82,164,164,233,159,213,120,94,94,250,221,110,109,143,67,32,116,122,122,102,165,234,48,66,15,164,0,198,162,191,176,187,145,204,94,192,131,41,171,152,42,74,168,95,55,17,173,215,52,35,42,110,80,163,33,136,54,81,10,139,41,139,77,223,87,162,7,183,157,168,202,123,83,231,234,220,252,226,179,151,52,43,246,112,0,86,79,198,126,6,240,52,108,159,240,17,86,3,145,223,109,166,220,96,223,22,136,50,139,99,196,73,151,1,187,153,164,153,39,43,40,5,121,182,174,241,55,77,253,1,7,223,71,36,156,26,151,53,104,185,184,209,151,58,55,84,7,40,90,217,124,140,62,49,54,76,219,75,152,238,58,237,205,162,8,183,206,147,10,36,92,195,147,201,171,148,180,171,190,145,189,79,6,142,253,135,244,70,254,248,13,200,138,88,247,6,208,135,112,173,219,99,217,121,120,139,96,229,51,92,237,46,94,239,47,92,247,103,157,13,207,140,91,212,113,128,72,37,125,44,104,98,109,195,163,229,68,51,44,189,146,34,119,30,170,149,179,175,178,181,81,148,56,248,192,62,206,183,170,244,26,163,249,5,229,77,252,255,0,1,223,85,244,29,141,76,19,187,179,218,105,183,189,187,199,175,214,112,168,253,236,47,103,190,169,247,17,31,117,135,101,212,133,85,239,7,181,221,86,162,8,123,238,198,74,90,6,132,54,54,34,136,81,154,75,188,102,97,231,56,38,128,125,112,29,113,176,226,36,96,99,45,202,245,221,82,219,111,177,223,252,14,211,128,114,16,38,225,12,169,226,190,28,89,191,158,138,184,148,44,76,27,175,229,232,60,14,146,47,95,74,213,78,244,137,186,76,255,217,68,155,49,104,114,205,117,125,133,96,171,153,56,84,243,248,225,37,97,128,115,102,158,21,129,71,36,128,37,72,240,41,77,249,211,3,238,17,116,96,198,149,28,95,232,68,18,190,156,28,173,162,9,87,0,241,233,43,112,44,131,119,109,107,115,97,191,160,215,55,236,41,62,39,24,203,71,30,37,3,254,201,40,136,58,124,87,1,7,148,154,218,7,91,182,156,245,142,219,98,123,55,218,251,49,62,57,79,7,207,137,99,207,119,144,75,22,163,13,214,119,131,125,133,84,247,26,183,191,183,221,191,148,40,126,125,120,123,125,94,247,176,97,164,212,79,129,2,236,219,24,55,226,123,102,223,100,183,206,135,85,236,79,24,154,36,132,96,196,165,6,229,56,81,249,248,9,216,109,157,28,160,102,158,10,208,117,143,41,150,210,251,213,64,10,81,147,59,239,218,240,183,251,225,84,0,253,238,47,116,167,240,39,137,101,180,219,111,181,197,168,17,209,112,155,20,189,197,167,240,40,134,174,199,143,70,39,143,55,73,250,34,46,232,14,149,11,77,160,21,99,128,253,146,108,141,77,18,184,189,192,191,183,190,187,200,152,29,158,32,149,42,133,103,175,232,71,24,154,39,136,90,213,117,162,23,158,28,167,252,243,42,120,122,134,108,187,179,221,105,21,146,47,107,184,206,122,126,91,1,146,187,149,255,204,9,106,183,124,51,230,216,154,6,240,34,130,130,114,147,75,20,171,4,236,37,154,37,121,157,36,126,145,80,249,25,172,224,90,240,32,135,115,171,232,84,91,192,166,12,217,90,222,59,97,114,28,114,104,147,182,99,203,65,231,202,42,163,234,62,54,68,52,90,217,113,159,9,227,77,252,75,239,21,188,222,107,163,1,210,156,193,46,61,7,180,83,141,75,191,106,64,199,204,109,179,241,26,151,47,99,203,132,112,188,187,178,229,95,215,94,218,103,203,129,116,162,84,212,110,194,171,227,66,16,225,241,158,236,251,217,228,218,102,110,93,103,82,42,82,244,6,226,75,3,227,60,61,44,117,177,241,17,195,176,68,5,212,121,154,50,78,2,208,76,114,81,160,144,23,123,90,95,103,190,103,115,36,28,206,101,199,172,242,15,203,160,17,175,232,72,43,103,213,135,80,6,237,54,65,51,105,199,144,69,47,116,136,91,238,138,50,80,14,212,103,181,181,242,189,59,23,122,94,86,132,102,109,97,90,122,179,188,209,132,91,241,29,144,84,7,207,138,93,226,67,59,66,32,157,21,166,16,212,105,187,204,151,34,153,48,86,2,252,241,47,114,143,84,87,203,130,110,167,253,236,40,94,247,176,98,161,221,51,214,2,237,216,31,32,40,169,215,111,171,5,214,115,155,46,90,237,70,32,130,110,175,233,42,120,144,83,234,60,91,235,34,147,86,253,238,41,121,148,39,126,126,125,107,184,227,68,24,173,234,53,69,44,135,91,209,134,123,212,84,231,65,65,50,78,4,201,182,114,28,115,101,156,156,179,219,14,126,5,123,177,188,189,179,210,139,68,46,118,147,43,115,140,86,254,247,254,255,10,206,122,138,101,212,107,181,196,172,254,10,199,164,16,12,174,218,102,210,144,51,81,227,103,95,85,200,104,146,184,92,224,1,166,142,223,132,69,34,138,75,2,237,52,104,170,245,27,168,234,52,86,231,46,105,188,193,165,14,196,150,48,103,206,121,137,90,222,75,18,194,191,167,253,250,79,229,60,83,235,40,93,251,162,140,35,85,203,13,93,220,11,136,231,211,170,212,125,145,72,11,215,134,103,174,241,56,68,23,179,241,43,99,208,159,39,110,168,254,5,211,128,137,81,240,42,143,87,223,93,243,34,124,124,128,127,101,202,169,250,244,29,180,223,70,38,149,58,55,84,13,39,93,204,150,69,31,134,91,195,114,254,174,138,212,75,223,46,229,215,109,89,158,165,154,82,217,110,186,188,176,234,80,22,161,22,201,158,9,220,110,160,4,236,68,39,110,167,250,0,226,82,22,183,190,191,201,152,28,165,24,174,216,112,187,198,144,65,43,108,158,29,178,236,31,156,51,81,239,43,138,105,169,252,15,15,166,247,35,156,15,190,154,68,201,21,135,41,80,127,9,217,22,102,76,164,52,56,91,236,37,147,52,74,33,140,65,57,66,29,160,29,172,224,97,227,62,68,34,127,125,116,138,94,36,101,184,217,96,197,160,246,47,8,88,190,132,62,181,103,189,104,112,47,251,47,67,48,122,148,39,132,127,120,125,130,128,119,127,123,146,62,50,121,141,62,63,78,25,152,47,123,140,63,60,80,2,229,95,216,92,227,87,232,43,118,164,6,210,130,124,126,107,183,221,172,205,123,137,114,160,5,223,55,108,80,130,67,247,229,191,71,30,71,212,2,129,157,248,9,219,106,166,0,245,13,189,186,195,163,249,6,219,90,215,114,150,33,142,75,24,155,31,148,57,57,70,33,148,39,126,123,134,82,2,230,56,104,202,133,100,197,156,24,203,165,243,24,167,71,253,236,52,103,197,148,47,74,53,246,143,26,113,119,9,105,183,123,56,213,8,9,186,211,116,139,96,225,68,53,96,199,173,251,246,33,159,10,228,79,248,16,203,152,29,169,0,231,81,15,185,214,126,108,189,29,124,117,162,12,192,174,205,171,146,187,150,254,207,2,128,114,73,204,27,56,122,100,202,148,49,80,9,246,32,132,111,196,179,201,159,51,104,172,246,46,121,122,135,94,227,59,66,55,97,192,181,214,113,146,62,53,77,253,4,6,242,14,201,163,27,145,70,61,70,19,186,199,173,221,99,230,77,253,2,11,50,59,60,94,231,47,92,194,119,241,213,22,48,57,22,138,209,18,190,102,118,30,47,148,27,185,217,92,240,43,103,205,145,52,103,198,149,67,52,77,29,161,3,240,44,110,159,38,123,118,164,26,155,46,96,201,169,241,18,194,183,205,128,130,113,149,70,41,107,192,185,190,202,238,8,208,144,72,11,203,115,184,107,49,52,34,99,69,181,211,39,51,228,220,143,39,137,92,212,132,104,174,243,22,165,13,194,160,33,147,44,115,162,14,189,200,157,16,212,129,100,210,130,97,222,179,185,187,197,161,10,197,155,4,5,132,228,27,111,124,249,154,37,49,21,64,199,203,113,163,19,202,134,101,208,144,52,90,235,58,55,83,1,243,10,217,115,169,233,60,77,6,211,127,129,119,129,118,153,39,111,171,248,3,217,108,189,183,190,189,198,175,214,117,156,23,160,23,185,218,86,245,23,246,239,23,175,241,50,76,6,194,202,55,204,98,154,253,120,28,160,193,101,79,156,76,242,55,96,203,166,251,247,39,142,64,75,28,149,77,26,149,57,87,245,10,231,70,23,199,173,224,103,203,134,118,241,254,236,52,93,221,75,10,184,234,214,240,248,217,65,173,127,118,63,235,189,83,41,93,250,15,189,218,117,139,110,175,213,114,161,33,129,117,155,27,186,196,153,39,124,129,104,211,122,125,150,134,64,40,135,79,1,212,150,210,251,213,64,11,78,155,33,60,243,164,156,79,228,70,36,131,91,226,84,249,247,15,204,144,51,91,232,50,76,15,210,140,66,60,71,15,198,165,2,221,94,225,84,230,65,51,89,215,110,174,62,23,160,24,179,219,82,247,241,234,152,223,246,144,24,119,102,62,205,141,249,189,71,179,8,183,204,145,68,22,176,234,62,41,119,144,66,28,159,23,174,221,103,193,161,16,194,167,237,43,119,143,53,83,249,5,211,121,138,166,223,71,36,146,63,40,119,114,188,95,84,204,93,180,81,146,61,234,233,196,61,105,155,52,79,252,19,196,157,45,111,156,55,96,200,175,240,27,182,202,134,102,205,141,65,64,55,69,59,74,11,229,74,10,233,145,30,140,88,242,14,195,139,113,66,172,197,113,119,10,102,192,95,139,222,239,83,215,112,166,4,215,113,168,3,219,100,202,157,15,203,148,45,94,220,102,208,117,152,52,98,191,185,214,126,106,183,212,129,97,214,118,216,73,9,214,117,154,20,174,203,175,135,219,55,27,121,5,120,140,251,182,92,115,200,126,133,85,252,16,186,212,104,190,186,181,211,115,138,93,239,22,183,233,64,42,216,75,11,233,54,68,34,110,198,65,173,192,126,81,123,19,185,117,72,165,153,86,208,144,78,254,11,226,65,62,70,21,193,172,227,83,240,22,195,185,189,19,153,26,167,253,251,242,21,151,77,172,108,132,52,46,229,216,109,90,154,176,120,185,165,4,235,44,96,212,128,115,138,86,247,12,190,185,208,131,95,232,62,41,122,141,76,255,247,27,175,215,111,181,51,56,59,69,42,120,124,121,107,208,35,9,174,183,166,123,20,184,122,59,204,36,181,178,219,103,200,138,84,255,6,210,125,130,122,117,147,64,65,35,154,56,60,64,54,77,252,255,251,0,227,74,29,238,8,203,151,60,81,241,27,131,136,253,122,90,177,183,72,174,234,227,1,124,20,230,30,157,40,132,89,230,49,100,213,129,97,213,128,113,144,72,40,132,90,236,64,67,25,174,3,253,237,50,109,14,169,234,56,89,245,4,222,61,6,67,225,242,154,249,213,74,145,210,124,44,36,17,85,33,111,173,247,10,200,162,27,167,239,42,128,118,129,118,168,3,221,95,200,163,26,252,221,75,20,195,174,217,94,186,226,237,170,203,95,172,107,70,34,57,252,137,236,93,184,210,145,57,55,84,14,206,121,141,95,217,90,237,67,118,112,153,61,63,39,116,121,165,164,132,59,14,161,139,229,69,210,51,228,220,142,39,131,127,135,79,13,224,78,251,9,233,47,86,247,40,135,77,16,219,114,140,76,12,204,127,123,148,48,82,4,255,252,240,41,145,74,6,230,82,71,251,243,33,168,4,215,104,156,61,222,215,66,249,224,206,26,166,176,154,177,116,197,131,112,172,241,17,196,180,229,54,85,251,13,188,195,180,56,42,102,193,184,215,93,211,92,169,207,67,141,16,177,202,89,179,121,136,62,66,22,136,92,197,154,202,144,18,145,91,88,157,248,169,226,128,134,52,81,160,255,121,27,222,83,199,66,241,150,228,7,65,242,10,192,121,81,159,16,147,54,248,230,23,255,57,60,220,43,47,115,68,1,4,226,31,143,229,48,231,211,183,203,96,117,87,102,133,186,179,216,112,127,46,69,227,173,175,212,100,142,20,85,237,211,228,160,154,153,180,136,19,71,34,73,192,131,132,201,83,214,108,97,202,91,203,63,167,130,250,127,119,123,245,222,148,21,173,189,212,120,173,226,250,14,155,216,110,141,241,35,112,145,8,195,175,163,28,103,171,141,108,101,195,54,208,151,254,139,95,180,23,133,100,156,177,67,138,24,152,21,122,80,162,8,175,5,226,5,68,149,28,146,135,53,102,133,62,24,159,31,175,249,26,168,228,40,111,175,0,6,243,30,121,103,159,5,231,53,54,178,60,11,218,64,21,153,178,236,56,82,252,136,91,186,89,75,112,2,176,211,102,133,46,8,214,52,25,22,131,15,151,138,131,74,16,107,36,233,162,151,176,116,125,231,169,91,104,229,34,134,38,99,110,13,144,254,230,250,248,158,181,173,253,7,205,81,203,125,35,175,239,48,94,191,163,168,39,83,221,68,186,165,255,197,157,193,138,42,198,227,62,212,67,230,77,194,142,69,247,37,135,128,106,99,213,71,227,43,110,124,156,29,84,87,94,194,160,108,143,84,0,250,3,126,57,169,87,77,202,113,44,121,125,120,68,35,79,198,13,159,187,148,146,94,228,66,221,101,184,200,84,242,196,25,9,66,185,75,163,238,146,166,99,81,32,163,8,180,177,134,93,174,222,35,83,149,53,44,87,94,59,160,113,95,178,105,193,166,254,176,222,1,91,60,198,22,59,242,213,0,246,204,53,36,183,217,99,124,122,72,253,162,113,100,128,96,140,66,192,80,222,112,158,192,30,242,164,123,12,126,50,235,53,14,111,117,196,182,209,87,197,74,15,109,24,4,110,30,37,52,16,79,9,148,222,39,174,192,197,157,224,54,246,116,90,160,1,167,241,181,114,158,240,12,65,148,151,140,4,185,230,61,245,117,1,215,96,31,111,185,195,111,136,0,86,179,148,37,61,47,250,161,213,80,197,126,90,221,107,192,209,148,53,57,50,109,185,230,84,247,238,8,189,169,243,12,168,94,57,5,189,165,118,242,215,69,13,62,156,221,55,219,108,163,5,155,29,66,152,132,238,159,163,188,121,20,188,123,41,71,79,22,178,183,168,161,29,147,24,183,220,95,123,141,59,35,41,121,95,192,36,232,253,234,31,91,171,146,56,18,168,206,141,64,26,133,72,179,198,168,176,188,208,125,78,2,142,54,211,14,5,223,36,43,53,202,89,67,50,89,115,173,146,169,83,130,224,221,11,138,226,80,191,92,173,27,104,150,243,254,250,17,223,115,162,247,243,28,172,15,224,84,213,83,185,41,57,54,60,5,174,137,83,162,158,214,218,225,219,196,93,176,47,63,72,22,119,83,83,113,15,92,83,56,92,165,237,254,251,246,249,232,32,43,95,220,27,99,44,46,70,174,227,242,174,167,103,56,212,217,32,103,9,211,70,9,95,149,55,245,164,198,10,79,145,163,195,128,189,149,103,210,65,27,189,192,149,22,166,227,45,82,252,223,45,105,133,78,144,61,227,217,38,234,177,107,20,110,125,225,165,230,20,177,171,142,92,129,237,1,189,147,181,103,189,105,110,52,237,90,195,172,248,24,158,32,223,52,77,30,161,0,237,12,166,15,196,127,79,171,254,239,5,239,50,92,132,99,115,44,46,209,252,138,183,133,58,145,66,7,201,10,55,23,164,229,82,10,212,30,148,215,236,4,178,181,79,151,46,22,101,79,154,84,33,110,155,42,138,78,248,2,194,117,131,76,31,160,12,172,198,119,108,97,209,92,219,106,159,170,212,127,105,95,211,77,250,210,6,246,30,120,43,47,61,36,248,109,51,73,6,207,117,130,91,209,111,148,38,114,141,59,50,77,251,242,12,191,164,246,255,228,53,67,25,152,26,149,36,119,126,103,173,220,79,246,255,228,55,62,40,107,163,251,242,12,190,168,234,36,117,130,92,207,116,133,83,233,39,109,156,13,186,181,195,153,24,119,20,167,225,61,214,74,223,42,90,110,183,208,119,130,115,127,98,93,159,64,57,30,24,137,155,108,223,121,61,80,19,179,214,82,218,30,112,108,157,253,10,230,88,224,56,56,219,40,87,251,11,206,88,215,89,243,25,140,58,212,134,105,183,177,204,47,117,162,7,104,170,159,7,159,224,33,24,182,189,141,76,246,176,107,162,252,239,20,165,242,12,191,166,239,20,166,241,15,180,198,145,46,88,218,84,232,44,96,195,152,27,146,45,91,210,109,157,13,189,172,222,73,7,205,125,108,158,10,197,146,44,95,196,151,29,138,68,22,159,5,210,109,156,14,186,182,193,158,7,205,122,116,99,143,53,64,247,216,10,215,82,6,201,112,162,242,20,93,214,64,57,249,148,57,48,214,217,213,156,50,253,128,111,145,186,10,227,152,163,181,171,131,243,164,199,255,184,187,174,174,180,119,136,35,128,101,169,184,99,149,180,133,60,82,247,211,76,173,212,94,194,34,24,80,222,24,14,137,52,229,79,252,252,182,203,89,222,74,250,196,64,0,115,71,45,107,138,45,18,201,141,43,126,133,100,108,197,113,161,236,50,92,216,29,117,165,254,153,166,212,67,2,104,77,12,125,49,234,203,194,140,85,3,225,65,55,96,204,135,118,143,53,86,248,7,205,141,88,239,23,177,236,50,77,14,207,125,116,176,225,65,52,101,193,159,26,189,200,138,91,243,18,172,243,46,123,114,163,31,159,7,226,96,217,88,239,56,70,18,196,184,19,153,28,171,232,43,106,140,102,146,61,21,157,140,177,163,247,249,205,86,146,57,28,193,162,157,201,241,177,178,99,35,100,219,93,160,0,198,62,20,57,244,33,53,134,205,16,56,182,73,255,201,132,50,239,55,240,169,245,2,105,255,2,58,190,100,158,171,124,10,150,146,255,228,51,33,91,129,106,120,128,115,81,132,206,2,107,36,14,76,232,76,38,57,171,80,179,132,7,92,178,170,204,9,105,184,119,66,184,96,0,214,134,98,189,188,197,176,212,118,150,57,56,74,23,170,229,66,48,111,151,46,110,179,201,152,47,100,188,201,145,57,95,205,125,126,131,119,126,120,145,79,246,14,202,242,252,239,43,124,118,130,103,210,238,0,6,219,3,105,140,27,122,1,130,109,88,159,162,163,55,44,113,162,6,210,130,119,151,31,155,44,119,128,121,144,65,32,150,60,83,236,49,100,199,144,69,39,121,120,143,76,7,208,135,105,203,131,110,178,226,62,61,69,40,108,180,231,56,59,69,41,111,150,54,95,233,40,128,125,130,94,222,96,39,93,204,145,70,30,137,83,221,38,229,164,184,119,46,230,20,131,66,169,137,87,155,216,246,165,50,60,66,49,87,223,95,225,67,49,101,181,214,114,142,75,10,200,161,18,174,235,54,67,47,98,195,179,205,147,63,38,132,105,170,246,7,206,144,165,226,68,63,49,81,252,20,42,76,32,141,236,173,192,127,78,133,245,20,100,125,9,110,215,76,17,201,168,242,41,105,183,190,185,191,174,246,1,242,22,162,19,211,205,105,176,252,3,219,91,183,151,32,119,136,43,69,97,163,114,23,71,246,36,233,195,22,28,210,69,133,54,13,46,44,93,200,97,155,194,166,211,114,42,53,188,50,71,163,148,16,215,106,87,69,153,14,73,23,158,29,103,93,241,255,70,4,240,31,32,164,167,125,80,207,94,84,137,89,150,230,204,35,183,173,239,40,129,96,213,114,151,32,148,54,165,227,58,72,49,113,146,53,53,51,85,151,173,191,130,68,163,155,35,56,255,128,7,13,246,240,20,186,210,134,82,246,240,249,210,113,134,91,130,235,5,175,190,52,232,60,237,226,215,4,22,142,77,34,155,19,191,192,189,173,240,40,121,122,137,100,218,86,246,29,173,220,98,209,207,99,185,201,162,19,170,239,231,159,216,89,211,65,252,160,14,111,65,38,45,190,46,246,144,22,99,40,90,224,250,144,2,161,250,209,43,97,190,72,176,188,209,138,67,239,239,17,102,212,63,44,98,181,149,204,90,102,122,100,221,18,32,243,196,83,247,174,195,189,182,163,0,127,54,187,54,57,203,39,92,239,52,85,146,22,197,159,231,52,226,11,59,181,190,61,209,72,125,218,7,101,162,11,180,197,44,71,49,91,131,233,12,156,245,143,215,109,88,160,158,175,20,154,55,82,243,41,120,129,133,113,148,75,115,121,120,144,78,252,250,231,29,164,238,7,220,64,31,30,112,180,209,33,14,157,233,14,67,189,188,108,101,79,155,81,228,94,229,57,93,230,57,90,220,85,8,37,98,191,188,204,143,55,69,5,174,77,109,75,137,35,77,218,66,48,23,134,116,144,8,209,126,46,236,152,166,129,228,207,19,153,43,73,227,12,156,252,4,155,249,26,158,220,85,243,207,11,59,189,58,185,80,144,12,50,187,90,86,221,61,2,197,181,207,89,10,202,37,48,188,79,214,245,119,110,167,205,119,110,112,123,147,52,42,149,39,13,120,229,215,65,182,51,36,234,9,179,155,133,37,98,92,233,44,108,102,187,107,77,1,157,111,25,52,213,68,216,188,205,139,42,76,180,227,65,15,210,139,83,160,40,70,33,107,181,212,113,82,214,130,103,95,85,202,98,164,130,254,249,182,135,233,204,188,155,31,148,57,57,70,37,140,64,49,98,210,108,174,231,57,61,75,17,176,227,80,3,218,100,208,148,40,124,138,95,198,163,23,193,159,23,179,214,96,212,124,122,124,156,50,83,11,34,107,164,11,217,109,156,26,124,72,15,173,253,3,229,76,24,165,232,38,24,189,100,81,188,114,135,40,37,117,129,253,156,245,44,66,45,68,17,50,191,120,120,117,90,176,129,106,132,124,86,89,144,251,162,202,117,142,239,183,181,203,105,167,222,67,19,197,117,228,169,184,166,143,86,0,8,202,40,142,241,172,173,159,0,189,101,180,197,51,250,220,55,124,145,57,232,186,153,243,242,153,187,193,94,143,209,21,227,39,130,118,148,41,124,136,96,197,169,0,245,6,228,77,14,185,202,159,41,106,183,208,209,95,198,161,27,175,214,107,136,106,182,171,204,31,247,110,95,167,19,147,163,179,148,217,26,125,143,64,218,242,219,21,160,222,2,221,75,159,151,144,253,210,111,158,236,10,99,218,117,172,225,227,91,136,230,253,175,208,77,183,191,163,152,202,108,137,136,109,166,161,142,30,102,152,165,149,51,6,150,190,79,51,56,77,23,191,165,2,234,44,94,217,103,183,189,188,192,172,223,85,245,104,155,19,187,195,155,25,127,133,100,158,241,174,74,115,79,173,125,97,198,120,124,96,187,169,3,189,35,97,225,96,218,91,221,101,170,188,155,219,116,62,196,99,124,105,131,19,169,230,207,42,141,245,11,163,23,187,153,156,11,158,164,18,183,127,111,76,155,224,5,206,82,167,237,26,52,251,26,77,5,182,220,109,98,217,99,122,127,30,38,63,232,37,78,180,198,144,210,32,202,156,24,126,134,111,154,224,38,109,119,24,181,207,56,70,200,37,65,226,54,28,73,7,205,27,71,85,253,245,230,77,26,123,245,1,188,83,186,39,220,21,133,122,95,63,221,21,83,170,204,161,11,122,15,130,32,126,67,211,106,164,148,219,105,40,105,154,237,55,71,208,126,33,27,96,135,74,225,252,240,17,79,170,28,113,141,44,55,89,225,1,235,216,247,203,68,17,138,254,233,37,19,95,237,196,134,102,186,186,189,180,97,218,95,136,86,151,185,133,24,151,249,178,205,121,22,86,41,110,133,103,183,195,162,8,80,100,131,68,17,48,196,101,159,163,24,188,213,99,91,244,230,85,204,247,180,143,232,246,231,88,222,107,173,141,203,101,144,25,34,30,153,213,42,0,137,135,60,69,54,81,241,38,150,51,73,30,172,236,32,153,58,70,17,196,188,206,121,139,95,33,111,149,58,99,217,89,226,36,149,50,54,41,29,170,235,16,208,144,66,210,146,8,220,60,65,48,92,144,26,183,201,57,198,117,97,167,120,30,155,209,54,219,247,61,27,167,16,204,127,123,149,65,40,149,66,28,163,25,172,224,88,255,2,221,94,233,65,33,150,73,117,113,148,70,41,105,175,199,126,125,100,209,136,58,237,36,90,240,48,24,131,125,118,56,218,75,8,178,207,103,167,230,74,230,166,25,123,131,65,24,28,2,175,211,101,138,30,56,69,232,12,78,135,208,40,84,175,234,67,18,21,149,48,6,101,181,176,129,57,189,240,251,22,189,169,189,135,72,195,195,139,90,205,99,202,121,127,36,99,162,28,150,14,212,131,104,96,205,80,240,247,170,206,10,130,119,51,141,184,77,130,215,219,47,56,54,28,48,117,102,215,69,141,245,205,43,43,71,29,116,127,7,158,122,67,6,109,180,203,142,255,240,233,8,88,104,45,18,150,232,63,67,17,10,222,82,174,248,28,181,197,55,97,114,31,135,58,228,17,50,152,2,7,208,150,45,15,69,248,215,69,159,168,250,177,149,192,71,75,239,44,131,100,184,206,151,44,95,218,118,145,48,105,204,143,54,84,9,51,57,60,81,5,212,109,130,125,123,90,189,98,218,90,196,181,226,77,176,249,213,118,110,171,242,23,96,170,8,214,17,61,15,147,18,57,219,99,119,67,181,104,233,21,188,217,105,168,1,14,215,94,219,99,210,110,176,252,4,216,115,182,218,86,247,39,127,102,200,182,224,66,46,107,170,231,70,59,70,17,192,176,227,59,74,51,107,162,21,210,220,61,52,113,175,214,104,159,247,19,162,23,182,176,140,71,241,45,123,56,37,151,40,35,26,138,76,230,49,66,23,148,65,3,79,31,104,186,157,5,84,89,175,221,59,78,23,175,140,72,187,69,20,146,219,43,230,95,147,18,166,115,255,188,173,215,50,39,30,155,4,238,16,154,36,108,167,164,0,184,149,190,198,152,179,134,186,251,222,47,54,169,10,164,24,136,254,178,86,234,204,79,105,120,103,76,30,170,10,197,53,101,147,76,236,211,52,209,120,34,100,223,72,46,100,105,53,39,75,234,176,118,147,233,238,180,108,221,59,70,23,157,27,157,11,209,125,109,175,227,59,68,125,91,210,130,126,112,147,50,52,102,192,138,44,21,194,162,235,61,72,25,77,22,159,248,182,177,233,37,103,95,216,68,15,55,177,164,246,251,199,104,91,219,39,116,166,238,211,73,203,205,136,86,191,52,47,119,136,43,133,66,209,58,189,179,116,188,140,71,40,129,77,17,93,63,246,237,185,216,122,155,19,76,34,81,245,35,121,52,38,53,143,65,43,63,188,148,15,246,36,128,19,56,32,95,172,106,72,26,82,178,104,82,45,81,23,182,200,179,231,52,109,179,209,149,63,45,125,119,131,123,216,74,7,237,63,38,123,89,246,17,152,2,146,55,17,181,227,57,244,229,248,71,26,158,230,191,141,94,239,242,24,112,151,62,39,42,69,215,168,246,10,163,137,113,114,156,246,249,120,237,237,9,100,215,128,138,68,184,220,34,130,124,110,84,196,88,37,126,114,107,57,29,181,200,174,227,236,174,189,137,47,226,222,89,148,235,188,84,37,106,204,138,76,34,139,71,49,97,200,178,220,84,14,36,101,182,215,117,143,54,72,241,47,101,155,249,151,145,158,205,80,248,27,144,239,243,203,205,135,88,186,67,2,0,238,249,26,129,18,120,5,218,0,24,119,133,111,172,203,67,38,78,242,163,33,94,213,69,53,49,4,163,132,93,119,180,164,254,5,234,16,115,177,179,229,63,232,82,38,61,158,211,82,230,179,61,255,228,49,37,77,170,240,243,3,96,147,234,37,57,90,217,205,22,112,130,104,127,98,145,190,128,183,213,254,93,153,4,226,253,245,218,80,214,65,151,202,155,206,104,180,158,22,148,194,107,49,56,239,236,234,213,31,187,199,130,19,191,158,7,167,231,66,234,71,226,68,56,57,245,227,251,60,59,59,17,71,243,25,126,10,55,172,175,195,55,95,232,82,236,192,197,106,177,196,50,28,31,107,84,187,125,31,65,93,178,180,6,244,18,94,86,196,114,115,21,72,28,75,200,40,17,237,15,223,97,199,184,219,89,0,251,248,33,155,25,189,184,193,199,246,239,24,175,239,54,65,40,80,255,193,152,177,218,44,108,147,198,96,83,209,33,84,178,127,33,179,242,16,214,107,84,119,100,148,14,68,185,200,72,207,16,88,26,205,105,172,255,255,230,57,29,170,245,236,7,110,11,49,192,118,127,97,148,0,147,53,35,163,246,132,201,45,43,233,218,61,79,0,185,197,138,226,12,77,226,240,233,243,186,111,228,166,10,209,113,123,58,32,132,184,175,240,32,28,177,129,237,0,191,142,197,55,78,181,137,226,225,127,90,252,6,212,125,117,133,99,206,155,21,184,197,153,57,85,230,70,26,153,48,91,214,119,136,78,20,197,148,63,67,28,167,12,193,184,203,137,110,161,2,240,25,180,208,159,36,122,143,164,230,51,96,222,81,242,22,149,20,177,130,235,6,175,190,52,235,51,6,150,189,80,50,134,62,41,120,148,73,7,214,81,192,23,15,38,63,17,77,5,180,240,16,55,178,113,94,80,166,28,146,79,0,147,184,160,224,42,239,183,205,56,0,128,9,5,14,169,234,56,81,255,229,59,23,190,184,162,228,214,210,219,193,15,132,67,185,210,113,157,212,113,113,138,203,80,178,205,63,70,21,25,50,17,208,131,67,3,142,67,251,237,162,203,64,37,57,89,221,195,53,9,176,245,14,153,65,28,17,35,32,80,121,20,25,7,61,156,217,61,47,95,169,213,1,249,253,249,191,176,166,235,247,141,19,253,1,143,65,252,233,191,176,179,244,4,89,76,166,193,40,28,184,190,205,135,45,86,102,129,30,139,7,238,28,3,116,76,31,150,10,173,145,58,8,198,101,67,243,94,223,244,239,55,71,239,63,34,1,84,141,9,80,166,1,200,133,212,217,200,250,193,136,68,151,145,160,207,96,189,45,207,64,10,189,45,207,79,251,223,98,218,100,107,172,192,156,148,246,192,166,183,225,69,136,229,5,196,161,213,96,153,168,197,232,65,186,131,66,24,29,255,189,171,220,36,82,155,36,105,191,158,241,31,123,119,52,82,207,132,239,194,115,12,107,162,170,229,255,83,57,89,143,213,60,230,242,120,6,106,62,236,93,187,187,104,75,217,2,214,98,156,18,142,176,162,110,106,162,248,207,81,159,15,102,80,249,166,216,212,255,156,1,152,97,169,11,204,55,221,36,43,34,231,184,84,128,37,192,9,188,146,56,24,69,54,243,153,253,199,116,19,77,12,125,51,231,212,165,226,79,11,222,73,30,162,254,251,7,207,136,96,223,72,31,152,28,164,19,172,242,30,145,50,96,217,109,156,37,143,69,21,181,217,115,139,88,238,26,168,0,243,10,216,114,171,228,73,31,160,6,231,71,30,138,88,239,51,76,19,188,175,234,57,70,19,190,187,188,176,228,76,27,148,63,64,35,140,85,228,72,33,156,15,204,159,38,112,169,86,207,118,152,61,51,75,9,184,139,180,149,17,78,4,138,229,59,226,35,242,165,170,214,25,221,87,186,175,109,105,187,100,85,235,209,87,89,115,66,14,111,221,54,132,121,76,249,29,165,231,34,129,82,225,52,80,227,32,145,13,180,94,152,45,14,88,225,239,253,100,80,168,220,7,20,144,113,179,156,254,237,44,113,185,229,82,232,26,153,41,124,148,56,78,232,16,210,125,85,204,51,102,182,174,245,34,141,240,30,60,207,124,29,114,5,109,81,225,247,67,41,80,235,162,111,98,168,245,199,153,248,35,100,65,81,249,120,252,171,220,98,176,136,85,156,174,177,134,18,25,34,23,56,254,53,163,230,37,87,232,8,120,159,184,73,236,251,217,227,219,97,125,50,231,210,171,207,137,102,197,148,58,78,12,191,187,207,206,104,172,238,46,116,134,89,200,112,162,226,223,183,45,44,75,159,212,123,82,19,148,179,252,249,118,3,151,27,124,176,245,215,74,253,14,218,124,133,107,151,15,191,200,172,7,227,74,243,249,233,42,125,116,145,59,14,177,102,128,118,96,235,12,74,52,81,112,21,96,191,140,123,149,247,234,21,167,253,3,249,20,187,167,226,78,14,216,119,130,77,236,15,181,216,98,196,181,211,83,209,37,145,54,49,110,183,206,45,103,143,94,178,88,12,202,6,85,161,251,3,194,150,164,106,112,125,102,49,194,106,144,62,234,46,45,86,187,94,184,78,214,236,192,20,50,227,33,162,202,152,210,14,146,216,81,240,243,13,157,134,64,246,247,25,183,225,82,245,247,237,33,155,50,112,163,255,215,81,222,32,124,101,197,132,75,6,193,147,30,143,36,93,219,55,224,183,46,43,97,188,132,50,252,250,214,138,86,250,205,16,90,92,65,211,124,12,6,184,221,87,150,195,113,57,48,84,199,145,17,90,145,4,209,75,174,201,25,115,21,68,133,221,32,31,236,18,144,60,10,113,178,126,248,223,34,101,64,197,164,179,142,213,10,2,202,151,57,65,32,148,61,66,29,160,36,146,46,110,184,204,126,126,138,78,250,9,237,50,78,13,230,84,230,68,52,82,238,47,123,134,81,3,245,13,196,196,180,200,161,37,137,72,25,173,252,239,40,137,89,217,101,195,171,226,75,14,191,166,5,239,33,136,120,150,34,147,84,11,195,173,252,4,214,115,167,255,231,59,63,54,66,43,109,247,237,32,160,10,197,157,253,190,28,253,188,156,173,230,20,209,132,115,101,73,175,93,62,219,101,81,54,79,211,98,84,182,211,77,37,133,110,114,32,42,234,152,206,138,227,130,71,79,23,113,127,113,190,210,146,87,254,221,72,58,96,233,75,6,191,140,76,220,72,161,205,142,26,190,189,199,102,70,186,60,160,180,215,249,62,15,243,44,49,63,41,121,147,76,39,132,81,226,65,50,107,193,181,222,56,34,155,33,103,149,216,120,129,79,18,202,149,218,96,164,32,150,60,9,91,120,2,80,165,6,111,248,106,191,177,208,95,143,33,101,196,128,91,82,95,145,24,148,169,89,175,221,58,81,13,203,55,88,218,71,167,187,153,18,47,200,33,126,91,208,51,113,144,205,82,218,115,162,10,165,241,11,136,87,187,105,181,159,14,212,125,87,160,36,147,54,52,68,184,187,108,162,206,82,203,31,185,124,141,67,249,212,69,251,163,20,172,213,99,161,249,237,21,41,62,39,105,126,66,204,145,34,150,25,128,114,131,97,118,141,29,142,181,61,1,124,4,197,33,90,246,184,108,193,154,255,248,230,61,244,131,75,14,146,61,46,22,184,120,237,192,161,204,112,159,184,52,255,203,193,250,241,123,14,241,223,184,139,45,250,14,188,187,121,129,23,77,31,130,71,33,110,166,184,42,127,111,87,232,226,238,60,41,82,254,214,111,95,54,41,166,19,181,118,15,153,243,240,157,174,235,224,7,106,76,62,97,173,226,102,205,124,122,91,240,33,104,146,225,93,210,90,241,46,105,93,222,40,69,23,167,149,18,183,110,38,84,195,129,236,193,177,142,255,130,1,30,121,142,68,24,176,225,66,46,110,189,174,240,50,79,11,204,129,121,144,54,89,222,73,27,159,8,228,159,243,15,224,101,181,207,92,223,47,80,116,249,198,124,13,199,100,198,147,230,70,205,239,185,181,130,135,80,20,178,175,209,212,196,238,186,191,49,211,237,10,84,96,129,168,244,240,237,0,216,41,18,153,214,128,114,116,111,75,32,138,52,99,213,115,62,57,23,120,124,121,31,118,138,247,141,32,95,174,99,92,224,0,169,131,255,35,104,193,193,169,233,61,79,2,220,98,225,93,205,142,88,244,8,223,107,196,152,47,118,136,75,23,192,190,170,247,30,160,4,234,70,43,100,204,160,107,144,56,90,235,36,127,76,17,153,16,52,187,35,64,3,2,249,246,224,250,113,92,91,234,57,184,222,255,149,70,11,172,240,255,243,211,226,13,46,31,57,166,130,63,148,219,20,20,201,56,200,110,116,110,38,20,182,127,45,248,159,67,6,222,93,237,29,154,31,140,71,56,80,251,29,161,0,243,25,168,244,52,96,197,172,77,233,44,116,135,87,196,112,151,19,181,118,251,170,201,199,231,42,209,9,245,222,77,241,27,69,164,220,43,73,147,204,143,242,209,11,104,232,24,175,240,44,96,214,110,240,2,221,97,233,71,14,193,135,39,113,132,96,123,35,155,13,165,5,191,178,150,154,229,167,97,143,33,30,164,253,249,190,179,124,216,182,70,182,89,135,92,151,0,36,140,193,191,189,152,213,113,110,148,33,70,48,98,166,218,11,223,75,240,46,116,151,211,136,101,203,146,210,93,215,15,68,252,202,108,43,4,232,232,240,173,130,156,254,1,252,249,248,1,224,87,252,12,193,179,227,83,236,51,98,211,107,181,232,71,15,205,155,45,94,221,105,191,168,0,254,250,246,91,194,158,26,175,236,31,143,29,156,249,242,141,175,73,217,87,217,44,57,231,55,239,145,223,254,115,115,158,234,43,80,253,203,169,253,239,29,151,0,74,237,63,50,5,133,86,93,76,165,253,156,242,144,164,24,82,159,41,98,168,254,214,108,102,41,55,176,161,237,185,193,80,111,67,208,253,211,123,82,234,69,35,99,163,153,139,177,100,181,182,191,94,202,86,186,148,197,200,80,2,193,165,239,253,229,67,216,158,16,162,22,188,135,103,173,227,66,216,108,139,75,194,106,185,137,40,116,33,148,32,72,27,131,113,139,243,220,109,180,232,78,237,182,221,81,213,83,198,121,135,67,31,142,232,157,123,55,19,162,200,248,139,215,204,29,77,125,46,29,173,147,218,120,117,111,168,214,108,102,43,51,189,28,85,149,145,193,129,207,42,39,219,117,53,209,84,194,131,230,211,121,54,7,106,73,71,253,255,254,6,209,130,116,166,243,28,160,18,175,233,58,71,16,198,164,0,227,75,20,187,179,219,109,178,207,137,96,226,63,57,76,6,210,129,113,156,17,194,177,222,75,20,190,201,139,87,250,24,156,35,148,73,11,213,118,150,35,139,83,251,241,35,150,54,65,51,102,18,154,22,177,225,82,239,30,110,113,147,30,147,219,203,58,27,208,203,125,216,247,45,53,71,2,231,224,210,81,203,104,53,229,68,214,39,8,113,208,97,211,139,168,216,91,226,84,244,7,215,77,203,243,121,80,248,233,70,46,104,97,224,92,230,64,168,92,154,252,231,174,75,199,64,144,197,119,238,206,57,164,26,71,157,239,241,248,135,240,36,54,8,103,83,40,93,234,47,89,243,23,162,26,176,214,127,130,97,224,88,221,108,190,170,250,14,207,124,142,67,29,170,3,223,100,198,148,69,51,76,28,169,237,60,63,42,132,117,136,107,192,165,7,231,69,23,180,224,164,229,54,81,255,247,253,242,242,231,50,67,37,38,234,220,52,133,172,218,193,59,97,153,26,138,78,169,119,98,152,3,102,84,246,191,108,58,218,148,19,190,207,230,32,131,106,188,204,128,107,147,251,100,144,56,40,134,109,172,149,52,36,81,243,19,45,42,78,241,145,163,207,118,126,64,254,151,48,70,42,93,181,213,91,218,12,202,89,182,65,154,157,148,194,113,179,128,234,199,85,65,155,194,156,126,190,173,171,85,180,179,105,195,159,17,118,139,242,116,225,198,55,215,11,209,55,32,199,165,75,122,30,115,102,149,24,135,17,201,145,241,43,103,185,128,111,72,113,233,173,128,251,159,22,104,139,131,116,14,174,169,197,135,44,248,27,161,233,17,101,210,115,121,147,70,31,58,68,255,223,200,253,178,174,211,206,214,184,92,216,230,180,73,247,141,182,127,175,226,40,70,244,251,191,79,224,0,203,165,253,203,123,213,194,244,168,242,150,166,116,117,19,36,52,143,65,10,160,229,39,60,217,66,219,39,90,167,217,73,12,216,130,123,140,56,44,101,207,158,38,138,53,53,54,61,55,65,9,57,11,193,154,233,1,144,62,12,190,43,37,215,231,176,60,223,83,97,169,10,206,89,208,213,195,241,175,223,209,245,134,64,178,71,203,202,142,35,86,196,140,12,104,149,205,239,233,40,103,131,53,242,22,87,87,79,182,110,193,140,214,115,112,244,240,52,102,185,136,42,91,124,168,202,132,94,196,57,91,179,197,249,88,51,234,46,227,190,46,72,153,148,229,122,127,81,202,105,156,208,255,223,93,226,70,44,63,246,117,75,180,51,218,55,172,147,235,142,92,129,237,0,191,142,198,52,87,155,214,252,149,99,167,4,255,245,3,240,65,67,25,175,1,250,244,29,183,214,97,213,139,82,236,52,114,171,225,86,5,221,76,16,194,164,248,19,210,123,114,164,28,159,5,232,82,12,191,188,215,126,106,188,217,112,147,64,77,31,133,99,208,135,78,10,220,100,184,203,151,130,75,2,241,55,93,206,130,75,210,224,181,158,18,141,74,192,235,54,62,14,215,28,185,170,253,227,33,145,38,118,62,20,119,239,133,232,42,87,186,189,146,71,28,155,7,194,124,137,9,60,159,215,92,202,91,171,146,75,7,186,200,71,247,33,139,35,145,242,170,246,247,128,221,201,191,228,18,197,138,49,104,176,167,212,2,198,178,216,19,49,241,217,179,69,198,144,163,80,250,227,83,236,28,109,131,9,177,241,25,78,165,1,164,147,41,212,172,165,98,54,252,199,125,127,82,232,69,44,106,190,128,76,34,135,6,75,116,72,187,220,59,201,154,252,82,22,140,17,35,232,250,226,217,99,156,12,64,230,147,179,76,105,89,228,175,1,227,91,219,50,69,119,220,166,146,54,202,9,75,241,160,126,38,184,196,129,60,19,158,213,12,169,165,14,197,86,249,253,250,189,181,116,237,117,10,105,65,206,135,20,136,140,84,62,161,169,210,74,233,28,125,49,106,176,148,65,35,134,23,167,158,112,237,163,159,159,181,212,47,54,131,117,13,179,153,244,252,206,16,211,123,92,184,112,176,217,70,45,119,140,244,24,130,85,101,39,224,178,160,0,221,34,87,141,78,223,62,62,66,240,2,250,253,202,105,173,213,228,169,86,176,192,64,60,51,87,165,16,186,164,13,134,138,49,100,201,147,234,68,38,90,188,79,105,22,15,129,71,7,227,83,190,152,57,65,252,210,115,132,239,255,8,212,59,9,96,226,69,172,157,118,201,114,116,105,17,229,59,30,157,209,64,150,144,254,206,124,121,253,96,51,185,126,25,4,103,144,163,175,150,140,97,114,27,117,96,171,108,65,48,16,122,18,84,38,93,225,95,209,112,167,11,209,114,161,31,162,254,251,16,209,113,163,27,169,231,64,67,56,66,70,50,77,14,215,125,107,183,221,86,227,80,18,182,192,182,226,92,207,138,100,194,156,29,156,38,121,162,112,129,98,219,111,151,37,89,176,213,88,250,13,200,162,23,170,218,80,154,73,13,169,251,188,233,19,188,191,175,159,245,212,216,202,82,214,90,87,82,95,54,212,103,159,227,67,255,7,237,38,126,90,194,95,212,58,5,179,204,154,187,35,232,251,223,227,84,237,42,45,109,130,85,248,19,112,177,223,47,61,202,247,109,11,135,0,79,134,52,182,117,70,125,142,235,177,180,163,224,205,31,151,218,26,47,251,47,67,49,120,145,49,98,203,145,49,105,213,123,113,167,24,173,221,98,235,65,33,150,73,19,169,247,14,193,162,15,201,165,244,30,184,220,80,4,229,66,30,160,45,114,140,84,20,201,136,93,218,99,185,201,154,28,143,78,30,144,52,94,249,26,150,49,94,215,95,216,109,163,251,7,246,25,152,50,118,150,32,153,67,54,64,58,97,213,101,197,164,15,185,203,142,63,39,128,124,130,94,219,108,180,201,154,45,193,142,64,80,19,170,238,9,151,144,163,104,126,103,168,192,125,26,162,141,37,151,40,77,21,103,74,22,151,159,127,226,115,201,101,203,121,101,204,134,39,83,132,62,75,13,116,14,89,159,97,58,230,50,189,1,232,28,168,235,29,103,147,217,63,73,18,99,101,192,101,80,243,118,196,93,61,166,171,188,159,25,133,77,21,185,194,182,150,8,237,38,41,225,177,144,226,103,153,174,236,7,60,29,152,238,235,1,226,89,149,13,222,104,196,173,235,199,124,123,85,254,244,238,27,161,199,119,159,216,71,4,241,40,92,194,162,239,10,186,190,151,14,171,229,84,240,38,152,6,162,111,5,67,234,17,76,10,169,232,173,158,108,41,237,134,0,239,140,105,169,11,205,91,202,231,141,148,200,148,178,81,115,120,8,69,209,184,198,124,74,231,34,73,176,191,100,208,126,43,124,114,154,221,86,146,149,125,242,179,98,108,174,160,227,125,131,178,71,185,162,217,58,40,87,162,24,166,177,232,47,99,129,105,89,64,124,245,169,128,19,187,123,84,40,134,218,76,207,84,220,47,239,55,78,225,41,29,169,240,2,249,22,177,132,103,151,22,35,236,141,171,177,187,79,14,190,182,136,90,118,188,154,39,126,114,78,24,170,206,98,113,161,230,42,123,139,21,147,71,23,124,83,240,11,88,194,190,179,160,220,231,77,6,107,94,49,150,11,168,203,236,68,176,184,203,105,160,132,201,246,204,105,162,126,221,191,21,56,58,40,72,24,128,121,117,127,59,13,107,180,166,204,123,98,143,8,171,121,233,150,241,253,137,98,195,168,179,219,56,51,94,225,6,239,37,93,179,104,29,251,97,140,38,104,190,194,100,159,41,114,111,163,145,219,41,234,208,117,50,76,202,240,97,225,247,134,242,213,192,31,55,60,159,94,210,93,213,27,12,49,16,96,236,11,89,233,16,30,88,76,109,12,143,35,24,173,194,149,56,82,180,230,65,9,177,133,93,125,216,235,5,67,205,62,150,68,199,29,113,108,134,221,237,44,29,81,140,228,117,117,167,5,218,124,143,58,86,249,251,15,201,142,92,228,55,83,7,228,58,88,254,236,61,63,43,134,105,175,249,13,193,192,186,185,215,114,147,76,26,155,51,94,201,155,42,103,195,184,35,103,175,233,56,76,255,236,5,173,222,62,57,31,127,122,143,8,178,220,54,58,181,54,176,158,242,7,78,108,17,32,84,212,4,240,22,173,164,9,174,208,134,104,113,175,231,23,133,244,123,226,171,166,161,108,48,52,183,114,77,103,208,35,7,178,169,206,4,123,131,23,100,83,143,117,113,165,23,186,180,217,121,151,30,157,41,121,121,140,93,219,82,2,252,250,244,25,183,210,116,176,235,36,141,92,214,97,212,135,93,203,150,63,44,94,221,108,175,214,118,161,18,174,238,59,64,35,142,90,55,44,96,211,119,143,56,68,6,160,117,242,124,72,17,158,37,145,63,196,10,54,14,162,245,133,200,255,86,115,137,58,21,179,177,239,46,100,148,35,117,76,27,160,13,175,201,103,200,75,117,244,218,83,228,12,152,201,163,253,151,7,241,27,113,147,166,107,120,25,44,76,140,26,191,140,55,81,9,156,255,242,240,17,50,15,24,35,253,86,146,56,188,158,20,88,104,143,19,144,190,75,18,108,102,78,159,67,16,223,93,212,145,65,42,147,150,16,182,223,95,198,154,5,164,108,18,27,37,116,120,92,226,34,138,23,110,120,123,141,248,15,164,150,63,43,69,2,185,160,15,148,169,91,64,242,249,150,60,52,83,177,233,43,15,195,118,121,14,194,77,99,22,40,15,79,166,1,166,209,177,229,183,219,105,147,226,72,233,34,118,72,42,115,114,119,30,251,98,45,54,74,230,65,217,164,7,164,240,226,49,95,207,127,128,119,79,103,29,252,191,147,198,154,248,250,118,69,121,3,94,50,253,248,113,185,185,217,98,158,1,66,123,201,40,115,21,39,240,2,107,28,77,67,36,98,153,251,230,253,148,19,105,193,170,165,13,191,178,149,46,10,44,186,59,214,250,165,5,156,239,88,242,102,42,14,163,213,72,254,215,35,147,51,10,223,75,15,126,116,56,162,87,99,95,94,120,139,10,166,50,103,53,57,9,165,231,13,84,7,220,56,36,44,124,118,110,181,225,79,172,239,254,225,194,17,35,235,146,255,229,46,45,53,243,23,121,122,59,26,184,217,96,160,231,51,67,177,220,45,87,119,157,20,133,56,66,22,57,98,193,196,170,204,119,147,66,228,69,241,9,97,223,78,214,69,25,146,196,176,221,13,212,101,165,142,172,78,106,118,110,53,92,211,117,75,14,147,46,33,158,24,131,67,187,37,227,169,86,179,201,132,44,56,233,52,215,70,53,79,213,124,51,232,60,36,248,115,6,6,16,143,77,242,250,11,198,102,150,186,157,48,94,128,235,196,95,35,245,182,191,21,249,254,215,118,130,90,177,183,110,130,128,108,86,142,70,213,0,226,170,42,43,210,232,231,8,186,200,119,119,150,54,74,31,93,179,235,44,22,26,5,148,212,143,35,16,197,124,220,62,55,17,129,63,38,138,1,201,169,7,230,71,28,53,52,87,208,137,41,108,172,188,75,236,66,66,249,10,173,213,119,150,232,84,212,87,235,3,244,18,149,39,126,49,57,90,168,219,86,252,22,199,170,241,10,180,204,153,62,79,19,182,177,183,231,24,108,18,28,254,89,166,221,234,47,57,54,194,95,42,239,154,128,20,179,65,72,12,224,77,221,70,115,231,133,245,12,72,143,186,162,139,188,108,232,55,42,65,2,210,59,220,58,244,34,137,11,221,81,252,183,200,60,152,118,7,117,29,57,71,214,65,99,208,201,0,141,37,79,216,80,225,4,243,22,99,210,112,159,204,137,249,95,33,7,114,37,34,141,5,182,3,244,142,47,39,76,243,231,196,181,210,85,206,47,114,148,23,187,205,138,249,7,182,185,58,167,92,61,155,224,46,246,26,152,39,55,76,158,68,4,234,54,75,196,181,211,81,215,252,97,47,198,0,83,189,171,222,29,102,97,206,81,152,9,214,70,213,77,32,143,11,154,174,247,6,106,97,40,178,185,157,236,136,112,45,44,210,219,192,19,25,95,161,3,161,233,75,213,137,43,37,129,61,36,14,197,120,62,82,240,53,85,202,126,125,131,43,74,19,135,70,168,249,222,14,210,119,63,250,25,112,49,91,173,212,255,244,223,228,97,194,191,183,163,242,33,153,224,80,207,110,48,95,156,182,145,161,112,3,74,207,95,192,36,233,152,137,19,147,35,252,97,47,196,103,155,176,238,30,149,236,42,62,43,41,136,91,185,159,165,103,29,250,100,138,66,24,112,109,77,15,85,205,157,23,129,109,50,249,208,248,169,235,208,115,86,77,74,41,32,10,104,116,226,184,109,154,133,170,235,17,186,107,27,1,160,178,246,239,174,236,5,61,252,96,50,188,30,89,197,48,100,84,244,229,46,240,36,19,211,109,191,183,163,241,35,145,247,31,150,8,180,126,118,90,215,36,94,235,50,235,50,52,63,167,95,52,182,140,38,106,40,222,184,43,50,57,214,109,119,128,42,131,104,146,21,67,141,171,82,93,146,14,186,48,206,80,145,196,131,231,10,233,3,223,27,130,103,144,49,209,51,172,103,49,186,100,194,31,117,142,234,180,170,192,139,205,30,154,210,50,233,206,183,171,243,37,139,67,43,123,126,105,185,212,207,100,191,209,135,78,255,214,51,190,25,6,156,246,5,222,204,241,127,214,207,60,225,172,111,119,238,206,59,159,41,25,38,85,191,141,199,49,97,126,46,243,175,19,151,50,99,207,120,143,78,17,177,227,88,247,0,244,23,172,224,87,242,29,140,84,253,247,1,243,30,163,250,7,231,80,245,24,176,232,44,114,157,24,156,36,139,76,0,245,26,176,213,119,155,47,88,239,48,118,131,111,169,241,18,191,186,203,131,110,173,242,16,199,161,16,181,213,121,145,47,104,201,163,251,3,235,48,84,252,7,229,52,90,233,46,90,233,64,55,64,52,91,235,36,140,90,72,249,247,13,208,138,69,26,131,41,217,199,255,178,180,193,35,237,138,15,157,4,88,76,203,106,157,171,178,154,252,232,172,81,134,82,237,27,146,45,91,210,108,159,4,214,95,196,149,35,121,120,122,117,132,87,222,71,13,188,175,214,95,196,151,30,136,75,3,219,82,236,30,136,74,4,213,98,188,175,212,101,179,201,135,77,252,237,26,149,35,121,120,122,116,135,78,248,250,243,8,203,130,56,209,110,139,84,203,95,191,137,60,243,158,0,199,149,33,117,127,6,165,13,118,130,46,50,44,252,35,63,52,38,105,189,169,203,141,25,71,253,5,215,22,183,176,199,188,206,130,98,83,251,212,73,23,147,39,24,106,60,47,85,227,58,51,73,8,202,133,83,233,38,113,144,51,75,2,220,79,244,5,210,108,159,6,207,116,134,81,239,20,166,241,14,184,186,180,200,140,64,35,120,123,114,141,59,50,77,253,237,29,140,62,41,103,173,221,76,254,234,37,114,140,63,36,119,125,106,129,53,65,27,102,140,239,39,98,215,87,197,163,239,27,71,24,125,136,49,74,176,152,159,175,160,37,43,13,200,95,134,76,240,125,253,230,250,144,183,21,148,51,2,125,60,177,121,29,15,42,53,181,136,2,136,86,180,134,75,244,116,26,144,253,134,212,180,175,249,1,183,190,126,240,142,182,89,32,187,201,148,64,59,60,36,116,48,116,61,217,101,135,14,182,181,48,229,47,31,31,9,19,195,164,185,193,80,129,68,243,241,156,176,226,251,183,89,126,167,39,93,206,139,82,249,247,6,193,142,9,57,7,185,85,239,199,30,130,41,168,203,105,120,21,104,91,244,191,84,244,217,23,153,11,44,242,9,144,203,4,45,67,3,26,184,197,69,162,224,31,109,40,14,202,66,225,219,246,62,99,168,234,53,79,247,4,190,201,151,6,186,105,197,155,0,0,255,245,184,204,104,165,119,242,127,250,243,251,0,191,133,65,57,55,194,16,130,72,168,246,183,106,177,163,187,175,202,241,161,252,185,82,112,224,44,160,39,122,86,218,185,22,248,157,21,46,223,202,114,27,13,120,189,156,239,46,72,142,21,156,243,255,196,48,97,157,4,109,111,199,153,234,93,173,219,76,222,253,217,64,252,225,74,228,48,183,29,227,217,95,79,121,251,226,204,248,185,251,227,26,172,205,255,194,149,8,191,131,17,50,28,116,110,184,149,45,101,203,140,95,214,73,241,197,178,210,91,237,55,76,180,215,71,7,80,102,119,95,190,12,30,225,225,71,151,163,126,87,109,24,90,23,142,26,173,203,6,172,215,65,21,129,246,233,74,15,109,73,19,124,47,81,226,169,122,112,93,102,52,125,221,16,148,33,226,155,104,75,9,82,114,16,161,142,180,132,151,15,153,50,61,175,178,199,115,127,67,210,239,222,48,118,156,25,105,223,39,109,152,251,167,218,37,231,159,153,23,145,80,13,190,121,87,137,101,210,150,56,72,243,189,202,146,32,170,172,241,251,252,177,237,35,104,196,176,170,245,225,48,96,160,236,46,77,1,127,217,35,95,103,32,243,220,76,250,203,91,129,106,92,119,126,54,197,113,52,253,29,140,155,251,22,173,149,209,124,67,217,83,222,181,86,222,19,66,160,106,9,199,157,32,111,95,177,160,116,247,203,110,165,183,201,94,205,94,117,150,56,70,189,138,84,255,218,130,47,70,27,73,170,183,36,16,207,100,11,213,87,147,64,26,144,11,188,196,98,222,28,143,63,20,144,224,226,221,242,242,27,120,29,253,91,67,234,17,78,4,142,224,65,236,161,222,235,214,144,51,191,6,183,179,196,55,97,118,36,74,107,59,77,234,135,62,252,231,73,34,164,25,173,208,99,192,187,201,174,251,1,206,107,145,79,15,205,138,231,21,195,169,209,88,122,232,155,129,207,58,20,161,100,20,254,136,83,115,14,61,26,35,244,197,220,107,204,121,38,100,221,19,147,78,4,141,226,59,254,107,129,4,139,113,143,124,226,173,76,111,91,178,198,243,104,2,126,114,24,31,8,185,69,141,250,61,72,53,61,217,73,48,60,177,151,7,239,48,95,152,84,199,140,57,24,80,224,21,23,13,44,205,67,252,245,224,29,33,241,127,214,44,70,10,71,127,213,47,62,36,250,105,116,110,147,172,83,92,99,186,169,254,216,74,9,211,112,45,124,132,83,209,143,249,49,45,94,206,134,104,163,211,3,243,13,190,163,3,96,55,14,164,147,52,29,147,9,56,198,50,72,56,76,220,85,165,22,88,134,93,160,195,149,21,14,74,255,175,113,20,251,217,121,136,50,52,251,14,191,147,71,42,115,62,57,31,126,234,152,140,210,110,140,82,218,79,14,208,125,135,35,139,45,101,116,164,1,203,93,176,200,38,128,69,26,159,19,157,50,253,95,161,8,156,238,15,95,4,203,138,78,229,72,217,122,86,217,186,19,1,128,107,45,223,200,122,3,84,165,59,60,26,113,115,126,42,240,13,213,121,130,118,99,168,245,188,91,222,28,79,241,1,76,147,39,56,211,237,114,95,57,20,191,146,32,118,28,94,219,49,72,111,245,92,112,156,153,156,146,26,35,244,197,220,90,191,128,70,4,152,168,228,78,16,190,196,108,137,110,108,143,60,66,47,128,144,81,234,21,168,0,247,34,147,74,244,238,39,83,161,31,143,7,170,216,3,34,131,64,36,134,98,95,232,11,189,17,16,11,97,201,19,47,217,71,157,136,10,14,196,129,60,18,161,196,36,112,173,243,19,196,122,99,142,41,109,180,215,118,166,254,228,40,113,170,247,24,192,175,197,130,67,42,77,246,131,204,241,163,250,233,55,26,141,83,234,210,122,74,237,15,177,89,74,214,78,149,63,51,29,195,121,117,126,72,190,150,7,165,229,62,8,195,253,74,91,114,151,169,108,35,105,54,188,108,225,47,55,85,205,247,246,25,153,229,183,134,59,88,228,23,152,127,197,234,196,160,142,189,48,67,170,96,128,155,238,17,200,138,36,39,98,179,178,218,115,81,15,198,120,98,93,62,152,225,32,124,211,201,223,230,56,196,28,19,151,172,88,152,82,201,129,120,123,113,85,204,160,42,160,209,227,4,191,160,134,196,91,178,198,245,97,24,60,54,202,8,79,229,195,21,98,254,217,57,79,224,191,159,31,135,27,19,113,119,159,33,139,19,227,27,145,42,69,201,116,87,82,94,155,17,171,184,149,211,115,107,187,148,15,101,235,240,11,44,188,53,253,213,133,93,160,237,237,48,39,82,220,6,157,165,157,26,145,157,45,20,84,244,218,21,160,247,107,54,61,245,158,140,148,249,108,17,69,20,152,26,79,247,208,76,220,237,79,185,133,115,145,43,9,15,196,138,80,185,198,115,134,45,246,22,150,213,124,102,159,31,140,20,140,218,38,141,57,26,163,156,225,36,139,39,107,125,7,228,49,19,172,138,244,130,54,18,31,87,219,77,208,76,174,227,27,148,149,142,187,70,188,182,95,174,252,248,207,114,112,22,17,19,55,176,168,175,90,157,92,241,200,56,72,221,10,193,147,149,183,187,125,6,84,60,255,88,170,208,15,192,134,82,88,68,153,171,140,71,170,240,240,12,86,236,1,226,170,79,120,14,98,195,56,101,181,230,58,230,190,141,25,127,241,178,222,6,149,192,74,69,78,230,49,102,211,114,140,70,247,30,151,7,183,92,64,145,0,208,17,187,100,30,227,192,71,166,159,22,105,138,135,103,54,54,16,145,36,84,127,115,103,166,137,83,155,121,211,239,187,75,176,227,1,193,225,87,98,220,103,158,203,141,53,79,143,85,244,240,250,147,156,127,213,40,75,252,81,78,80,147,52,211,240,151,11,81,107,96,251,207,111,176,213,101,121,96,230,87,23,108,18,28,0,169,199,183,219,79,215,21,32,78,132,110,171,95,233,11,196,5,63,169,122,30,144,216,43,212,214,209,54,241,125,253,207,231,227,251,94,234,214,240,248,215,68,161,161,15,115,81,140,227,121,104,191,184,199,142,76,23,176,213,119,145,63,39,128,119,145,48,104,207,130,94,220,111,254,215,95,215,118,144,52,80,216,51,77,241,27,116,138,178,55,193,50,247,6,120,76,112,1,80,195,134,239,34,48,187,12,69,185,80,161,14,127,71,81,5,86,255,252,218,14,198,110,147,37,59,81,0,203,106,69,135,189,27,0,167,198,126,20,81,28,60,2,104,114,175,184,189,25,1,97,84,147,51,241,223,184,43,211,218,25,108,151,235,141,203,22,13,90,149,165,181,136,110,124,113,252,88,92,98,103,182,104,124,225,174,72,213,75,252,112,4,71,218,62,33,2,80,98,149,43,79,18,202,148,199,0,174,192,157,142,173,80,135,77,239,18,86,202,96,167,227,211,60,90,186,150,228,4,200,180,161,208,229,5,194,60,58,20,192,133,59,224,123,64,30,246,97,71,198,122,180,233,52,249,134,55,27,120,6,116,150,223,11,92,116,197,128,116,160,29,141,76,25,182,194,172,241,29,139,82,0,240,20,185,203,137,72,28,165,86,207,119,145,72,31,136,85,201,161,9,136,85,157,185,195,110,90,209,97,42,246,251,187,74,137,174,55,35,110,145,206,155,195,39,82,203,106,48,246,18,106,107,61,210,170,210,129,135,189,154,21,180,218,108,160,11,181,178,160,244,18,209,125,127,116,148,27,142,94,217,109,170,242,252,225,47,116,159,28,159,168,208,146,60,23,134,241,129,206,73,244,164,2,142,160,94,80,152,179,119,140,7,176,20,193,39,100,134,46,78,215,245,16,144,44,245,15,105,17,11,71,179,99,106,181,138,38,179,225,150,154,192,140,25,122,106,147,239,54,81,216,67,185,41,215,205,66,242,235,162,118,7,84,129,51,108,85,145,61,0,161,252,226,168,125,104,115,35,254,62,250,103,29,86,202,127,232,159,118,89,223,51,101,207,133,244,122,63,13,181,70,132,200,30,137,57,38,237,20,193,162,171,239,230,9,178,229,59,73,249,220,97,183,197,99,212,133,97,182,190,149,26,48,113,166,245,244,240,212,85,242,240,14,149,202,193,154,33,49,65,59,61,58,29,119,150,58,46,99,85,247,235,16,184,199,149,168,93,154,1,126,116,56,161,89,93,112,43,18,189,114,111,218,112,26,138,20,131,78,214,249,4,178,197,43,107,82,84,65,165,153,178,124,126,49,50,143,77,127,133,105,151,223,79,239,34,23,190,184,164,224,227,173,74,215,93,200,97,153,198,156,193,29,37,255,217,117,149,21,164,136,51,107,171,147,200,136,226,8,125,54,249,228,86,218,55,96,122,34,137,27,82,233,26,0,116,129,42,255,104,0,178,63,148,249,247,249,205,86,145,58,229,205,128,37,42,116,99,122,129,7,181,230,255,250,165,114,38,249,232,70,35,108,160,149,13,251,20,122,100,187,197,174,253,253,3,211,90,216,109,182,228,71,37,100,136,188,31,89,214,92,165,205,43,109,112,125,13,80,252,237,34,97,71,249,252,117,222,48,116,145,226,187,73,144,36,148,56,43,98,138,200,131,121,150,59,63,34,118,159,37,140,68,6,245,135,106,177,147,53,245,147,14,149,13,72,173,238,215,34,24,65,93,6,191,165,6,234,49,80,249,201,251,97,148,39,106,121,81,159,15,141,25,29,104,54,242,246,94,27,88,196,185,194,112,124,17,69,30,133,88,189,48,61,50,211,222,169,208,104,163,152,60,223,212,74,226,36,1,129,112,79,186,80,152,88,200,161,36,144,53,88,245,120,105,169,247,22,188,175,223,53,42,143,56,94,227,57,43,250,103,30,92,206,115,94,164,167,248,179,83,111,37,62,211,250,97,36,182,168,13,219,90,186,169,197,124,62,21,142,40,111,168,3,241,51,82,232,28,146,63,61,65,70,28,125,91,194,155,31,138,83,217,98,145,26,54,212,114,140,70,245,136,53,73,143,172,62,28,168,248,147,77,174,102,148,2,197,32,38,130,27,87,121,29,201,117,155,58,64,36,138,171,208,114,154,35,135,78,4,202,117,141,238,168,207,82,213,238,187,195,87,164,146,210,170,31,117,136,102,191,166,249,230,31,85,86,81,195,151,24,112,110,72,20,137,119,112,51,113,108,56,57,137,49,113,155,196,48,85,165,170,247,220,16,190,79,3,182,186,78,200,158,223,48,243,158,20,163,0,198,21,142,61,176,46,65,99,221,31,124,128,108,143,40,111,134,69,9,210,93,179,213,64,28,39,62,61,0,204,31,26,160,1,229,22,37,93,207,251,79,222,132,122,74,246,11,235,62,71,37,139,55,58,94,229,86,2,248,234,11,205,88,214,249,203,165,204,92,85,191,49,1,201,228,135,17,202,143,248,5,140,199,18,60,248,165,133,193,5,19,146,112,182,148,30,165,19,190,211,133,72,251,247,23,186,200,180,217,70,0,179,60,158,217,67,182,219,86,237,228,65,2,12,179,106,204,90,107,159,86,255,245,235,10,121,149,43,80,15,210,125,33,143,31,129,227,174,74,116,98,199,95,162,241,184,250,232,52,81,219,102,127,137,41,98,33,223,157,172,231,183,66,160,242,156,138,2,20,131,81,7,207,117,83,218,96,152,3,124,4,225,61,50,47,219,61,48,217,188,127,215,206,76,254,230,7,168,155,27,113,166,193,79,182,152,131,212,74,193,28,116,245,235,68,54,73,218,52,61,213,155,246,8,196,108,130,45,128,69,15,26,243,98,93,212,243,143,185,168,122,238,214,154,240,12,215,93,203,79,197,6,63,236,209,221,223,42,213,23,94,53,46,123,35,8,176,176,185,67,188,192,98,131,245,169,37,97,213,133,100,182,212,139,96,195,178,242,22,162,20,204,145,47,106,197,158,8,220,98,201,143,98,213,99,200,151,39,110,176,253,14,194,202,158,10,211,122,135,78,6,220,88,219,102,211,125,109,172,239,33,127,116,148,50,78,12,223,90,214,111,167,87,206,122,140,103,187,179,212,85,227,153,5,221,89,203,100,134,115,107,184,138,244,198,105,18,39,80,176,81,213,221,58,2,241,241,8,46,182,24,58,61,183,66,160,241,159,128,31,191,132,81,9,199,141,13,173,231,222,176,45,227,222,226,236,45,34,93,15,223,0,240,242,8,197,127,225,38,97,168,203,114,93,61,155,214,64,77,24,152,252,167,108,105,52,96,213,226,96,162,20,120,41,40,67,131,211,77,185,54,40,226,13,48,196,5,162,233,198,96,213,67,19,14,23,244,167,247,135,210,240,1,112,15,117,189,135,71,39,111,149,233,18,241,52,83,156,118,220,213,9,98,108,174,162,223,135,118,59,61,11,189,165,223,194,130,77,226,20,199,157,246,235,194,14,39,221,16,147,35,221,171,58,212,111,32,8,80,226,203,252,171,26,114,134,105,167,236,226,36,153,64,93,151,145,161,112,97,171,126,114,62,143,145,182,101,75,176,225,6,178,15,203,5,244,30,116,65,45,58,49,74,205,154,36,94,176,113,2,76,111,5,154,237,9,117,45,137,246,214,237,225,97,161,24,107,81,177,170,79,112,117,64,160,232,160,210,223,182,47,196,92,163,242,217,197,33,18,27,49,17,49,16,118,164,216,114,93,121,54,26,255,95,168,166,110,125,226,14,43,209,223,18,149,28,17,36,232,247,229,45,222,189,120,98,182,66,236,6,203,4,73,157,10,197,148,39,110,153,23,157,11,192,162,252,239,22,161,255,228,54,63,36,119,125,106,165,244,7,204,127,102,176,210,109,154,20,167,237,28,142,56,57,56,59,50,78,249,247,254,231,44,93,203,130,93,202,131,89,216,90,211,105,168,233,39,109,155,19,171,227,23,51,74,248,254,154,248,6,175,123,116,27,216,123,126,91,251,186,136,131,98,159,14,186,146,197,179,223,254,2,224,79,5,193,135,55,21,136,92,195,159,200,200,131,75,243,165,3,188,181,205,133,45,81,234,17,195,103,127,253,235,32,129,94,199,141,61,44,93,204,128,99,184,185,182,191,165,242,13,187,176,209,111,148,37,115,137,70,16,180,199,141,60,47,85,228,54,65,30,136,73,6,207,117,131,90,212,103,174,217,88,217,87,222,73,8,201,134,81,240,18,173,221,77,252,238,24,154,241,229,49,74,218,48,1,240,5,236,23,134,98,177,213,26,159,232,50,203,243,95,51,12,127,135,36,88,105,135,22,193,118,244,180,18,175,215,106,37,68,136,30,137,69,234,254,152,38,74,15,191,126,214,245,21,164,238,2,150,17,111,127,137,83,194,125,249,216,34,158,223,187,96,14,187,178,217,183,47,52,95,177,195,143,209,121,80,253,246,217,198,35,140,63,28,122,47,71,203,146,20,74,121,232,250,226,217,97,150,42,112,108,11,84,249,248,241,249,178,191,99,162,60,81,252,168,121,47,58,211,66,182,200,181,188,80,244,106,197,163,227,34,50,108,166,223,100,212,117,57,88,243,33,143,207,134,57,48,212,216,203,72,226,72,23,119,234,183,208,113,134,59,236,17,111,125,142,67,242,24,166,201,245,150,51,74,252,217,17,160,206,157,168,205,131,65,42,24,14,131,65,24,27,4,174,224,49,107,189,187,102,193,126,67,27,155,152,234,13,182,67,141,18,171,222,29,102,95,214,82,5,204,104,187,168,242,195,165,199,132,74,251,168,216,32,140,250,23,127,135,65,11,168,16,53,228,211,122,108,137,85,197,99,44,46,69,177,234,40,118,73,219,116,104,202,118,108,134,118,3,121,19,188,168,212,115,124,177,104,144,106,199,63,180,172,187,152,167,146,63,228,251,141,226,125,91,229,75,18,175,235,61,52,70,33,143,63,73,10,217,111,172,224,88,247,23,159,28,174,246,2,242,39,116,134,173,202,132,106,198,180,198,153,8,177,234,48,19,180,168,10,183,168,209,148,170,134,238,44,88,197,161,242,78,145,21,219,117,52,212,75,223,45,230,211,123,46,30,36,28,207,105,199,159,11,227,66,37,160,38,121,162,21,168,5,234,45,133,109,165,29,162,6,250,10,204,163,0,234,78,107,144,53,88,229,52,82,221,59,26,182,209,87,197,73,36,125,90,241,45,108,83,251,208,78,253,246,155,34,100,176,85,87,173,199,42,110,122,123,242,127,185,37,56,252,16,146,75,242,247,227,96,69,179,101,197,139,43,110,123,87,253,253,213,76,181,226,67,9,228,84,245,185,200,104,132,89,225,219,98,166,235,164,106,118,127,98,147,5,130,102,134,46,218,212,251,227,152,113,193,136,109,166,208,145,33,107,135,114,15,86,125,125,101,157,23,98,47,51,99,166,227,47,241,26,105,131,218,212,250,227,151,115,187,189,136,69,171,236,243,231,175,83,125,93,43,185,232,84,234,73,19,128,110,173,221,52,90,215,203,205,138,44,2,80,99,141,58,48,40,68,198,155,243,41,103,165,173,226,72,181,253,159,126,82,16,190,124,76,129,222,219,66,121,206,185,219,233,3,209,35,224,66,45,115,119,71,251,193,17,30,88,200,41,113,111,180,198,136,4,221,89,130,149,215,241,113,120,113,138,227,93,126,248,223,35,98,74,169,250,179,143,210,18,235,18,193,185,217,90,231,72,46,89,237,52,89,217,107,181,212,103,194,175,46,73,10,215,121,150,34,134,64,9,226,72,205,133,52,101,179,195,85,234,49,250,45,16,71,109,129,83,226,219,116,58,196,122,82,214,237,189,187,110,93,103,82,44,76,21,204,143,53,89,3,249,247,19,208,135,78,17,217,101,181,219,124,207,100,188,213,127,102,184,171,200,166,252,177,219,49,110,152,19,101,185,195,70,74,184,79,87,198,134,74,164,25,73,150,4,178,180,83,139,81,173,161,155,183,253,216,108,192,197,148,58,84,6,210,130,123,124,110,172,254,244,6,228,82,250,244,27,181,43,80,244,25,168,0,229,64,20,120,236,142,169,191,177,144,61,12,222,70,9,131,95,209,26,206,45,240,115,113,132,80,146,78,170,115,111,115,114,24,60,63,226,1,124,20,228,38,135,109,183,194,177,211,125,113,165,244,23,168,239,41,105,188,208,150,35,146,73,99,169,231,64,60,54,66,37,98,162,23,169,169,241,240,50,74,252,169,238,39,27,204,51,220,175,189,161,249,152,62,220,223,44,60,22,45,254,249,183,132,242,180,6,189,188,202,166,242,31,156,22,161,16,202,148,40,126,134,108,161,19,200,250,227,58,72,32,150,35,133,66,3,244,18,112,158,233,70,14,176,142,64,47,0,26,71,160,98,165,233,32,35,158,187,63,9,163,224,206,26,166,174,157,166,150,94,185,206,122,138,98,207,119,141,71,15,197,159,7,228,86,3,218,106,195,176,212,126,134,179,185,185,199,156,34,127,113,128,72,41,120,100,159,166,101,37,228,15,188,157,40,135,92,131,121,146,66,43,230,163,105,115,115,130,221,191,21,105,125,72,140,190,60,30,230,134,129,73,43,107,118,92,80,112,37,100,20,253,43,136,231,13,195,132,98,111,7,153,1,219,212,216,51,80,226,88,248,11,118,145,13,151,33,138,202,84,207,111,23,16,136,73,4,173,183,109,172,209,135,69,253,252,227,65,214,108,126,118,80,254,150,202,48,110,162,189,22,195,124,106,254,102,151,19,113,254,81,191,23,108,139,224,93,207,129,39,121,76,244,249,238,205,106,107,170,161,36,91,207,205,249,222,61,242,124,215,70,50,94,178,181,122,146,51,58,82,9,217,14,200,115,132,215,209,66,26,144,8,164,166,250,216,69,58,207,86,128,78,252,241,2,135,15,158,44,106,134,77,84,100,158,253,178,59,157,53,241,3,1,144,164,187,147,38,203,255,202,121,64,146,164,54,197,129,87,138,86,233,39,89,237,59,42,225,36,82,233,15,149,238,199,124,93,195,116,63,71,191,51,45,55,37,255,137,88,153,222,229,218,146,29,171,255,236,63,56,67,65,48,90,0,88,202,135,105,196,152,37,98,188,235,166,246,3,212,68,255,181,238,10,220,72,243,26,139,72,200,120,76,113,255,183,187,174,175,175,133,93,160,225,205,22,72,200,138,246,218,195,131,53,46,124,120,93,201,226,186,153,11,136,186,32,173,137,57,94,121,235,146,253,217,246,32,74,237,90,247,8,125,251,215,58,27,29,45,107,96,136,229,218,148,97,173,221,96,223,83,235,40,81,11,204,65,63,237,3,26,184,198,117,110,191,63,3,119,105,172,226,49,249,184,218,101,156,246,182,223,75,240,47,114,158,192,181,173,212,233,155,130,34,96,173,4,113,112,50,57,61,46,76,171,164,223,106,197,68,137,184,127,73,35,94,196,66,225,195,64,237,84,186,166,253,158,150,4,179,176,94,107,178,139,8,101,89,22,144,70,38,147,42,123,159,116,118,129,115,170,247,254,243,251,195,11,142,35,116,38,64,148,245,240,175,225,34,101,217,240,240,176,191,170,230,36,35,60,59,15,176,106,176,181,174,254,129,61,201,115,142,59,38,27,84,17,179,237,37,37,3,191,131,64,173,127,119,59,248,152,194,220,136,57,56,75,15,182,202,107,194,171,201,112,50,191,21,106,134,107,136,70,188,117,7,117,78,28,113,121,157,163,217,247,233,44,96,182,106,114,125,118,50,219,55,26,123,254,141,78,183,130,248,161,64,18,193,191,197,150,52,98,40,88,218,101,202,144,52,79,230,1,82,184,162,246,130,44,72,5,85,86,176,190,178,143,64,246,11,204,41,79,134,223,10,105,37,98,199,99,182,184,159,18,212,116,131,251,106,186,169,158,28,132,82,196,144,72,214,130,52,83,254,232,20,186,181,50,179,10,76,239,3,87,202,141,22,138,62,2,186,192,191,116,116,118,104,186,155,204,159,14,156,31,63,95,163,217,59,30,81,18,141,71,220,89,134,250,161,29,150,226,169,214,107,117,128,89,188,188,216,102,172,127,230,25,169,208,108,31,78,209,124,131,89,192,180,199,252,75,28,10,179,211,68,254,225,23,121,129,71,129,59,13,153,201,195,28,149,39,103,139,44,47,127,89,241,8,180,215,84,236,220,112,102,172,180,74,3,190,125,10,212,90,196,63,49,18,148,69,27,116,151,216,149,2,191,137,52,16,213,68,35,71,24,72,180,114,167,246,193,13,171,237,239,17,134,212,100,156,226,218,100,170,213,12,200,75,233,57,31,127,5,164,105,62,41,103,173,219,82,236,29,140,64,36,119,124,110,153,25,152,25,151,29,140,61,44,95,196,149,34,125,108,159,6,209,111,149,35,120,122,116,135,78,249,247,252,238,23,156,15,181,194,157,12,191,164,247,254,232,42,101,178,204,127,101,180,198,144,49,80,243,10,163,145,47,73,244,128,86,218,237,54,68,34,141,41,94,158,38,120,97,193,172,235,190,126,130,23,159,216,53,35,17,209,142,68,6,151,24,63,51,90,193,136,53,25,124,128,87,228,16,53,75,11,218,101,184,181,184,166,193,201,64,45,62,63,236,62,67,42,115,100,187,194,115,22,220,218,38,9,200,138,68,21,163,250,245,3,216,89,214,95,197,149,36,117,132,88,219,80,241,14,183,189,170,229,51,72,9,199,140,61,43,97,190,168,236,31,133,84,231,45,92,206,121,118,128,97,190,167,237,27,146,44,95,198,145,48,81,239,22,161,0,225,62,41,104,170,194,116,135,74,218,47,5,229,38,136,66,5,229,40,112,72,21,85,86,116,106,178,234,82,239,134,159,242,222,188,129,94,195,110,116,55,71,238,65,14,50,49,245,204,92,52,160,242,22,132,116,115,183,178,64,180,123,110,174,144,170,155,63,15,217,114,138,25,115,134,9,242,0,251,234,13,203,119,132,21,145,1,82,91,170,234,18,202,161,14,111,180,206,99,206,141,52,77,159,39,66,29,121,40,97,94,247,136,170,97,93,165,12,67,31,142,81,0,232,39,97,171,246,224,130,226,49,74,193,38,105,188,201,116,5,193,145,36,23,193,81,127,75,224,44,236,194,173,154,218,240,186,244,244,31,172,235,35,141,78,16,180,217,105,175,214,114,160,38,115,155,37,143,56,75,21,198,145,65,46,105,170,247,9,210,110,173,239,30,138,86,244,41,106,184,206,142,57,73,25,171,228,77,28,154,24,174,235,55,62,58,71,32,133,103,190,175,215,111,171,1,225,81,3,242,15,200,156,29,141,79,6,223,70,34,140,84,231,64,57,169,214,98,209,141,74,5,222,60,31,166,9,221,92,115,121,73,124,60,24,148,199,94,59,1,203,30,162,2,232,241,26,117,173,202,0,198,52,16,144,152,104,197,158,203,162,29,178,204,32,166,212,129,74,48,72,125,252,162,248,17,103,38,38,167,213,143,58,88,228,232,186,155,239,252,122,23,175,146,243,166,149,97,180,245,33,135,119,158,15,223,104,177,252,17,184,225,159,244,6,232,76,255,241,246,26,160,197,180,230,88,220,241,50,48,109,134,126,94,61,188,97,186,204,55,182,120,184,227,243,17,143,74,213,75,44,96,228,65,210,251,213,64,11,76,161,16,112,90,114,52,134,65,68,58,60,83,254,239,60,77,2,254,2,228,90,229,59,82,250,252,21,194,162,34,233,23,159,23,175,230,48,90,186,213,116,111,128,4,74,115,97,198,126,133,112,162,179,228,52,57,209,227,7,183,183,63,151,237,9,102,202,136,86,167,247,175,64,154,254,252,244,164,190,159,137,185,225,215,14,216,105,143,30,61,72,17,158,36,147,59,232,68,22,148,214,114,117,126,233,154,230,46,83,191,128,19,180,127,243,158,144,178,22,132,247,251,200,9,102,133,67,37,86,12,182,65,196,18,79,230,33,78,81,202,108,192,190,167,195,116,131,16,212,25,0,89,195,172,226,218,30,128,231,159,46,242,201,118,139,35,149,13,232,33,243,154,199,138,91,136,195,81,46,130,20,175,183,213,53,19,28,94,182,93,230,54,76,197,157,196,36,11,73,137,145,18,76,250,204,254,135,22,188,185,120,154,52,108,160,165,21,133,126,96,66,194,25,58,37,102,127,190,140,37,158,11,228,64,213,243,239,244,239,161,163,9,132,27,45,2,28,123,131,115,152,27,161,20,184,186,197,169,251,244,26,175,234,36,136,100,37,98,191,187,200,148,42,112,121,152,42,77,230,231,75,10,180,226,89,232,223,96,193,145,223,86,200,132,215,209,61,24,167,177,219,40,81,145,46,137,104,151,218,69,29,96,189,144,230,243,151,181,166,90,122,79,63,57,43,22,187,174,178,198,164,196,187,147,82,226,188,82,104,76,240,4,165,75,228,28,157,242,175,71,125,61,25,53,100,216,129,97,169,231,210,143,9,193,130,14,122,3,113,116,241,181,158,90,187,155,82,16,188,95,85,201,100,159,147,206,138,2,162,152,192,225,46,109,166,247,34,155,24,190,185,190,206,139,69,52,93,209,150,64,39,144,80,247,33,242,250,247,17,193,179,201,143,5,70,129,207,61,8,197,43,52,106,123,110,125,28,80,129,249,220,183,98,150,133,149,190,143,107,195,74,148,12,156,247,138,231,62,230,245,159,171,33,117,175,242,12,205,140,87,223,85,245,24,156,31,153,50,78,9,218,96,194,171,244,32,138,105,187,177,225,85,245,6,224,84,1,223,84,249,14,186,198,162,87,204,129,118,155,28,145,57,39,84,1,236,226,73,221,69,248,173,158,150,185,156,122,27,109,0,37,14,158,63,74,183,76,229,17,150,172,130,108,93,145,202,42,163,230,69,44,98,215,116,140,91,227,60,74,27,149,62,48,85,254,0,229,71,18,201,148,43,125,127,103,197,165,249,18,179,203,158,42,104,201,159,8,231,148,22,160,25,189,178,205,130,77,226,86,234,230,58,8,197,119,46,26,36,15,153,130,2,182,37,182,91,182,247,31,54,206,93,168,211,245,167,255,164,189,70,182,0,209,132,116,153,25,174,2,0,229,76,38,129,96,216,123,121,119,146,84,4,214,117,168,254,233,60,83,2,220,100,219,110,154,42,140,92,208,136,107,168,234,57,84,240,19,190,201,142,57,78,33,159,6,232,78,255,231,70,59,73,7,227,91,219,83,250,17,207,119,147,85,1,223,90,244,15,183,212,145,83,234,59,90,59,32,131,113,187,207,119,135,61,26,100,42,212,213,44,60,41,254,244,220,73,235,212,39,251,138,40,213,8,164,77,34,26,118,137,49,89,160,234,99,219,92,164,239,0,187,71,161,239,209,85,127,183,221,91,186,159,167,98,45,202,94,208,98,217,117,148,222,85,186,176,182,115,75,143,207,90,62,207,80,37,230,161,202,110,146,173,78,196,126,98,61,251,219,75,133,201,94,198,139,23,119,45,102,147,21,205,244,175,215,111,161,110,129,130,102,98,48,230,21,177,235,78,250,100,7,187,129,51,56,217,97,161,233,79,111,61,46,105,176,63,69,34,100,159,165,101,142,67,235,255,219,251,48,72,19,180,178,226,11,227,25,145,147,137,159,167,247,137,205,254,215,237,151,220,145,51,87,239,2,212,98,66,36,122,125,60,30,147,11,171,10,63,205,124,127,111,17,212,14,144,178,198,124,87,232,23,46,108,136,84,200,198,19,177,212,96,160,234,244,47,72,36,111,126,121,110,159,194,143,59,55,61,251,100,39,63,19,70,42,105,181,138,80,165,90,46,222,239,175,133,100,127,71,80,13,67,16,131,56,48,50,228,85,243,241,247,180,228,60,30,166,14,199,68,40,83,227,188,32,242,224,65,28,100,145,222,86,194,166,230,246,233,75,32,138,20,132,76,168,47,81,193,128,23,142,60,51,71,222,187,33,81,222,232,69,23,171,170,240,243,17,61,200,172,187,18,46,1,213,190,249,234,40,112,146,18,204,143,29,117,57,84,237,10,224,95,212,29,157,244,2,96,54,175,164,227,214,109,124,119,114,96,5,137,48,147,78,205,103,170,19,210,130,109,144,34,135,124,150,53,83,218,67,12,196,181,204,142,82,246,194,187,211,144,50,53,66,193,195,122,125,94,200,17,165,11,236,60,84,246,251,231,68,64,62,76,5,195,189,56,33,170,232,78,4,135,220,52,36,95,80,148,56,249,189,72,178,13,177,246,17,183,229,71,20,203,143,61,78,8,209,152,58,59,84,65,13,191,188,188,177,218,59,82,253,212,79,170,1,231,29,167,10,211,31,149,12,185,57,170,84,186,179,196,109,120,44,127,132,126,49,58,88,228,14,186,140,198,13,58,203,201,190,192,175,239,48,94,189,168,147,77,220,87,210,109,33,112,149,51,90,239,58,70,10,182,197,164,7,234,74,21,147,78,131,73,217,202,245,211,86,125,140,95,238,226,103,176,246,10,117,17,148,4,191,48,244,23,92,148,193,69,83,34,107,162,13,209,127,105,179,175,246,17,153,0,153,35,94,230,24,151,201,78,124,22,108,215,125,149,248,233,50,255,115,111,114,115,21,70,32,64,231,202,43,160,243,30,156,33,128,116,146,55,63,55,83,13,188,193,175,225,67,45,112,172,223,87,235,126,87,221,94,232,67,27,158,249,221,93,182,187,50,190,115,113,137,231,30,89,73,204,48,191,54,35,233,219,19,24,190,90,100,156,235,10,80,150,48,16,119,24,63,100,164,9,228,87,223,88,249,25,152,46,117,152,26,165,12,208,115,156,37,125,109,174,249,26,154,50,83,233,58,79,2,220,95,224,101,180,217,114,168,236,48,112,182,193,178,233,60,47,102,202,166,247,28,149,36,134,104,195,154,39,139,100,183,209,140,84,232,62,71,46,88,235,60,161,239,22,186,212,104,177,192,116,84,204,128,109,33,243,158,9,186,166,111,111,145,33,83,188,143,252,7,229,43,90,238,37,91,136,102,184,111,163,215,108,117,130,2,196,153,36,132,22,49,97,169,242,228,102,106,172,230,22,152,1,176,177,197,95,107,137,74,17,187,113,33,145,24,164,190,203,156,10,162,232,237,22,60,29,84,187,217,58,68,48,76,220,45,252,193,19,124,111,146,1,186,101,189,141,87,167,79,122,152,252,49,235,11,228,12,184,220,110,137,59,53,53,56,46,94,185,135,192,111,131,102,115,148,254,207,33,147,50,66,198,72,77,234,47,56,58,161,112,107,111,254,117,89,235,22,85,249,238,20,125,100,202,80,21,120,113,123,77,146,191,150,222,46,244,115,203,6,191,143,177,187,164,234,15,188,152,217,69,4,188,190,144,214,212,213,50,58,211,116,104,171,81,96,153,228,160,144,35,187,74,234,92,240,195,40,79,210,84,115,43,113,78,190,68,189,234,18,191,188,185,184,205,149,44,96,213,134,111,150,52,100,191,166,5,246,24,155,36,146,54,67,42,122,148,40,129,133,111,150,52,98,195,155,38,147,75,1,245,39,214,80,247,30,171,226,67,9,174,244,18,111,160,226,59,158,119,85,176,59,192,148,106,61,18,228,89,137,215,65,252,215,233,203,146,234,233,196,61,107,153,72,45,93,219,102,195,154,38,139,96,194,172,243,32,130,109,176,223,70,32,154,57,58,70,33,137,73,24,172,236,32,148,60,62,43,114,160,26,157,56,86,226,76,20,190,168,251,7,221,77,12,212,125,108,175,234,43,99,202,152,51,83,17,191,165,5,233,53,68,38,133,107,161,16,200,159,8,221,96,27,127,103,196,177,221,76,8,185,157,43,115,115,113,48,199,254,87,162,220,105,114,237,161,36,87,32,29,97,200,173,175,209,144,38,101,184,173,209,100,191,149,245,117,243,120,84,238,233,5,201,48,146,34,134,91,189,193,112,182,162,245,102,16,11,98,198,29,18,49,62,183,56,248,62,44,106,181,177,197,140,194,163,253,244,216,73,17,145,46,198,1,182,141,166,127,74,41,13,147,171,219,60,23,166,221,219,100,160,12,160,63,170,235,36,114,108,137,24,195,140,88,213,77,11,183,196,85,212,107,166,238,232,156,127,214,209,64,16,80,12,195,165,187,188,97,40,198,23,66,181,113,158,209,81,49,107,43,89,167,204,116,101,75,34,139,42,78,174,247,4,197,175,243,26,75,20,144,44,225,177,62,151,141,15,181,190,125,70,193,172,190,177,196,90,189,206,152,37,70,240,8,114,211,103,128,66,210,95,203,135,78,202,247,110,8,58,6,190,70,31,103,181,183,145,114,67,2,27,180,154,8,218,105,210,153,47,82,227,74,25,192,206,139,49,54,91,221,14,215,126,143,55,41,103,83,14,152,35,110,153,156,249,242,41,88,206,127,88,206,110,162,237,10,181,197,173,228,128,239,252,23,159,40,116,55,204,99,149,11,79,153,40,41,46,244,173,26,139,111,181,203,176,244,15,227,87,229,96,227,67,68,38,120,165,95,181,196,170,3,253,236,39,86,2,237,4,191,91,239,28,124,138,97,208,39,125,84,224,196,9,56,169,86,180,197,143,12,153,199,174,249,31,77,227,91,221,36,119,84,110,20,35,17,249,47,108,170,254,2,230,38,111,64,72,234,45,80,244,140,55,96,224,95,226,56,53,101,208,140,86,209,148,179,186,133,198,0,81,95,149,17,78,25,183,228,254,17,177,243,20,87,109,129,61,18,57,219,98,122,59,204,36,182,250,228,55,83,15,208,117,143,30,169,247,231,21,88,228,25,180,173,214,11,135,210,20,111,205,156,53,23,141,70,196,39,84,196,125,248,158,26,82,179,102,88,27,135,115,157,18,203,140,70,56,93,212,137,81,246,40,131,96,225,154,3,221,98,196,151,41,88,193,178,183,184,59,163,105,22,108,135,71,175,198,96,53,179,58,6,190,70,27,113,171,173,62,173,255,198,211,3,195,222,108,113,124,107,202,167,8,235,42,89,199,152,65,69,64,68,29,122,100,168,234,57,64,43,129,112,124,87,148,52,43,103,137,32,46,104,147,35,252,97,48,31,111,144,179,60,251,219,76,127,215,57,65,240,241,6,123,177,196,159,15,162,18,123,147,10,191,8,40,194,61,52,209,245,134,62,184,53,1,36,123,126,122,98,179,195,28,148,43,107,113,127,111,106,155,253,198,38,3,201,69,249,145,145,74,131,71,255,217,17,36,83,197,114,62,102,51,81,244,0,191,141,12,233,27,171,219,58,69,9,205,57,90,170,235,70,52,94,168,111,204,80,101,34,77,233,198,154,234,43,133,119,151,252,116,208,181,94,174,15,215,16,66,2,187,154,160,166,0,159,202,32,41,167,224,100,196,160,42,110,161,48,116,135,92,219,94,203,146,63,62,50,117,143,58,89,251,244,23,179,234,45,132,97,192,179,214,104,173,235,50,183,173,219,97,199,142,67,9,173,246,10,135,89,172,230,86,5,235,0,104,242,79,143,27,201,171,146,187,150,254,210,249,154,37,48,24,55,228,117,112,160,22,194,157,31,159,24,156,34,154,51,73,23,179,224,66,47,108,171,225,80,12,224,67,42,118,139,68,40,126,119,127,119,149,49,81,255,252,4,214,110,170,254,234,53,91,233,41,122,139,82,238,43,124,132,86,244,31,141,61,62,65,55,70,58,69,20,185,208,127,102,194,178,226,61,61,68,42,102,194,179,35,104,172,244,29,153,26,160,242,243,40,121,97,169,134,195,8,58,14,193,113,109,144,219,145,36,126,115,120,146,253,13,156,9,45,187,8,107,170,112,22,37,99,71,135,10,9,205,137,89,197,138,62,172,228,58,61,253,220,90,169,236,66,63,61,12,68,82,18,84,192,34,118,109,132,96,176,98,207,95,207,88,23,33,133,88,214,63,16,131,131,77,19,161,231,62,31,141,248,235,37,120,121,71,128,211,216,202,84,211,9,227,64,48,25,163,172,71,104,50,243,164,167,255,174,186,248,21,44,87,175,179,192,130,243,41,120,98,166,166,13,194,139,93,232,57,238,42,77,247,129,211,216,201,247,207,116,130,50,40,27,155,242,21,91,210,126,149,37,191,142,92,239,30,88,183,177,119,195,152,237,250,170,216,95,200,136,26,6,64,145,160,210,88,119,138,36,126,92,161,66,210,87,30,171,182,190,212,124,96,183,193,145,35,108,162,236,5,239,32,69,52,104,210,108,136,74,171,7,173,227,46,89,92,199,161,243,254,237,13,176,199,149,18,207,1,199,182,194,191,176,132,229,25,115,112,31,40,123,48,24,54,231,109,137,94,241,40,108,182,234,65,31,156,54,87,223,91,248,20,168,1,3,229,54,88,0,70,255,231,70,58,74,6,219,57,86,241,249,223,250,17,183,173,249,21,180,124,127,78,241,145,162,109,12,47,27,115,165,216,85,144,248,125,20,113,179,160,5,171,106,32,1,118,201,192,185,196,175,239,31,123,111,63,76,224,75,246,255,105,155,41,143,73,34,112,131,94,224,104,188,198,127,137,211,89,204,112,159,184,72,240,240,251,125,15,199,77,195,55,228,117,114,157,35,149,37,131,109,173,219,98,208,124,112,163,13,204,127,117,157,42,102,193,177,51,58,55,82,7,225,64,45,75,210,224,179,56,6,185,178,111,134,33,242,123,61,21,158,138,182,139,41,96,99,171,179,59,248,174,71,158,234,147,221,13,39,90,247,174,102,149,255,204,10,103,189,105,111,50,242,76,238,43,120,151,32,147,61,74,5,230,69,36,120,140,93,239,24,173,239,56,61,62,57,74,5,231,66,51,76,19,191,189,173,237,44,117,133,100,197,167,240,35,138,94,202,151,48,103,173,236,61,78,250,7,222,95,200,158,31,165,244,25,174,237,28,161,20,195,154,38,132,115,138,86,255,8,202,152,59,80,244,24,182,213,103,192,180,227,58,71,42,136,77,14,202,142,59,68,43,130,95,216,111,175,214,115,160,35,124,131,110,168,236,47,104,203,131,108,179,216,92,224,99,43,80,243,25,169,4,216,98,173,220,174,196,162,12,179,174,169,10,166,11,139,162,129,133,54,131,252,222,26,99,161,249,122,231,196,150,19,169,144,34,135,59,250,4,180,191,191,167,239,220,115,163,226,38,38,144,75,2,196,133,73,229,203,157,9,172,102,120,50,253,234,206,158,225,209,148,36,213,145,188,20,193,47,104,147,51,44,156,145,54,68,18,140,40,58,94,186,205,117,109,172,211,111,82,14,144,22,18,38,249,107,55,25,81,183,36,71,127,54,45,248,4,174,185,39,232,178,61,192,129,27,90,52,48,146,80,253,158,150,5,175,188,57,218,101,114,82,137,238,88,207,151,43,99,202,151,45,91,225,76,6,210,125,122,128,99,201,151,40,107,175,228,74,6,222,86,66,11,196,167,239,28,116,162,7,143,65,247,223,183,57,191,23,49,43,29,85,65,8,9,234,46,10,84,203,94,176,95,104,186,115,81,141,226,122,99,208,146,71,16,204,140,67,49,91,213,125,132,86,242,27,149,66,64,37,136,82,239,46,99,188,199,249,230,54,102,198,145,59,24,185,200,116,112,49,195,10,148,19,72,35,126,118,72,22,82,84,64,170,139,219,2,237,227,28,208,140,198,135,31,100,170,194,52,98,199,78,18,178,216,34,135,255,79,82,117,42,252,158,25,96,164,58,76,132,119,150,17,114,152,21,176,111,182,208,93,181,120,133,53,60,147,136,161,160,11,75,134,211,89,103,40,42,159,227,49,103,174,215,34,101,214,136,133,53,84,207,112,22,20,114,117,124,240,226,38,106,68,230,163,143,53,69,20,165,244,8,203,128,97,190,167,237,26,149,35,120,121,119,124,109,155,17,174,216,92,207,117,132,87,221,76,254,233,38,112,145,46,87,221,75,2,220,79,246,1,224,65,31,134,81,240,17,174,217,88,218,85,229,53,68,22,160,2,220,78,247,252,238,246,150,31,120,111,42,110,179,217,15,141,40,134,98,201,101,173,198,37,96,32,6,2,116,133,83,232,42,99,185,184,186,180,198,145,47,84,231,47,87,222,71,13,188,176,211,104,170,228,55,60,47,86,223,68,21,164,247,254,233,40,106,164,246,255,229,51,74,5,212,102,175,213,98,187,178,204,125,108,159,6,207,118,129,95,197,148,37,115,138,68,23,122,61,255,192,57,55,44,31,162,180,207,140,176,164,215,82,222,88,232,68,16,125,37,119,89,224,87,218,55,70,251,235,14,144,28,178,160,239,11,211,123,136,106,176,206,109,171,243,31,163,0,211,88,204,133,118,141,60,246,227,74,199,117,199,205,67,210,103,76,26,126,83,56,86,115,154,34,152,11,122,119,90,222,95,195,122,123,89,208,97,151,6,242,223,57,78,25,139,54,68,9,190,158,15,164,198,88,187,221,82,111,38,65,167,158,10,109,190,89,115,133,219,1,241,216,127,120,70,114,50,87,179,184,149,45,102,200,122,156,236,30,49,36,81,229,207,95,231,0,207,111,185,217,75,247,3,203,118,117,139,49,62,25,153,48,89,225,104,153,7,190,50,86,247,191,192,30,107,175,202,130,49,8,235,67,13,101,204,240,228,21,89,167,182,162,41,109,30,27,99,64,213,104,85,7,161,217,238,25,133,18,201,62,49,62,5,222,80,11,215,78,32,96,177,67,235,1,211,91,226,74,30,131,38,42,102,141,67,45,89,184,192,140,56,41,61,21,199,97,188,215,101,165,232,47,72,255,217,91,194,132,128,80,196,95,167,25,156,144,196,105,48,3,219,250,24,125,123,53,44,162,59,248,179,196,53,96,174,195,231,30,101,189,183,213,85,12,157,255,120,140,76,25,137,2,223,36,128,118,125,77,1,201,128,79,204,103,207,73,242,7,236,36,106,154,26,133,71,1,227,41,87,207,117,147,45,93,244,243,220,24,125,157,21,67,132,159,206,215,1,234,240,255,184,47,29,60,127,137,232,48,86,187,53,63,3,116,110,186,219,23,15,111,78,0,197,162,152,230,253,213,134,92,128,203,219,216,255,125,25,167,181,166,49,42,216,5,81,211,70,14,159,229,202,108,194,168,162,174,218,0,10,156,159,42,96,31,177,92,53,95,85,245,236,40,62,2,80,164,148,39,14,132,35,69,223,47,121,130,14,37,4,186,37,39,47,197,109,13,106,42,65,25,123,103,72,213,77,32,143,25,178,178,201,53,10,71,181,145,10,170}
local _OSgLIfbzwoh=_zQnHyLKANq(1748119817,#_ILUfAseOfpntz)
local _oziJpMEvMG={}
for i=1,#_ILUfAseOfpntz do _oziJpMEvMG[i]=string.char((_ILUfAseOfpntz[i]-_OSgLIfbzwoh[i])%256) end
local _laSOdMOL=table.concat(_oziJpMEvMG)
local _zDbSarRUD=loadstring or load
return assert(_zDbSarRUD(_laSOdMOL))()
