local _xCoAMPugl=function(_OPsBqgPgMqowH,_IidudJOubqfX)
  local A,C,M=4194301,12345,2147483648
  local s=_OPsBqgPgMqowH%M
  local out={}
  for i=1,_IidudJOubqfX do
    s=(s*A+C)%M
    out[i]=math.floor(s/256)%256
  end
  return out
end
local _ONoJeWPthgSD={36,116,129,54,27,64,46,60,43,185,39,248,171,191,94,146,185,106,13,175,238,17,151,47,76,6,144,107,117,191,93,7,136,125,107,158,221,37,35,152,249,116,192,204,106,175,151,50,18,226,73,251,25,96,211,81,168,3,217,85,187,142,233,53,214,117,112,50,102,128,164,43,95,229,68,254,210,34,137,246,43,152,29,80,215,238,86,152,8,184,208,146,58,68,253,238,34,24,169,149,78,48,86,168,207,3,17,100,162,234,60,79,2,236,6,201,31,165,241,212,75,163,112,170,253,245,247,250,162,54,29,111,117,77,32,24,135,100,214,119,171,203,123,10,227,64,18,201,165,2,146,75,9,151,251,230,218,141,32,138,62,255,199,93,2,168,23,133,76,129,247,253,26,78,97,74,208,62,244,255,103,51,205,248,88,20,160,130,157,10,87,93,65,159,115,235,250,232,43,245,53,206,68,226,7,196,60,59,20,113,105,160,255,150,28,108,157,28,99,200,106,158,246,235,44,37,71,30,41,100,139,28,113,56,32,142,48,97,134,106,176,149,53,55,87,187,155,48,104,181,142,10,57,194,104,117,79,236,174,193,197,160,34,47,224,13,136,23,105,115,170,244,1,244,251,141,73,218,52,9,148,13,215,118,127,102,159,201,118,154,12,155,8,112,130,109,124,103,181,168,244,12,86,245,250,2,245,255,241,171,182,232,11,187,156,240,193,138,104,185,156,23,178,174,204,110,104,138,56,12,206,91,215,89,199,108,173,228,221,58,3,228,172,178,221,45,89,226,70,184,176,194,38,116,93,107,193,182,122,143,56,73,26,60,14,67,230,252,185,130,39,139,79,226,26,112,102,147,236,233,242,215,66,54,91,215,71,236,202,127,235,155,76,12,161,2,182,182,200,156,28,86,186,197,186,197,118,95,163,144,68,253,223,73,21,145,69,217,118,151,215,115,133,40,95,179,37,239,102,155,54,82,221,94,181,222,115,152,6,197,145,221,42,238,228,2,168,183,136,105,191,173,224,53,22,129,34,73,211,53,40,131,71,114,42,251,73,7,102,51,157,104,229,14,178,203,20,53,222,196,207,147,69,46,85,239,241,248,232,252,221,59,147,157,102,16,33,112,128,190,37,207,101,213,121,113,157,245,226,50,231,7,198,175,235,47,94,162,173,235,6,221,101,190,181,176,127,238,228,3,165,192,110,170,198,113,111,46,38,61,247,202,79,192,135,103,193,141,57,49,34,88,151,98,209,109,128,129,21,189,178,219,100,164,220,57,14,156,31,124,118,139,8,160,55,78,23,170,205,92,103,208,142,52,85,135,71,174,224,71,9,164,196,72,9,189,173,201,87,3,128,112,162,232,33,94,153,161,203,78,197,94,148,56,40,116,148,51,54,1,171,174,165,191,138,93,233,63,46,61,73,36,60,72,4,202,126,2,178,185,196,120,135,104,192,168,169,43,108,140,38,104,116,154,7,217,79,177,240,41,33,156,21,144,63,37,146,199,98,244,23,139,55,66,22,141,254,196,144,80,3,206,84,226,50,59,254,186,40,244,210,56,6,207,36,99,180,138,85,202,119,114,39,131,82,176,243,25,128,254,233,187,249,19,176,212,110,124,101,185,124,124,138,6,221,30,91,177,193,136,69,171,252,0,2,235,11,174,157,43,120,120,95,228,63,235,67,52,66,43,238,161,204,75,206,114,47,92,211,102,140,12,113,143,45,93,184,137,107,69,31,151,10,186,231,25,156,17,3,189,184,151,24,49,99,159,226,55,33,116,115,79,22,187,182,148,3,200,78,12,178,130,86,131,95,201,132,52,20,88,217,79,245,240,226,97,104,150,220,82,190,134,250,213,237,232,247,203,130,8,171,124,143,69,252,139,47,180,77,67,50,81,253,247,236,227,69,246,200,169,247,229,207,132,55,76,28,166,245,195,121,61,235,142,172,181,195,148,252,201,56,71,239,53,62,250,128,101,140,147,39,56,5,158,212,52,19,116,83,183,167,15,199,110,115,129,19,235,167,219,75,171,205,146,67,3,178,111,186,152,22,250,100,64,212,68,207,63,178,104,232,26,174,230,56,91,218,90,249,27,152,65,49,86,2,236,36,158,35,128,139,177,192,165,6,231,77,252,246,239,229,9,199,136,31,96,114,151,245,224,155,144,223,118,53,82,220,44,3,63,14,219,99,154,241,8,126,169,108,141,53,237,9,223,92,184,149,198,178,176,208,205,235,170,149,2,150,236,170,129,158,252,15,202,142,98,207,124,147,50,86,11,211,110,181,209,118,173,254,242,53,79,254,20,192,170,15,205,129,126,119,134,117,138,78,35,138,77,42,128,106,205,143,61,84,6,215,130,182,176,214,118,154,44,94,207,100,135,36,118,123,70,235,210,119,84,175,40,103,92,205,38,253,133,42,196,97,140,11,142,33,163,13,159,227,51,255,38,247,236,25,67,7,229,76,233,0,133,119,95,194,245,113,25,72,231,229,253,121,21,226,44,111,167,3,217,106,187,185,184,203,150,47,85,244,26,163,252,1,245,14,184,201,152,47,86,240,37,128,98,206,148,62,40,125,139,101,179,217,110,177,208,130,111,157,11,209,131,183,171,227,78,17,198,148,50,60,0,185,182,189,129,59,224,77,221,113,113,60,55,49,28,33,118,31,92,117,33,76,232,78,10,165,208,107,86,34,4,199,137,241,252,6,231,23,118,34,159,233,34,212,213,237,204,92,135,23,41,5,18,154,38,135,100,184,206,146,58,52,88,252,18,172,241,40,120,122,136,105,184,187,197,177,221,75,22,194,181,197,166,18,202,135,95,218,104,171,245,28,157,13,206,151,51,75,22,197,183,191,184,216,116,134,99,209,120,124,130,118,222,55,64,58,64,35,128,83,187,136,72,7,164,209,31,145,6,211,54,166,170,212,25,133,205,73,24,103,165,76,203,76,201,82,184,164,26,166,209,75,250,169,39,243,249,241,185,164,14,209,91,173,127,135,49,76,88,73,146,222,40,36,67,167,138,132,69,39,137,104,171,248,21,163,14,211,105,185,197,148,59,79,23,158,18,174,236,50,79,14,217,91,231,47,107,193,182,193,252,222,72,30,169,2,223,78,232,251,100,140,62,37,73,225,238,34,80,195,29,171,229,146,89,87,126,94,215,86,154,231,23,192,172,190,200,132,40,246,2,179,30,151,64,193,156,229,14,153,191,151,4,242,248,165,102,71,13,175,206,27,141,23,145,35,20,183,155,1,235,254,210,126,94,208,68,50,109,178,218,98,153,187,192,126,89,239,254,193,58,87,247,248,11,100,207,123,42,128,103,170,14,199,120,80,205,42,122,103,162,20,135,70,241,20,62,18,207,145,51,61,50,70,187,0,237,237,248,239,5,171,194,50,76,241,19,94,100,216,119,134,234,39,37,96,181,229,62,51,95,191,83,234,68,192,210,227,12,245,15,167,249,13,130,124,125,87,185,83,255,218,10,221,59,14,179,180,207,75,224,66,193,135,110,177,137,99,191,142,23,73,20,54,66,175,78,160,217,50,64,189,203,148,223,83,202,147,59,193,55,60,34,126,253,133,25,170,205,120,68,50,83,160,15,146,228,76,213,9,187,183,184,86,241,250,237,17,187,178,170,124,129,83,245,14,187,220,86,233,47,48,77,4,173,175,24,148,67,64,110,173,177,240,27,108,153,208,90,248,20,160,17,161,12,221,21,177,171,241,232,67,9,174,253,248,25,72,162,252,224,95,204,111,183,200,133,95,96,132,255,246,242,32,111,177,250,5,191,154,16,82,1,222,102,202,76,30,150,23,169,219,82,237,225,92,219,97,201,147,52,93,222,64,42,91,172,218,93,176,177,164,245,0,183,151,205,134,37,83,137,46,79,130,231,3,107,48,59,85,239,237,247,86,95,114,190,92,220,61,9,106,23,200,65,45,105,133,28,22,152,237,251,231,11,89,229,18,167,132,112,151,43,40,118,89,178,37,242,185,233,221,90,197,113,51,188,206,10,184,212,72,5,180,203,62,176,200,92,172,210,76,129,54,62,37,74,223,245,22,146,69,13,164,8,192,169,156,26,77,126,243,198,36,117,126,31,137,32,53,81,181,175,166,123,61,246,204,148,18,74,30,141,74,206,133,41,70,176,187,170,112,30,95,88,107,195,170,205,101,105,197,156,254,5,242,29,64,246,237,20,198,165,22,194,175,201,120,130,124,132,122,151,45,76,237,12,192,185,191,176,227,35,116,7,87,169,180,148,63,36,114,97,154,197,159,230,44,197,235,185,195,167,210,17,175,192,198,178,235,43,109,155,37,113,97,152,194,181,76,26,168,241,247,7,186,43,61,36,100,185,71,26,114,133,235,67,56,68,35,121,141,56,13,150,202,158,145,76,19,177,185,192,140,181,160,250,226,65,190,213,26,128,84,7,216,100,203,124,29,139,95,74,142,4,162,201,82,183,138,16,205,135,15,183,113,110,129,118,138,23,174,29,133,69,235,13,171,234,73,44,130,122,151,18,165,25,191,197,178,235,17,163,235,246,244,21,183,226,79,23,153,11,207,130,111,170,2,205,108,111,31,81,186,128,59,50,64,59,34,88,212,80,249,206,87,221,231,77,9,185,195,176,154,51,88,196,115,63,63,59,8,110,138,76,250,144,51,212,161,42,92,233,76,21,148,60,4,121,106,172,217,241,236,50,83,229,225,80,173,214,246,232,253,22,155,45,112,121,2,170,178,154,45,90,209,69,238,202,144,228,202,135,88,143,182,119,237,180,109,50,38,28,119,159,31,122,87,239,201,203,124,98,122,150,1,220,182,26,46,99,197,119,36,133,130,220,62,50,45,89,64,123,9,210,119,96,104,185,231,172,176,94,149,238,227,86,230,31,161,29,155,198,168,222,42,115,59,106,132,71,235,37,55,97,114,30,139,77,177,78,176,64,186,91,104,132,4,177,201,92,192,170,253,255,254,16,215,87,205,131,116,159,47,132,120,107,148,22,124,120,132,111,162,236,251,250,0,5,222,25,102,154,13,60,163,144,50,77,251,241,16,179,201,135,76,253,236,31,132,86,223,69,18,172,223,69,19,169,232,42,99,186,182,194,157,10,196,151,31,134,79,245,3,218,83,234,37,114,139,64,35,122,117,132,87,221,75,1,222,72,10,197,148,39,109,154,20,165,242,13,187,176,211,106,165,242,13,188,174,181,91,208,101,178,83,50,100,41,255,68,129,255,116,194,143,172,105,7,82,14,80,243,251,238,207,143,57,53,56,56,218,116,150,9,100,215,103,149,45,83,250,189,184,145,18,134,71,197,169,220,5,243,25,130,248,25,159,226,51,228,74,229,16,170,126,125,96,202,157,19,135,71,231,202,165,1,215,123,140,2,252,254,209,11,222,85,234,21,187,169,246,30,77,9,171,235,55,254,126,103,159,20,141,77,27,70,32,104,177,209,118,116,116,147,15,191,124,65,85,255,254,226,71,234,12,172,165,15,180,171,140,46,104,142,64,37,110,117,107,177,197,154,30,77,11,172,254,189,154,48,100,196,117,123,90,106,183,176,236,25,130,110,142,63,46,29,170,252,10,209,68,236,252,146,6,103,173,207,117,22,232,58,17,158,33,153,41,122,144,17,79,219,96,154,244,243,19,176,108,190,185,164,240,215,112,130,98,171,240,184,202,103,182,214,57,70,246,20,153,12,168,176,224,30,150,74,21,145,37,113,63,5,106,164,245,3,217,88,219,82,236,29,139,64,33,128,98,187,178,205,124,109,156,15,181,195,154,19,169,232,42,101,179,201,134,81,240,19,171,226,60,47,84,229,50,76,255,230,47,84,230,49,79,244,6,209,110,152,26,148,40,108,160,3,216,91,210,109,155,18,173,221,77,253,236,30,102,134,79,243,224,29,61,55,238,150,201,70,11,126,236,160,127,26,106,78,195,207,94,237,241,72,42,138,69,181,238,254,215,109,130,68,34,83,209,90,21,198,155,243,5,45,203,11,113,108,85,173,104,73,71,255,10,224,75,37,125,113,179,221,80,20,183,196,185,191,170,10,231,52,107,184,195,191,10,180,201,155,36,126,106,171,200,150,252,231,197,166,215,76,14,159,239,34,81,220,63,13,215,103,110,164,167,24,113,144,48,41,66,204,137,255,152,25,4,136,58,166,217,107,164,133,60,82,246,215,97,139,167,167,221,254,216,212,51,89,161,245,119,191,42,77,245,240,20,137,85,165,105,59,157,75,42,68,243,14,195,60,255,90,164,222,234,174,164,195,100,207,117,126,61,5,132,98,111,6,77,177,176,131,57,177,184,222,84,153,149,202,68,15,113,21,37,239,204,85,143,254,44,130,254,239,27,141,24,105,90,212,93,204,106,81,122,65,237,232,63,19,70,47,117,170,230,212,136,251,97,60,228,22,81,209,241,246,233,103,210,121,92,203,217,199,24,76,220,7,153,166,143,118,115,172,255,232,72,47,90,236,40,112,172,230,53,93,46,71,17,210,140,63,48,56,72,232,36,16,212,136,112,146,207,151,207,229,175,140,32,50,45,227,84,101,162,21,189,187,195,122,92,183,252,16,188,144,46,179,57,192,84,198,73,209,251,141,121,101,194,174,230,48,98,213,127,101,196,168,241,16,195,175,248,252,0,250,15,182,209,130,115,137,87,239,32,131,107,179,35,105,170,251,14,210,111,161,231,76,13,165,221,235,172,172,172,171,173,167,185,131,113,141,54,22,124,29,149,248,221,252,226,5,104,101,140,53,38,97,202,101,170,94,155,132,127,226,212,44,103,139,233,209,87,0,255,228,12,153,20,94,234,215,207,243,192,130,13,157,149,62,164,228,79,16,194,175,182,144,187,124,59,254,181,144,255,177,228,35,22,186,185,197,92,218,41,73,184,173,162,147,229,10,188,134,113,158,242,246,182,227,76,222,88,153,58,24,150,121,229,190,90,179,131,37,0,128,160,240,35,141,92,208,137,113,163,251,9,243,35,123,136,118,151,30,162,43,125,109,177,249,15,183,212,145,74,8,223,86,233,40,126,137,106,168,255,255,7,208,133,106,188,175,233,61,71,14,203,161,34,125,128,119,139,69,41,129,123,114,161,21,177,209,132,111,167,238,43,116,155,21,184,211,134,81,2,242,39,111,167,3,248,250,7,240,54,64,58,95,221,76,16,200,169,233,59,73,21,164,10,220,94,201,156,36,128,100,204,153,55,64,56,87,254,233,59,81,18,173,237,49,111,151,51,95,209,114,162,19,179,203,150,59,82,237,47,108,170,230,68,47,119,128,117,153,52,71,35,158,30,137,91,241,130,75,2,238,54,100,183,199,117,93,207,108,190,191,178,230,74,15,169,227,227,93,171,215,213,54,178,246,127,252,179,211,72,179,123,98,165,6,186,173,93,86,174,165,190,185,160,253,108,41,52,17,122,126,27,16,91,146,39,42,233,169,99,111,107,77,198,212,137,232,49,83,229,17,125,29,139,57,57,35,60,24,189,197,147,27,43,214,234,241,219,29,99,186,168,10,226,83,201,115,68,45,79,214,83,1,237,45,72,205,124,1,121,61,74,27,153,208,72,63,44,83,197,129,34,159,24,136,96,210,100,191,175,154,41,76,209,9,226,65,218,69,143,35,147,66,46,106,122,148,54,36,89,158,24,124,99,151,252,234,2,115,170,254,173,172,104,119,74,207,141,58,49,39,73,183,200,94,161,154,9,87,146,20,160,204,19,104,152,210,86,5,251,42,48,219,28,90,159,27,126,5,229,25,133,98,181,215,3,249,9,177,184,91,92,154,225,11,142,3,165,190,191,163,245,217,51,249,3,178,179,65,141,209,243,241,250,240,162,129,212,179,186,193,118,95,79,140,222,49,27,39,97,27,123,147,68,21,121,82,232,227,99,158,248,10,189,192,82,189,54,13,135,25,98,135,26,97,211,86,125,118,87,195,17,30,30,11,169,209,107,51,207,235,99,197,112,141,213,111,105,133,221,227,216,68,227,207,105,2,253,252,216,68,205,155,26,101,144,39,22,224,56,68,32,110,174,167,15,139,26,45,80,131,16,154,16,126,253,168,216,30,120,134,37,82,118,23,60,24,103,69,10,42,75,19,145,40,235,171,174,165,190,184,163,244,136,211,53,16,125,131,88,214,56,23,79,1,179,179,114,38,35,42,42,28,121,156,26,105,121,249,22,167,76,41,232,205,113,159,0,155,0,34,2,209,105,100,61,35,143,79,224,193,142,44,81,181,98,124,239,6,178,229,1,1,194,152,116,247,136,251,207,44,41,245,161,62,21,184,224,91,211,125,124,129,97,217,130,108,159,23,178,233,39,134,126,132,87,240,32,137,72,31,169,4,218,104,188,192,165,5,225,155,1,231,90,237,27,152,10,149,174,164,195,102,198,126,5,222,30,114,53,219,3,138,10,122,149,53,46,66,210,140,71,222,38,100,94,7,195,161,8,183,211,57,90,170,188,71,2,108,84,208,109,102,70,206,101,120,105,177,165,221,242,165,165,163,189,106,140,79,222,66,159,143,0,175,163,19,169,226,18,136,252,250,214,128,68,228,246,252,118,14,78,241,153,155,2,232,221,222,62,253,181,244,35,78,92,28,119,159,33,125,64,254,228,237,70,4,240,10,174,234,26,155,208,94,175,244,13,171,254,5,226,243,29,110,118,121,44,160,135,59,43,11,175,238,46,65,249,155,52,40,102,10,50,214,17,141,245,208,1,125,169,215,114,168,13,189,194,187,181,215,102,183,219,83,254,2,238,26,171,243,9,215,186,162,6,251,4,216,101,162,227,73,241,10,101,134,220,27,92,153,44,74,162,7,176,243,236,234,229,46,224,211,1,217,224,184,199,107,156,166,250,165,133,72,223,18,222,100,139,166,62,71,28,118,104,96,225,73,216,55,49,248,56,46,97,201,115,159,215,129,52,32,29,127,246,182,170,222,19,61,231,25,92,190,180,120,14,175,171,173,11,222,29,239,108,132,102,154,15,55,200,88,168,183,207,98,199,79,0,147,168,167,196,59,228,44,234,143,192,36,49,191,14,168,245,231,64,218,48,42,233,208,188,174,236,50,35,198,164,235,214,117,123,110,112,139,87,170,6,166,203,29,128,241,197,125,104,118,20,99,166,179,175,230,24,60,183,136,23,106,113,92,155,221,103,172,179,164,242,197,190,156,39,101,156,30,125,115,71,249,201,18,121,66,233,244,210,56,7,152,230,253,183,208,95,208,51,85,185,188,199,161,44,111,121,246,239,32,88,197,55,186,102,167,165,247,148,5,208,13,208,103,101,202,125,105,126,98,210,58,87,193,179,131,54,25,29,52,146,45,110,173,180,45,158,143,35,100,52,50,64,22,137,78,225,252,219,64,10,213,74,169,115,86,171,172,170,175,161,203,77,200,87,168,182,140,11,143,75,238,182,202,89,194,66,154,197,136,1,227,208,82,235,201,172,119,90,203,27,121,182,227,67,253,231,133,193,41,23,122,44,41,243,166,49,63,55,83,13,189,194,183,207,118,150,57,68,23,179,228,72,12,212,126,119,128,118,152,44,97,211,120,132,89,234,51,91,213,120,143,76,0,248,20,180,199,161,27,175,214,117,159,25,153,44,119,141,60,69,49,186,164,247,15,205,138,69,27,119,156,31,111,125,33,137,28,119,34,251,163,239,205,129,246,221,74,187,241,141,40,131,116,153,42,66,9,174,234,12,185,58,189,118,75,206,69,224,15,130,40,54,12,137,88,195,148,169,114,88,165,191,112,93,152,230,64,12,185,89,167,120,71,217,35,139,41,97,66,235,11,187,51,17,98,59,218,22,155,206,254,105,35,46,46,4,161,65,65,193,167,242,8,167,188,96,193,150,33,110,143,225,46,111,164,237,35,47,63,73,20,96,119,126,214,19,152,141,39,130,95,64,151,179,201,136,73,8,202,131,89,215,92,206,119,126,105,167,239,23,158,7,204,126,103,173,219,81,240,19,168,234,36,119,127,102,176,210,107,161,0,227,57,54,63,36,117,131,91,210,107,162,254,233,38,111,148,37,115,136,75,1,222,71,13,186,179,201,135,76,254,234,37,115,138,69,19,135,228,55,47,68,121,253,102,23,11,237,178,205,124,111,150,31,133,84,231,46,87,220,79,246,0,227,59,51,74,4,214,96,194,156,13,186,180,199,140,61,43,97,191,165,244,5,210,109,155,17,176,210,108,159,6,208,114,139,64,35,122,115,137,70,16,177,207,118,128,98,188,175,213,98,189,173,221,76,253,235,34,126,105,166,205,81,239,16,137,35,40,116,102,175,75,167,244,156,161,132,3,203,39,68,0,6,248,193,40,54,11,140,63,214,90,233,29,39,56,7,154,224,14,133,30,113,179,212,74,0,59,159,144,228,21,93,151,170,130,154,8,244,35,130,138,102,183,233,72,18,216,125,115,177,239,28,184,223,75,29,154,27,191,201,144,87,233,44,122,132,97,234,53,76,42,132,96,234,53,78,32,137,78,35,155,27,186,18,155,19,190,198,169,234,48,69,239,161,204,73,210,92,78,242,20,138,80,249,142,4,162,201,85,176,187,212,112,117,128,188,29,20,86,189,98,135,220,236,92,189,189,188,184,186,196,170,245,3,235,54,80,242,28,165,21,164,7,224,80,250,24,177,213,131,109,161,30,157,11,208,132,114,140,78,9,214,97,209,132,101,181,209,129,122,118,145,69,50,78,10,215,105,170,245,23,186,185,213,116,135,92,220,86,226,75,15,189,176,241,35,131,128,108,160,19,196,186,181,211,128,128,105,209,145,47,102,199,169,239,61,66,33,157,20,167,253,1,253,240,51,103,182,232,147,23,164,20,169,240,4,176,92,155,220,27,130,220,71,20,139,77,2,168,152,13,198,166,183,166,19,181,167,234,125,217,225,239,242,197,94,84,132,150,16,196,167,249,249,10,218,109,157,32,154,47,87,240,32,139,68,43,119,140,64,55,83,255,230,67,42,112,146,63,71,43,99,203,148,59,50,95,216,110,155,39,146,77,251,10,241,39,111,171,250,7,209,133,103,184,188,197,186,199,144,70,37,127,101,202,178,238,26,169,8,222,74,23,176,220,80,8,233,52,73,30,177,66,11,193,175,229,62,42,109,141,21,45,40,56,7,166,240,4,212,24,150,254,230,64,245,17,133,50,10,248,195,171,191,130,63,33,91,108,119,203,151,249,216,34,107,191,185,112,177,223,48,238,8,76,249,255,202,143,60,197,130,180,43,182,213,93,145,60,17,192,149,3,112,164,228,66,223,30,205,134,78,153,45,82,247,23,170,192,117,41,71,150,235,237,232,33,29,139,49,61,232,57,230,251,190,116,82,185,160,37,127,73,3,50,186,61,221,42,27,92,90,113,205,105,183,203,143,54,81,2,239,23,175,234,57,55,77,11,203,131,104,188,191,171,1,250,249,19,191,168,8,226,70,63,67,34,171,1,223,84,250,21,168,7,225,71,60,77,251,1,238,40,108,175,232,58,62,87,250,245,19,189,206,122,132,104,184,195,199,174,226,105,192,164,6,224,73,7,220,93,212,107,188,193,168,25,180,198,159,27,179,202,147,60,77,1,254,0,226,76,14,202,141,106,194,159,22,183,225,64,50,96,226,63,54,82,255,234,64,57,60,76,28,147,68,33,131,121,154,24,183,201,140,91,219,86,254,4,219,112,169,236,58,64,40,135,94,204,157,39,114,173,254,236,58,64,39,141,90,215,122,141,63,72,46,91,243,46,94,230,67,28,174,251,245,32,141,62,68,45,91,223,81,247,5,3,254,238,51,82,242,42,118,133,116,156,23,200,160,2,235,45,100,191,210,132,91,243,43,101,210,135,87,12,224,72,39,120,128,132,111,159,50,102,185,229,80,250,33,156,20,193,169,236,60,63,38,128,109,162,2,251,5,217,118,148,48,128,124,115,168,0,232,71,23,166,31,168,237,59,82,241,46,108,164,20,182,202,179,229,56,88,247,2,254,9,207,163,22,165,14,205,125,122,130,99,187,193,180,231,47,100,195,164,251,16,189,173,236,49,96,194,171,239,37,117,148,55,70,26,197,181,201,172,1,227,89,243,13,218,110,157,43,129,99,213,189,155,21,187,208,135,77,2,206,82,119,74,207,64,28,52,83,249,228,46,97,115,151,54,60,200,88,196,184,198,116,131,178,60,185,106,132,16,126,245,161,62,26,181,216,93,234,69,24,184,195,155,46,117,135,109,178,208,146,66,33,153,34,131,124,137,72,32,161,18,174,238,51,91,212,123,140,79,251,19,193,164,18,182,197,182,222,77,21,170,231,68,30,143,86,246,3,241,43,113,146,68,32,134,111,182,196,174,226,63,66,62,45,124,135,82,13,208,119,154,32,135,105,175,218,112,169,233,68,56,63,66,43,101,209,135,83,5,218,88,246,18,178,235,55,66,57,75,7,235,46,94,231,65,36,151,55,62,61,69,34,128,133,118,131,117,160,8,236,142,40,112,176,219,83,244,250,229,12,190,154,225,20,121,150,55,245,19,137,65,38,65,253,224,200,20,113,92,156,255,92,174,222,13,86,206,90,195,170,217,78,148,16,212,57,43,115,164,30,162,18,167,226,77,20,205,148,56,43,85,211,52,18,119,72,215,41,50,25,100,131,36,67,230,252,186,129,42,48,31,81,188,122,64,250,245,247,29,151,252,210,116,127,79,185,196,38,144,70,12,164,22,86,238,238,250,249,143,84,255,240,252,26,90,167,226,57,33,162,15,163,6,217,74,24,135,25,104,52,20,115,85,213,225,31,100,155,39,114,135,250,245,34,22,108,134,116,137,250,212,81,7,215,48,98,255,224,52,31,114,121,114,179,216,77,246,21,149,24,143,76,19,154,4,199,138,79,248,5,197,104,149,21,173,253,15,214,116,158,253,227,92,241,39,147,64,17,158,250,247,23,166,9,187,139,204,75,205,72,3,118,116,111,66,28,172,121,67,230,252,187,126,82,16,179,124,77,229,75,11,148,55,130,87,208,77,233,32,160,37,144,77,31,127,92,236,63,56,84,6,192,149,19,126,83,217,93,229,95,239,45,86,210,115,159,28,182,211,90,197,132,85,241,20,176,197,110,34,72,214,45,84,121,95,206,40,108,188,73,212,52,19,116,82,213,135,78,172,189,147,63,47,42,117,200,134,67,242,248,242,38,127,87,211,128,125,93,191,155,43,128,83,220,61,0,217,113,169,218,76,22,174,203,117,128,131,73,248,237,245,140,11,142,5,198,16,145,22,103,64,2,229,30,126,29,86,172,200,173,174,205,140,81,16,215,121,110,139,71,30,155,48,109,176,194,144,35,71,219,31,82,184,135,25,99,135,26,96,144,255,176,158,213,46,37,63,240,222,20,113,104,169,219,101,149,4,148,53,25,133,114,161,223,46,14,172,85,118,199,154,242,8,99,215,104,151,6,201,80,17,182,166,246,223,46,16,196,116,102,152,160,139,12,137,18,155,148,45,94,196,103,150,9,61,18,171,240,227,36,154,232,37,150,50,63,31,157,252,227,45,111,171,209,98,173,167,186,129,44,43,44,42,49,28,91,156,217,36,67,229,0,176,160,207,65,235,237,244,6,194,190,194,136,53,82,144,6,4,234,2,194,190,194,133,64,42,255,5,228,32,29,163,233,14,223,84,4,158,39,126,85,204,119,138,45,100,102,58,255,178,154,6,78,223,71,199,91,158,211,53,15,130,39,58,30,170,245,225,27,149,46,0,211,53,15,129,42,48,30,85,176,159,209,58,0,173,166,189,119,72,215,42,49,39,110,140,94,226,84,245,158,242,47,114,157,41,115,46,116,142,53,223,101,193,140,86,167,252,197,117,136,225,90,220,4,237,26,143,7,79,220,27,7,102,178,192,160,177,187,143,18,128,68,218,100,156,18,132,76,6,225,78,20,121,111,139,202,104,178,212,44,109,126,110,144,204,144,33,145,54,243,43,115,115,35,119,54,76,218,47,5,225,207,98,64,37,76,245,12,207,130,35,139,33,93,197,121,124,32,164,16,166,231,189,67,27,133,38,163,245,216,64,188,207,134,74,23,146,198,120,157,5,105,131,83,142,31,147,7,199,38,125,77,1,122,130,49,32,95,174,184,82,2,210,35,149,34,92,171,245,3,207,117,113,97,1,202,106,173,229,7,212,70,230,47,80,199,104,91,219,40,78,122,33,86,203,143,87,242,232,165,60,222,49,115,177,150,170,175,160,207,157,231,39,3,181,186,79,223,104,181,166,237,116,244,145,226,28,71,215,234,194,221,66,62,44,120,137,74,29,148,39,129,111,154,50,100,185,206,140,64,59,77,255,253,244,11,218,92,209,142,84,231,65,50,95,200,162,25,161,3,243,29,141,85,255,232,72,42,104,191,173,220,100,200,142,85,254,236,57,149,17,181,232,63,40,116,108,199,125,69,156,218,33,74,43,62,34,21,129,89,115,113,179,213,71,9,33,239,161,178,172,151,232,184,87,28,126,129,135,90,215,111,169,255,230,69,42,122,118,149,58,69,20,187,198,239,6,211,125,132,99,187,187,152,67,8,165,126,51,21,111,189,138,63,188,138,59,204,104,206,131,59,44,182,46,226,239,244,189,119,12,92,12,172,240,37,138,69,41,133,117,132,107,188,202,134,101,199,149,39,131,117,161,2,241,39,123,116,154,48,110,152,46,122,136,77,14,206,147,44,117,157,28,145,69,48,110,153,46,113,151,32,153,49,97,193,181,227,170,211,105,184,209,126,104,177,182,233,22,122,255,176,157,216,129,60,41,254,196,143,209,88,253,245,229,48,172,76,136,250,210,35,68,164,147,104,152,44,117,153,25,174,250,3,217,107,194,181,197,167,12,201,144,88,236,32,147,62,50,78,14,217,102,178,225,98,211,105,187,212,216,74,10,224,76,255,236,4,0,209,72,242,218,201,92,206,117,89,178,125,117,59,221,90,177,64,179,156,159,150,218,223,5,188,210,146,242,149,239,226,9,180,62,201,84,178,151,233,244,209,88,253,218,218,91,210,120,78,12,251,226,77,2,194,39,210,168,215,85,0,252,6,246,28,137,65,60,71,37,146,48,67,12,173,175,209,149,50,61,32,136,60,37,111,173,202,118,112,101,159,2,7,224,53,54,69,5,201,131,113,127,85,212,107,195,165,16,164,207,254,179,149,241,12,90,178,201,111,68,225,10,143,30,170,212,234,40,104,181,151,47,145,31,149,41,78,130,191,224,47,78,21,172,209,98,193,144,38,100,202,152,11,180,183,146,30,141,81,19,186,209,133,77,235,38,136,110,170,10,230,33,114,124,66,19,193,185,214,118,150,26,138,92,233,69,40,139,48,65,19,131,227,6,156,218,68,141,28,148,189,118,77,200,85,204,160,241,146,49,79,0,183,208,175,197,163,0,201,18,16,235,13,168,226,85,250,230,36,124,95,187,168,253,245,242,253,222,74,26,156,34,108,114,119,114,164,34,150,49,91,203,118,151,70,46,133,114,125,92,193,160,27,154,43,81,196,140,90,251,16,205,136,63,21,170,1,6,239,40,111,134,63,23,118,10,145,252,185,180,105,128,92,215,60,199,88,166,217,122,101,57,62,40,116,92,226,121,103,191,172,197,30,237,86,204,107,151,54,93,190,157,21,150,20,161,26,131,74,246,255,247,3,233,23,112,127,92,233,80,1,240,29,133,73,32,175,3,1,250,229,34,110,152,45,99,203,113,99,174,234,55,99,222,92,200,127,118,146,80,11,197,132,72,254,193,40,53,14,132,85,158,11,146,11,110,99,132,34,101,213,82,114,146,43,109,113,162,57,39,127,106,137,207,215,150,12,175,222,104,199,160,31,162,240,11,226,89,239,61,62,25,139,49,36,105,176,238,45,105,191,192,157,251,247,24,176,228,90,229,35,108,142,13,182,227,64,20,154,26,134,69,12,223,98,172,205,109,118,11,140,10,143,52,254,2,238,28,128,253,184,134,56,94,185,61,49,77,6,166,5,16,161,16,184,160,138,168,37,94,188,191,187,198,184,205,119,114,158,29,153,45,99,170,216,75,213,78,233,42,122,161,41,139,96,190,154,23,181,241,55,85,4,197,131,76,255,251,248,14,167,194,142,62,64,61,67,63,64,22,149,57,83,0,249,22,144,35,108,119,7,154,223,17,174,145,75,20,172,209,49,221,243,243,44,78,125,114,141,72,224,85,32,114,157,19,143,190,13,246,235,13,173,227,89,237,65,63,50,64,28,172,247,46,134,108,144,35,106,166,11,201,161,239,233,20,156,28,148,24,145,70,31,119,114,132,106,149,20,152,25,168,239,37,99,143,39,112,167,19,209,129,122,104,158,29,169,251,11,203,112,130,78,209,249,195,100,130,94,118,115,178,149,239,226,8,151,5,246,238,155,21,162,7,163,12,251,226,78,255,201,16,22,219,62,19,158,28,152,12,180,216,100,169,220,67,44,111,133,66,13,185,196,153,33,111,105,147,26,153,45,129,121,145,60,36,107,184,228,90,255,255,212,85,214,102,208,125,138,52,25,131,75,7,226,78,24,169,239,17,162,4,236,49,120,155,39,94,183,175,217,118,137,98,176,171,106,111,98,137,71,200,152,224,239,8,241,215,41,81,19,153,155,21,162,6,164,10,0,209,129,102,150,168,78,51,53,56,80,23,197,172,231,41,92,227,92,246,40,112,132,74,244,219,75,41,132,72,0,235,18,160,253,15,192,145,34,109,110,148,83,10,184,177,217,74,248,245,35,130,76,239,9,163,133,33,76,202,117,4,202,57,4,162,202,81,186,157,47,67,158,13,185,194,113,161,59,32,148,45,64,173,64,93,182,183,215,111,168,10,227,47,71,19,195,171,243,41,118,112,133,66,240,12,223,90,197,135,84,215,82,230,73,11,178,193,144,5,195,161,31,160,35,143,48,66,36,152,54,99,217,71,252,225,27,28,90,161,204,129,25,132,82,248,149,238,227,4,191,200,122,248,0,226,72,224,84,34,109,173,226,32,10,40,165,223,60,69,43,116,164,26,143,43,117,156,57,95,215,76,240,2,176,201,156,21,148,33,157,253,224,56,78,12,175,201,119,81,231,80,28,161,7,200,130,125,142,91,230,32,114,127,64,172,169,180,148,22,31,117,85,196,69,224,13,135,54,100,164,123,119,123,123,69,39,170,213,117,138,41,240,117,188,154,10,220,115,180,216,84,220,100,217,130,106,147,29,124,67,4,204,142,69,35,137,79,240,8,217,101,195,168,238,9,184,173,227,94,212,138,51,28,121,104,175,235,69,56,88,237,22,144,54,86,4,252,12,204,112,132,74,8,228,64,58,40,68,254,182,54,24,155,14,142,20,86,235,213,253,217,248,252,179,81,14,115,86,172,169,179,149,238,1,1,209,249,2,246,195,182,76,4,224,23,186,68,35,138,42,63,194,114,140,60,5,174,136,84,199,168,204,61,196,164,239,127,49,58,88,202,14,197,172,158,35,5,217,97,148,68,166,252,253,208,77,207,246,5,198,18,132,86,220,37,79,165,255,186,137,167,94,83,191,142,62,15,96,117,226,204,237,5,245,244,144,62,65,223,96,80,250,254,191,196,40,120,138,41,67,238,150,16,131,57,207,232,255,228,50,34,87,142,66,240,17,168,166,106,62,148,195,133,82,225,229,34,136,253,88,92,149,203,40,93,165,58,29,174,173,199,136,119,157,255,218,88,204,116,128,127,117,115,121,106,163,12,197,163,232,253,216,84,10,227,44,82,241,1,211,95,219,99,170,213,85,232,78,3,217,204,21,162,253,236,31,132,87,222,72,10,197,146,44,95,197,148,38,112,145,48,83,234,38,113,143,54,63,36,117,131,90,213,98,187,177,208,114,139,65,32,129,95,197,147,43,99,187,178,203,130,93,204,126,105,168,236,32,132,87,221,76,254,232,44,95,197,149,36,117,131,90,211,106,164,210,3,217,73,251,89,63,166,113,254,127,181,89,214,96,193,159,5,211,106,165,242,12,190,169,233,40,106,164,245,3,218,85,227,56,57,54,63,37,117,132,85,228,56,59,48,81,238,23,157,10,197,147,40,105,167,236,29,139,65,30,136,76,255,229,52,71,13,188,174,217,86,224,65,30,135,77,251,242,12,191,166,241,16,177,207,83,192,162,247,210,72,187,195,141,86,219,59,66,18,179,127,112,102,142,219,47,236,166,81,133,94,195,65,130,126,62,5,71,98,45,24,131,191,149,46,9,57,175,100,194,190,157,16,110,52,94,150,160,211,244,210,55,10,222,73,4,171,188,95,210,78,29,127,247,106,207,250,129,90,211,254,135,55,97,181,89,224,91,218,48,75,219,251,54,60,32,90,247,209,75,118,212,214,30,113,242,220,217,36,66,232,67,23,153,238,243,186,191,136,92,149,45,79,186,196,51,212,49,26,95,215,75,13,124,120,79,211,230,168,101,13,36,16,185,143,225,49,92,164,208,15,156,169,179,58,150,187,90,235,23,83,6,205,83,228,76,203,166,163,107,24,41,115,172,212,106,97,91,231,251,103,201,147,235,74,64,15,155,32,105,73,145,251,189,120,71,216,38,60,68,5,114,151,242,232,167,103,41,192,11,90,218,43,255,208,179,235,45,64,31,221,185,64,210,74,187,125,248,150,94,182,211,139,97,192,183,227,82,238,48,124,125,108,181,237,63,37,138,111,180,198,168,21,9,182,194,179,243,42,101,190,144,83,250,220,54,247,9,170,248,194,167,225,2,235,212,79,24,164,202,95,98,161,152,230,160,99,82,148,54,38,116,144,205,135,46,126,93,94,52,114,15,64,31,134,229,12,121,76,218,209,233,162,85,77,150,39,68,242,145,26,184,196,107,125,9,174,113,91,65,129,247,165,5,187,170,101,62,245,208,63,55,38,106,38,249,195,101,128,120,104,72,20,137,89,156,24,141,253,251,165,20,181,173,197,73,18,142,93,191,56,166,29,15,65,26,149,186,97,231,203,98,196,126,113,86,201,171,237,253,253,177,217,74,198,159,185,199,118,122,246,140,12,140,11,222,80,226,90,241,32,57,68,249,31,122,6,61,87,97,77,248,250,140,199,91,186,175,86,85,185,181,191,123,75,177,224,54,90,205,102,195,144,56,239,32,98,211,74,12,224,80,31,85,6,137,237,34,121,4,188,43,242,255,108,229,238,7,215,21,76,229,229,41,246,22,118,219,33,8,150,235,238,54,70,254,5,239,36,44,105,123,80,151,251,137,209,209,5,223,64,202,231,80,212,97,23,12,72,188,140,247,201,21,65,93,186,203,161,29,140,82,7,229,53,88,247,34,126,126,133,85,245,11,193,179,227,65,59,50,94,33,110,153,45,122,129,97,199,128,83,16,143,37,248,5,227,51,53,56,222,26,117,126,134,20,143,89,216,233,168,223,6,19,165,231,8,183,173,225,94,242,36,150,27,130,99,214,137,95,225,46,74,245,15,110,64,9,122,105,52,90,171,52,98,200,77,207,96,190,206,141,80,22,193,149,21,175,251,8,223,97,199,126,87,207,123,146,56,87,208,97,188,76,224,75,235,43,42,76,32,140,246,165,250,240,158,239,147,185,168,113,216,9,240,254,185,136,53,63,168,93,162,252,235,247,217,8,222,61,70,10,173,237,17,182,120,134,37,72,154,254,21,52,243,122,151,255,245,158,132,230,248,160,34,110,106,29,124,120,81,243,255,220,68,3,209,241,199,94,82,185,133,32,160,9,181,224,96,211,31,143,9,165,149,0,124,248,90,107,174,212,12,33,161,225,59,137,183,71,189,136,2,166,124,11,0,207,138,107,191,166,5,244,29,141,80,22,182,193,182,238,55,62,64,80,12,192,187,220,96,194,179,247,33,129,117,169,74,244,14,223,85,230,57,42,84,13,130,230,251,188,122,65,234,239,225,46,220,83,233,49,16,156,49,90,173,223,60,38,103,154,11,65,206,148,50,13,198,71,184,200,102,34,13,143,197,36,47,221,25,194,87,248,10,200,125,20,129,232,246,204,75,204,75,206,67,24,73,245,238,249,243,5,193,183,130,68,57,11,184,206,130,78,235,38,97,179,191,173,202,120,85,110,99,134,29,87,169,180,145,28,14,196,159,14,194,84,1,241,20,154,221,237,25,115,35,97,226,46,226,70,39,46,112,17,186,188,184,195,82,6,225,69,7,151,192,158,230,218,109,28,154,27,112,129,47,70,233,40,93,217,58,64,40,73,245,208,98,215,97,205,67,56,71,0,9,143,79,4,246,20,161,246,252,114,21,111,96,142,4,162,201,84,225,220,47,93,182,203,73,240,52,81,211,122,15,49,222,16,86,255,217,40,224,29,23,106,111,96,234,15,134,30,114,134,209,226,18,170,223,27,108,77,13,176,236,23,135,95,187,185,109,167,205,151,247,166,173,169,98,35,221,219,210,226,119,159,218,49,236,18,81,51,15,3,201,147,3,186,56,41,115,67,155,39,154,6,101,100,165,253,157,167,10,203,111,162,241,210,241,234,176,124,63,176,159,209,59,72,8,199,100,144,226,70,200,60,91,221,11,39,15,126,120,83,211,142,69,236,230,130,91,130,92,120,5,107,119,245,65,167,243,228,24,168,142,92,164,211,5,198,54,132,27,222,57,56,250,10,163,226,26,40,103,154,218,153,19,156,230,84,191,132,217,71,24,84,105,189,218,71,162,171,210,94,82,249,16,115,165,110,121,132,75,255,186,108,190,203,119,38,150,212,115,91,117,115,122,255,242,38,50,102,45,62,55,50,74,202,7,200,147,8,179,219,71,20,108,196,68,55,15,167,221,87,142,213,128,104,151,43,86,162,128,62,180,112,101,63,242,215,40,117,58,231,90,223,6,55,222,16,194,145,123,26,133,59,15,162,206,3,165,190,115,166,246,239,52,100,197,74,17,104,92,250,254,167,83,138,13,203,68,228,31,126,233,155,231,43,93,163,213,19,188,162,21,157,244,24,143,60,227,67,251,243,116,255,155,222,252,16,146,78,176,87,89,93,82,156,23,81,165,197,31,83,182,140,86,223,65,245,221,250,255,158,172,207,51,190,55,62,249,15,108,21,112,186,116,111,184,198,116,130,181,49,216,12,157,194,103,57,212,164,48,66,29,160,34,139,66,35,75,141,9,148,241,33,109,168,173,229,22,171,139,35,56,33,83,98,208,104,97,223,95,224,77,240,15,99,246,238,13,159,17,140,233,74,187,52,194,33,6,130,101,103,89,243,21,101,190,140,57,144,162,134,2,186,108,104,56,216,154,4,237,62,136,56,58,66,49,115,139,72,252,222,84,201,130,181,51,210,29,105,95,146,187,80,50,57,80,27,157,13,209,140,93,206,146,91,63,21,164,10,229,72,11,203,114,114,156,246,162,135,25,98,136,22,107,109,102,188,103,82,224,2,82,122,116,86,248,178,66,233,80,178,180,233,50,5,122,103,107,22,46,89,168,4,142,173,167,20,100,144,56,49,109,181,223,81,227,53,241,89,242,23,159,242,213,153,48,107,171,214,93,121,192,190,182,90,248,222,83,147,12,125,80,199,18,155,228,34,116,163,11,180,187,183,176,198,133,92,191,150,17,179,235,45,123,98,146,35,145,83,251,18,190,163,237,49,115,156,45,101,163,233,23,110,35,68,225,12,138,16,127,49,100,164,149,242,32,57,219,68,213,215,236,30,88,242,196,13,136,114,75,236,97,225,20,148,32,161,30,159,33,138,64,25,181,227,80,17,205,108,141,44,92,222,78,251,18,189,148,15,107,174,188,181,160,221,249,8,178,198,17,56,7,153,226,78,226,55,190,51,22,108,106,195,159,244,36,147,58,234,47,12,100,169,166,103,61,44,47,109,82,97,140,103,109,196,152,61,55,32,125,196,6,89,136,40,34,73,150,191,229,108,142,58,70,35,133,86,237,4,229,17,169,128,109,83,144,37,49,198,32,130,44,120,49,198,93,242,203,156,24,92,216,62,37,204,239,161,177,172,149,238,164,147,104,153,46,121,231,28,149,70,29,142,67,234,242,245,254,107,21,120,120,117,88,181,117,150,18,198,139,43,113,132,92,131,100,109,33,1,99,58,58,29,235,162,222,2,255,159,180,191,38,242,168,99,15,135,214,44,41,50,105,174,199,171,254,249,174,173,19,193,185,195,143,51,247,57,44,121,132,241,72,37,142,67,14,181,114,206,118,143,75,239,222,106,92,124,103,45,221,230,167,59,76,9,138,79,216,87,55,172,104,90,177,136,22,44,251,47,67,40,122,128,99,201,155,41,104,184,208,232,27,148,60,73,16,182,204,109,142,40,118,98,185,17,29,20,86,191,94,148,180,100,245,248,35,143,61,87,254,236,53,78,248,10,213,115,146,87,74,244,13,214,97,203,117,115,148,10,191,254,88,100,104,136,2,166,126,6,16,238,8,203,152,61,59,49,87,206,105,119,75,234,31,7,64,248,250,239,235,252,158,28,131,116,128,74,22,151,37,41,115,95,157,109,244,141,18,38,10,135,0,179,86,136,110,73,126,23,176,184,59,46,23,110,33,75,204,75,13,109,20,86,245,231,173,217,12,167,16,203,118,100,197,69,86,213,76,219,61,28,145,63,57,80,5,240,12,174,219,97,212,127,119,152,12,178,187,201,122,86,240,195,214,74,2,227,68,223,103,95,60,219,101,154,150,30,72,251,194,39,57,4,161,20,146,201,145,225,182,111,169,205,253,234,219,56,90,169,217,92,228,92,229,74,32,120,113,168,18,200,178,230,32,105,198,159,238,2,145,76,5,194,185,212,119,50,86,147,160,176,231,18,45,90,139,27,149,24,164,218,81,71,124,247,174,181,123,61,184,87,28,125,127,135,110,161,39,133,83,252,7,215,95,215,123,139,67,44,126,206,102,177,225,82,254,235,45,67,42,77,245,132,224,14,133,32,152,7,106,175,134,198,63,57,27,19,168,161,230,81,196,130,83,5,248,31,156,44,90,203,153,45,111,172,249,233,24,140,66,54,72,23,189,188,152,2,145,77,3,200,166,13,204,51,98,176,181,213,23,219,60,44,103,185,130,127,24,18,92,228,29,13,185,110,115,130,50,74,37,103,168,0,212,92,199,165,227,40,81,201,138,58,62,12,187,10,53,207,39,74,187,124,250,145,110,134,98,209,124,114,169,255,232,59,64,42,100,198,166,11,194,172,243,109,137,73,31,161,15,184,199,117,147,17,168,107,43,44,43,45,120,128,81,11,221,91,135,101,167,210,125,29,200,117,130,101,190,115,171,147,159,178,223,42,229,50,2,184,180,155,10,224,96,219,111,183,183,180,224,89,251,15,212,88,203,104,132,90,202,143,23,152,115,249,128,18,138,252,185,68,180,4,195,173,252,17,183,229,80,244,26,174,230,48,100,215,126,104,190,200,245,241,17,195,169,242,14,196,103,123,91,205,255,90,106,164,234,68,27,122,137,41,128,107,145,248,14,162,230,246,29,137,42,125,48,113,168,3,220,38,95,175,206,64,65,47,74,20,181,213,75,193,189,192,153,52,95,137,126,55,35,122,18,58,216,31,146,12,198,44,111,126,121,150,35,119,118,82,201,103,70,42,106,157,230,203,149,24,165,9,106,59,49,68,56,76,232,196,168,222,98,154,255,5,236,43,37,151,61,55,74,4,237,25,105,131,245,15,146,39,4,239,20,159,216,55,27,41,137,98,184,202,42,121,94,182,202,110,181,220,101,185,172,193,182,202,115,96,186,162,121,134,122,132,68,12,187,81,14,199,113,114,86,243,231,6,197,151,203,23,156,0,0,232,26,177,235,48,91,149,60,45,78,167,250,211,100,78,25,168,211,5,226,19,131,85,215,73,200,161,241,240,253,251,183,211,101,205,64,56,48,82,230,64,11,157,14,126,134,90,198,98,150,3,204,131,76,218,65,240,241,228,53,63,251,204,47,95,156,23,175,249,207,219,253,186,158,43,136,131,37,74,4,209,69,237,203,146,31,159,254,209,128,89,222,253,247,226,96,147,201,157,44,92,187,137,106,133,123,129,57,199,103,69,98,173,231,15,184,65,171,128,42,248,139,238,250,250,174,169,112,94,147,244,28,123,14,217,121,159,5,119,161,224,105,185,143,196,114,37,193,134,122,118,164,2,192,160,92,61,182,112,111,76,201,21,65,93,184,201,154,46,88,233,59,77,252,253,252,7,216,137,98,188,190,182,204,135,121,221,60,50,100,214,125,109,163,224,95,209,49,92,176,248,11,155,159,225,216,157,244,70,50,87,191,162,86,79,129,18,139,248,196,35,21,226,118,111,151,49,110,184,187,186,157,44,110,129,71,195,184,194,139,93,231,60,227,83,234,24,73,25,130,87,94,81,186,127,49,99,167,139,75,216,98,205,158,223,171,140,71,203,99,224,84,192,49,43,250,118,2,252,253,211,81,165,17,183,172,252,12,207,44,104,130,101,198,181,153,124,27,155,205,93,244,25,113,30,99,82,109,30,152,2,214,227,194,103,121,67,46,69,178,234,60,73,18,161,253,154,93,230,62,194,191,133,121,137,33,13,150,184,10,179,157,6,238,38,134,112,174,204,112,157,43,112,167,11,217,73,251,224,22,157,57,78,235,22,164,231,33,124,140,47,70,248,227,121,154,30,107,157,101,35,4,135,42,28,88,102,78,55,48,112,149,58,82,10,198,162,13,190,189,201,162,4,247,5,243,10,220,106,173,230,165,226,62,58,84,8,203,138,44,125,122,93,181,121,148,45,75,29,168,250,170,241,242,53,85,187,65,251,139,133,101,157,7,81,123,62,244,211,126,85,131,116,139,80,187,207,142,83,243,255,226,234,103,161,225,74,224,239,57,24,195,172,184,72,228,207,196,134,91,180,195,243,119,7,126,71,199,89,100,83,39,91,231,76,6,208,135,109,162,253,4,253,248,252,7,244,19,169,252,22,192,162,20,203,139,65,48,108,192,163,10,217,107,164,7,223,87,223,85,246,98,172,227,93,228,54,71,253,210,141,75,235,11,120,153,29,122,146,74,21,88,243,9,187,97,209,90,208,245,119,7,153,227,5,234,34,120,81,201,54,91,213,28,126,118,97,214,107,144,250,222,107,189,171,184,149,31,60,87,209,137,63,14,200,128,104,104,152,235,171,173,168,182,139,14,134,30,161,253,231,4,179,122,126,75,8,78,170,12,209,80,229,3,109,165,149,13,223,80,213,95,29,250,126,26,115,66,231,185,84,36,99,209,155,48,84,255,13,194,158,32,175,248,252,5,250,253,236,53,109,190,168,2,1,232,45,114,177,53,49,85,12,225,65,40,80,203,133,74,15,149,37,250,127,4,158,157,158,183,160,8,121,82,241,6,219,53,64,125,220,218,6,174,145,250,129,254,40,89,237,47,95,200,161,9,202,159,39,111,169,69,2,227,95,209,113,156,225,202,79,192,110,99,133,31,81,5,193,60,72,15,195,99,142,101,173,229,26,136,64,189,183,153,16,73,28,138,80,216,78,239,185,234,32,100,197,64,17,151,61,58,28,119,28,23,105,115,84,178,154,225,11,142,5,159,210,143,89,225,58,64,2,194,143,42,8,254,230,20,183,110,135,96,165,208,107,85,36,15,210,132,58,188,159,214,131,58,91,226,21,49,41,0,48,65,239,159,209,59,253,184,133,30,85,244,239,16,52,208,63,242,216,38,59,252,187,208,120,105,195,182,207,43,117,105,150,43,76,28,166,8,210,98,159,28,152,10,150,85,223,40,122,34,76,137,20,113,90,228,32,125,13,141,198,92,154,224,86,205,25,179,206,38,125,71,7,100,194,127,125,116,118,73,40,121,97,169,135,215,42,47,33,76,202,81,187,188,133,92,225,100,143,156,186,190,99,153,61,60,8,90,174,112,19,45,68,56,71,240,41,113,126,26,32,80,192,111,96,143,2,169,5,219,65,62,71,31,60,59,20,190,178,189,94,82,186,129,42,117,109,148,169,113,90,160,206,149,42,82,10,226,76,182,220,78,234,189,122,92,200,12,50,228,55,47,90,154,35,152,221,93,170,192,156,246,7,128,118,105,138,74,186,200,110,134,92,173,197,127,50,59,68,251,209,118,93,179,195,120,43,100,77,251,227,5,171,204,143,39,129,76,26,107,179,187,202,97,168,8,225,74,199,156,229,15,178,125,69,12,181,65,180,76,83,250,210,74,233,38,79,145,68,16,119,146,33,135,90,191,131,243,36,117,89,178,200,71,252,12,211,34,137,215,107,116,90,109,185,190,149,55,73,15,189,181,71,164,245,246,205,71,217,102,135,42,32,184,132,111,140,48,78,169,9,216,66,183,221,92,195,161,220,32,25,106,205,85,199,151,187,248,14,200,118,155,232,78,11,164,187,209,136,70,5,224,35,126,70,240,171,238,240,244,243,20,174,123,66,180,198,132,34,82,213,81,98,149,255,209,127,46,107,137,34,79,211,87,158,20,136,91,209,51,91,191,175,151,57,65,30,58,121,114,140,33,45,76,11,159,0,124,144,68,0,125,122,95,240,33,110,93,218,54,70,171,241,235,11,159,228,40,73,184,212,99,107,157,233,40,125,42,250,243,252,185,131,37,130,51,39,41,156,214,113,110,119,97,188,138,223,73,190,133,20,13,170,6,233,22,139,29,48,70,144,14,177,181,200,68,73,205,106,252,83,63,51,30,101,105,197,157,250,13,206,254,128,98,176,158,223,46,109,148,48,62,45,79,211,86,178,19,158,227,42,69,1,229,40,70,252,192,243,44,106,161,14,154,251,228,43,252,255,215,121,113,169,243,241,8,164,145,68,17,115,151,251,218,50,45,77,218,237,42,59,18,152,36,126,4,246,30,145,180,92,206,108,106,122,94,228,61,37,15,201,108,142,66,249,156,44,96,174,154,46,80,205,116,61,71,40,102,146,48,46,85,217,62,216,105,124,73,3,207,99,207,58,86,242,227,51,18,190,148,50,15,214,111,127,1,254,238,245,250,143,84,237,10,222,95,200,61,2,220,76,213,62,217,97,150,39,109,130,33,231,175,148,16,213,109,126,101,11,48,220,255,197,77,200,24,54,128,81,2,246,24,156,33,154,51,75,17,200,173,220,98,219,116,137,90,236,50,78,8,230,83,233,57,82,5,212,118,152,50,77,15,212,135,83,10,207,117,148,65,66,30,154,40,123,114,159,33,151,30,154,44,114,142,75,31,248,232,43,117,154,36,121,129,49,39,109,150,245,221,250,255,199,183,159,151,251,121,29,144,72,13,71,229,225,174,200,150,2,7,235,27,117,40,211,167,129,71,48,121,178,187,162,36,177,157,224,65,28,101,143,228,64,248,220,228,234,18,209,110,193,153,122,218,250,202,92,206,108,188,183,172,166,11,200,132,47,239,54,80,219,237,45,72,19,183,202,113,80,2,208,144,43,122,142,24,182,223,83,220,94,236,228,86,239,255,130,112,114,99,172,228,85,235,187,207,124,75,226,81,247,178,235,48,60,28,150,166,101,137,70,12,147,4,134,99,173,245,252,214,113,132,92,133,94,156,231,148,155,250,23,168,2,221,51,30,18,101,214,66,60,9,103,190,144,254,168,210,2,180,42,52,207,65,236,235,53,47,243,42,133,121,120,30,170,197,179,164,153,41,80,190,101,155,168,194,1,199,184,191,202,145,19,165,77,106,46,11,160,186,129,237,183,252,222,93,233,62,41,125,137,96,196,171,254,253,237,50,104,194,157,32,154,27,147,62,64,133,67,25,168,2,247,1,235,8,229,61,237,235,54,33,158,226,220,93,178,153,214,70,167,198,237,2,251,196,143,92,238,11,181,199,126,93,194,172,206,95,228,70,251,219,7,236,38,95,227,86,241,196,168,200,100,184,196,49,97,168,229,182,75,206,67,229,82,244,246,28,170,245,186,211,131,117,144,40,103,92,23,183,202,29,173,188,207,79,149,51,48,29,73,239,170,186,29,123,69,14,217,102,163,238,29,125,95,185,192,147,27,129,50,66,52,108,192,189,166,230,74,42,128,110,138,54,40,82,44,130,105,139,60,135,188,57,231,12,119,71,153,179,9,188,209,123,115,156,34,125,123,127,106,13,171,227,81,21,171,225,70,248,21,173,158,40,132,111,161,245,0,145,121,144,63,192,197,117,163,212,6,225,39,57,247,229,201,95,44,77,206,113,172,232,27,132,91,196,139,53,75,242,254,216,46,68,19,205,140,76,20,198,134,66,38,147,57,70,39,134,65,15,168,234,54,72,25,126,83,42,134,91,181,190,2,75,138,245,225,246,203,13,89,23,139,82,250,253,240,48,174,198,145,67,57,79,248,4,167,188,152,22,35,237,241,13,183,148,2,140,79,231,69,11,170,247,244,12,117,144,8,193,101,46,33,245,162,191,246,57,89,143,228,62,230,28,117,132,198,98,70,221,24,102,198,125,10,227,90,250,244,168,13,115,58,61,234,17,152,28,251,216,133,87,1,233,9,196,240,129,234,215,61,228,1,108,59,112,129,112,160,19,172,239,36,138,70,34,138,83,233,62,83,250,245,28,189,203,131,114,180,34,106,171,14,217,87,229,25,183,204,103,151,211,135,84,214,125,135,94,128,111,121,114,229,163,133,5,176,138,15,67,181,3,200,159,37,122,118,151,64,46,90,234,75,27,145,68,56,79,247,19,204,148,39,130,124,119,126,124,144,149,19,169,0,16,204,128,110,126,121,97,185,58,190,116,81,188,196,132,246,32,155,44,104,158,4,133,157,38,124,7,240,203,49,87,155,254,207,118,241,255,187,173,2,254,248,23,168,224,51,83,15,216,109,184,192,146,32,114,96,176,206,157,31,120,109,160,245,247,246,17,158,248,236,34,157,21,193,135,54,130,129,107,131,84,63,147,179,122,82,165,191,49,236,93,186,198,156,16,192,163,16,211,129,97,213,130,195,135,84,10,208,115,149,12,204,90,205,18,202,157,36,130,81,235,207,190,193,171,123,148,221,251,252,173,199,118,130,205,108,114,130,113,181,224,92,230,37,100,187,199,180,228,80,13,170,215,78,205,109,164,28,179,232,51,69,6,220,118,165,22,171,209,95,171,201,199,177,217,57,51,162,107,43,19,134,7,153,164,147,105,149,52,90,224,67,40,120,138,70,32,141,67,25,167,255,74,244,8,222,92,221,77,5,187,211,123,91,185,109,186,189,155,45,120,138,251,251,213,96,26,2,101,101,146,229,255,115,38,175,195,169,245,5,235,61,52,72,31,164,18,176,59,32,130,112,180,234,36,127,77,12,167,232,171,107,110,100,131,110,133,240,50,102,203,142,46,85,147,113,168,246,154,56,243,184,194,90,193,135,77,108,143,8,187,189,210,123,139,103,169,215,106,204,141,77,1,208,103,159,219,72,22,147,29,144,38,102,165,253,220,61,18,150,95,233,50,46,84,63,147,179,121,86,153,226,203,32,194,138,85,248,109,138,69,38,146,80,242,20,141,92,224,44,71,195,182,199,125,137,100,197,72,20,136,70,107,17,56,236,254,161,201,19,69,81,221,91,233,62,40,123,141,87,221,93,224,73,8,221,103,208,120,153,40,108,176,235,49,80,1,245,34,125,124,133,103,175,231,66,124,92,208,134,92,208,121,93,221,53,61,174,100,132,35,69,49,86,207,146,72,25,77,203,148,221,251,250,178,184,163,249,91,172,226,50,88,189,167,71,125,245,180,163,176,158,150,188,237,8,222,101,196,153,44,123,145,50,97,212,114,144,72,37,146,46,110,176,222,73,28,165,2,221,98,213,106,165,7,228,66,30,157,42,117,133,102,199,176,212,125,134,95,199,161,27,173,220,99,205,136,77,17,203,235,17,177,224,85,239,21,171,179,152,4,208,244,121,78,248,247,213,63,213,118,114,164,238,1,241,6,214,21,174,186,192,59,154,148,212,109,179,219,72,115,28,131,185,219,51,96,132,10,206,55,47,71,4,211,72,249,194,142,68,238,246,144,99,216,52,187,31,231,253,117,79,192,110,175,213,96,152,247,175,225,33,154,0,19,166,100,82,148,16,212,132,93,184,208,131,71,38,55,88,230,243,29,130,119,148,32,93,212,83,252,255,213,125,50,102,186,117,87,19,200,175,138,80,207,110,47,116,164,26,88,36,126,84,251,2,202,158,217,63,63,48,19,124,153,15,209,136,6,222,38,107,58,71,5,240,43,44,165,249,228,75,17,158,35,76,208,252,186,128,46,109,135,234,62,46,100,125,118,99,213,79,40,102,35,22,71,45,108,135,54,247,28,149,18,200,166,1,150,57,54,50,8,185,194,128,94,33,238,163,170,193,88,167,124,12,252,221,96,217,105,168,0,252,253,236,51,95,213,100,201,155,29,142,78,23,192,164,11,221,107,163,15,206,138,70,36,145,72,10,217,118,147,44,115,162,21,166,4,238,59,52,90,240,48,83,254,7,225,64,56,82,251,245,25,175,231,45,110,182,212,105,189,197,172,224,87,242,28,144,72,35,144,52,91,241,52,74,25,171,243,12,212,130,122,119,148,69,53,69,39,141,79,247,19,192,182,196,172,251,20,169,251,9,213,100,202,151,39,111,169,5,244,8,224,93,233,40,126,128,114,142,77,18,12,174,216,107,181,210,111,158,239,38,88,212,233,178,152,229,254,255,227,53,27,109,74,16,140,40,11,163,191,24,9,101,89,212,9,182,203,99,179,33,9,158,230,43,115,118,233,17,210,137,70,231,7,201,62,74,230,76,234,87,218,201,36,42,85,9,164,248,184,201,54,40,142,68,247,20,106,89,225,252,222,56,48,79,210,90,159,246,248,145,30,152,13,184,83,209,145,59,20,162,86,79,127,23,124,38,59,189,71,77,234,53,84,230,64,44,96,219,188,157,16,214,128,99,197,136,60,35,1,187,133,50,58,72,207,94,236,40,67,246,142,105,197,109,18,26,238,66,8,155,155,220,26,96,216,72,169,1,227,70,215,103,134,57,216,62,240,135,187,81,149,32,26,181,210,85,205,49,110,159,244,34,154,37,42,128,98,175,146,27,155,243,5,45,203,10,116,100,111,96,78,149,99,167,0,245,23,161,19,184,198,145,67,44,112,148,58,75,32,134,100,196,161,2,239,41,128,101,198,167,8,202,150,56,71,16,196,162,7,207,135,96,213,102,196,169,253,239,41,118,138,70,34,143,73,9,218,98,198,146,62,53,77,253,255,8,233,40,125,131,184,168,234,50,87,229,54,73,237,246,6,199,172,244,17,199,167,247,243,6,120,156,241,9,30,18,132,51,66,47,67,138,44,112,123,108,32,13,134,28,89,235,13,89,241,21,176,155,29,111,145,134,218,45,58,46,104,150,137,99,196,89,249,16,186,191,189,160,217,68,223,103,144,46,175,94,160,224,59,66,10,57,95,127,110,123,143,83,209,244,4,179,109,129,136,78,28,97,176,215,118,159,46,116,143,48,67,32,156,40,124,139,72,251,215,125,124,89,193,62,178,152,231,248,199,90,159,208,143,61,27,175,243,26,74,30,135,63,225,47,97,163,246,89,69,157,187,142,241,218,224,224,130,76,16,197,165,245,23,181,217,89,236,53,91,211,125,125,119,127,124,148,137,54,66,43,116,156,16,190,144,11,196,140,95,220,89,240,45,101,168,231,214,133,56,55,150,169,192,129,89,232,24,3,232,9,195,50,87,193,154,108,42,61,9,194,174,196,12,232,226,70,243,37,145,23,32,127,65,196,104,52,20,116,83,249,223,63,166,122,64,238,229,82,242,251,14,214,114,67,36,89,209,199,24,115,103,165,3,197,8,226,191,163,233,233,248,228,47,214,211,255,229,37,114,51,55,89,244,21,171,166,253,204,150,44,78,204,111,177,218,23,183,189,157,187,135,57,86,240,251,141,76,242,34,79,223,12,221,101,193,139,252,13,204,100,153,224,86,193,120,109,144,17,85,195,110,150,28,101,141,234,54,51,98,181,173,235,22,168,160,13,145,17,99,199,128,47,226,170,57,200,152,228,78,187,212,58,40,58,220,239,202,142,195,14,101,156,131,18,251,194,39,59,254,179,222,53,226,85,233,53,10,151,87,1,235,29,153,249,222,59,38,10,209,76,249,144,81,246,219,36,83,207,105,156,168,248,216,85,122,138,63,48,57,43,85,126,118,93,198,40,125,80,226,72,245,35,147,64,41,90,181,218,94,184,140,36,149,51,51,50,235,171,174,163,197,95,145,253,185,215,101,161,29,169,248,176,237,27,134,14,170,240,245,0,59,160,142,234,2,150,236,170,129,159,242,29,157,27,146,62,62,54,64,51,92,223,72,28,159,15,181,212,128,133,84,247,24,187,177,224,87,239,24,172,246,26,151,57,76,0,243,26,155,17,189,192,199,143,68,39,122,118,143,76,32,130,109,179,231,49,106,183,190,185,204,137,72,26,172,250,246,16,201,165,244,24,180,231,45,107,178,220,78,8,221,96,195,170,251,15,183,205,141,68,24,171,242,28,148,75,36,120,141,85,254,233,55,79,6,209,125,127,136,76,13,203,143,54,80,5,232,42,115,160,31,134,98,206,128,100,199,159,22,164,25,187,179,216,112,174,217,103,198,174,217,103,192,183,190,183,212,133,86,242,29,147,43,115,156,30,141,95,233,39,126,125,129,95,212,121,137,73,25,178,236,31,149,50,87,222,90,240,54,65,47,110,180,198,162,22,191,167,255,251,1,225,81,2,231,47,99,206,156,15,199,166,13,187,195,179,231,48,99,203,147,41,119,150,145,31,136,95,224,86,227,68,230,186,129,42,48,99,162,248,126,244,211,52,19,194,156,10,155,237,205,136,33,119,101,125,3,250,240,115,24,87,37,91,244,18,131,98,188,147,237,132,216,25,112,151,20,177,180,196,240,128,235,210,73,191,112,31,35,185,167,14,44,78,252,6,239,41,104,181,171,188,178,193,189,195,178,215,84,228,228,116,124,137,83,130,126,60,34,74,173,124,34,132,225,180,113,118,243,192,245,245,15,152,23,247,108,41,24,121,46,35,5,111,211,87,241,46,105,169,252,16,205,131,137,107,163,17,211,115,139,86,0,75,242,15,206,163,13,189,182,179,184,196,121,116,222,182,74,181,161,183,137,211,5,19,152,44,184,169,232,66,66,39,110,159,244,238,243,12,180,208,85,222,161,111,31,54,30,65,234,176,112,211,95,237,52,71,33,155,32,130,111,173,228,54,83,2,61,25,152,47,110,179,204,138,21,23,39,56,6,156,232,43,85,242,225,17,139,41,71,165,4,190,156,4,138,95,225,70,18,182,150,64,61,66,59,74,204,146,40,51,95,180,101,200,134,30,187,117,161,7,170,190,163,2,180,194,37,240,99,219,203,2,62,107,119,164,212,27,173,225,52,35,103,112,166,213,84,242,233,17,156,208,141,48,58,247,136,21,111,98,148,39,96,213,72,239,39,8,232,49,53,86,193,57,59,230,12,128,189,204,151,23,123,95,134,42,170,239,20,84,214,131,113,124,89,181,103,196,148,31,87,200,81,253,204,68,37,3,230,13,171,189,172,138,90,200,125,64,8,109,107,43,45,38,60,69,1,125,129,90,223,45,78,238,186,215,49,69,250,189,67,59,43,194,44,26,229,25,183,206,98,166,143,190,117,80,190,117,81,189,120,146,43,93,161,218,3,227,26,145,187,120,245,246,206,29,56,19,152,38,72,17,174,171,112,39,225,211,0,174,29,126,40,82,15,208,113,100,145,44,22,214,103,138,23,122,92,195,144,218,67,36,76,247,230,248,146,77,246,95,85,159,84,182,73,212,51,22,109,104,118,76,19,149,193,170,198,141,201,79,111,136,23,65,204,76,10,162,247,150,42,58,13,33,243,244,39,119,150,33,103,131,227,240,54,25,159,5,167,124,3,75,148,188,123,184,173,162,226,92,223,46,64,194,39,56,6,156,218,34,74,210,57,2,169,180,223,68,19,128,63,215,106,122,77,142,12,40,4,218,70,51,247,236,41,64,2,110,158,23,143,8,116,40,236,133,170,205,160,32,130,49,41,99,112,189,145,30,148,17,204,151,52,77,241,242,36,128,80,198,129,107,118,118,103,117,26,181,191,6,94,132,168,188,55,8,149,238,228,1,172,170,175,160,206,67,45,72,168,244,219,44,241,227,164,143,56,45,124,16,190,133,76,149,45,51,42,246,6,225,50,32,46,249,122,219,168,11,208,90,190,95,227,65,16,209,141,75,183,200,98,157,155,22,176,197,101,93,109,30,238,110,170,204,119,0,108,106,113,91,157,216,39,57,72,242,5,86,107,108,106,111,97,138,16,127,122,97,93,220,43,71,4,191,154,10,94,232,59,28,120,47,113,142,15,143,50,5,250,208,88,209,87,209,101,91,193,170,185,173,195,98,85,5,206,216,232,229,130,66,46,65,24,29,22,109,102,125,125,84,224,197,6,90,161,203,78,16,177,202,91,173,140,75,180,58,213,55,145,179,222,108,91,192,172,150,176,143,14,27,42,238,113,120,157,24,125,121,18,20,38,32,138,92,225,53,172,113,133,181,230,20,162,85,84,113,64,2,149,237,168,136,136,57,77,28,153,24,176,249,7,207,141,98,207,120,145,88,252,239,43,135,91,210,126,128,120,123,129,115,159,7,221,94,219,82,4,253,249,247,19,207,133,84,253,18,203,131,112,181,214,96,215,130,115,137,93,237,46,88,239,55,83,234,59,85,238,27,167,15,202,134,102,212,116,136,95,237,55,61,65,68,33,129,117,173,252,240,42,138,85,229,68,41,119,125,129,135,112,148,61,79,10,197,169,15,210,109,175,249,20,168,255,13,219,82,2,3,244,6,223,88,235,34,146,80,12,192,185,224,98,188,195,193,186,180,214,114,160,2,241,50,96,195,175,0,5,211,128,135,93,205,138,86,242,15,204,167,16,179,224,99,197,149,56,99,219,83,252,4,223,71,34,158,28,142,77,31,160,4,238,63,53,68,43,131,104,171,246,42,133,85,248,35,151,30,153,50,107,162,20,202,141,60,69,58,73,9,221,115,170,229,75,37,125,107,184,231,78,248,8,219,105,168,254,15,217,87,243,50,108,161,24,193,171,225,86,8,229,52,92,241,37,118,153,63,54,66,45,117,165,245,25,189,189,171,248,33,140,64,56,98,220,79,10,236,58,54,80,3,242,15,205,159,15,182,212,140,94,201,157,49,107,162,18,208,130,94,223,106,174,217,109,194,188,174,236,65,56,59,74,44,110,154,45,130,105,167,253,4,246,0,243,30,242,250,245,25,195,188,176,220,31,17,124,58,1,172,170,177,155,236,33,117,141,29,134,169,86,107,82,203,58,0,112,46,151,19,207,129,95,216,123,137,72,31,169,6,210,128,129,115,138,88,249,13,188,190,183,208,115,157,43,120,124,128,121,128,99,204,157,37,116,154,49,99,186,198,175,246,2,239,50,89,216,108,182,201,136,93,233,66,29,157,40,128,101,200,172,254,241,54,76,254,252,14,208,114,160,35,152,26,167,18,208,116,154,52,99,186,201,164,254,233,60,76,13,188,192,187,187,177,228,89,246,2,240,51,104,172,244,41,126,106,182,220,99,186,196,166,4,222,118,155,27,188,189,180,241,31,140,98,199,143,74,39,143,54,84,6,239,22,181,230,83,234,56,88,231,48,102,203,150,34,145,82,13,189,188,192,9,183,193,187,194,157,21,139,27,151,20,176,170,232,245,106,93,186,103,156,134,29,154,224,58,167,62,231,60,2,100,175,184,183,154,183,225,21,150,239,189,77,178,214,235,151,200,113,3,146,124,93,155,154,223,17,125,129,75,160,30,142,68,221,85,148,154,179,159,90,88,238,59,224,97,207,94,176,136,106,172,205,153,53,83,160,28,142,42,32,113,153,249,243,98,44,232,220,45,20,114,24,55,125,98,234,61,50,115,152,34,165,9,209,150,46,97,226,64,60,59,53,101,209,115,163,1,226,86,247,7,64,16,181,216,114,158,9,207,93,166,244,252,248,177,95,131,50,175,108,41,191,182,170,222,202,248,133,31,80,191,191,166,237,240,237,204,155,22,88,202,163,17,179,95,175,247,24,152,241,235,30,65,74,247,22,153,255,246,246,8,137,53,20,47,33,74,207,66,232,245,208,139,65,26,107,125,27,156,240,58,44,247,191,247,30,237,172,207,113,137,31,196,127,137,81,198,146,248,97,121,102,98,171,91,158,23,104,162,110,220,203,21,44,218,211,72,237,25,117,39,144,229,168,140,21,250,122,137,107,90,165,127,50,24,104,119,72,214,45,108,140,73,200,149,4,243,6,224,62,255,82,87,89,96,131,117,139,32,114,151,207,19,160,106,24,90,171,115,74,189,192,150,214,125,105,127,93,223,17,214,57,28,152,182,8,224,83,213,125,79,58,49,36,93,185,132,60,62,14,90,94,148,241,219,31,82,184,135,26,96,143,1,245,239,179,232,74,42,101,86,4,136,232,33,233,156,205,81,128,35,65,104,185,177,232,31,102,169,193,147,226,35,98,252,17,185,153,19,3,71,150,209,77,179,148,180,98,250,235,68,24,177,237,53,70,39,140,91,209,121,122,140,88,51,55,62,54,83,7,207,128,73,40,122,92,184,114,172,230,30,165,17,193,86,234,214,253,226,164,107,98,145,190,103,117,206,137,65,56,47,53,58,11,180,132,160,23,172,251,245,221,229,67,3,211,234,175,162,201,82,185,132,34,72,28,118,122,247,135,26,96,142,3,166,189,120,154,28,125,137,99,200,63,63,37,103,70,153,227,6,156,30,113,138,228,7,87,169,181,145,70,254,133,110,158,22,104,198,149,210,142,74,238,1,150,62,47,70,46,117,149,218,109,154,8,133,68,33,97,187,10,50,214,16,145,232,245,146,203,193,141,78,15,203,131,108,174,228,57,73,25,168,237,48,99,196,151,46,117,164,248,16,211,115,137,93,245,31,135,98,231,82,238,41,131,120,123,133,100,191,167,254,250,17,176,229,71,27,146,64,57,73,9,220,97,199,144,69,41,128,100,199,159,33,129,113,162,22,162,15,211,138,69,37,132,107,164,7,219,99,188,192,181,223,72,29,168,10,197,170,8,209,111,172,12,224,66,51,114,163,250,12,229,151,13,188,194,184,194,158,20,142,73,240,11,66,167,186,127,49,99,166,141,91,243,48,83,140,118,151,33,30,113,187,181,229,62,12,188,8,56,196,71,236,213,47,227,213,161,237,46,107,188,177,226,79,18,174,233,56,81,241,40,152,52,71,31,145,57,57,79,31,235,17,185,222,84,232,50,51,106,179,178,182,118,159,12,173,247,27,162,179,229,51,60,235,16,188,144,46,178,60,183,109,121,48,29,23,58,116,116,155,46,120,126,126,128,119,126,125,132,113,145,68,45,113,146,66,57,66,31,154,42,113,146,63,60,73,8,222,93,216,93,223,86,232,43,116,162,6,211,126,125,126,108,178,224,91,211,125,132,106,165,8,231,55,63,57,83,14,187,198,165,250,245,24,183,200,139,84,251,4,216,112,173,250,247,18,194,181,196,169,250,2,221,96,212,109,155,37,142,66,29,159,40,141,63,59,75,25,154,40,129,115,140,82,6,230,49,98,213,128,101,199,160,11,195,174,243,20,169,252,9,230,49,100,205,143,56,81,10,217,89,235,59,81,241,33,147,67,28,162,21,186,182,211,128,131,90,231,67,42,101,203,167,251,243,31,163,82,218,84,249,20,194,158,18,147,57,32,125,237,143,191,114,88,165,205,125,96,160,83,2,165,21,190,194,141,85,4,229,45,116,122,83,223,30,124,31,147,12,206,110,141,55,222,90,194,168,173,247,6,205,42,166,235,34,93,123,104,137,150,27,68,48,109,167,247,235,12,179,193,122,36,150,60,55,61,39,65,197,116,15,128,45,39,134,80,237,240,237,204,137,254,108,27,15,55,37,131,86,71,248,30,166,10,223,81,228,52,246,62,17,166,235,193,215,116,139,228,39,120,95,194,244,117,14,104,137,255,175,98,89,21,145,67,61,148,21,166,1,238,37,115,145,33,111,105,152,35,152,47,103,198,164,237,21,193,181,212,128,119,110,139,48,113,168,0,242,178,180,210,74,0,123,123,83,228,142,167,118,50,42,27,91,94,100,244,252,21,251,224,70,35,137,92,209,122,92,233,51,10,207,87,216,178,59,187,99,151,214,44,236,188,236,12,213,210,92,209,140,89,218,95,151,169,181,144,254,0,225,59,7,167,156,25,80,159,251,122,19,57,53,70,227,189,107,145,58,13,192,172,3,209,115,121,229,94,108,42,237,231,248,198,161,236,42,38,123,73,248,148,192,142,191,178,210,110,105,152,39,79,216,102,216,248,217,238,225,163,13,175,140,84,222,70,233,32,151,234,98,153,54,88,224,228,38,142,79,249,139,28,146,33,139,250,121,242,140,193,135,93,199,241,233,44,84,242,239,17,7,61,182,114,108,87,168,120,22,222,53,90,254,0,226,83,20,187,178,227,103,203,129,119,166,254,235,58,90,221,75,26,197,183,190,188,203,151,32,156,58,72,12,214,142,87,223,92,252,15,181,218,127,126,106,187,220,110,153,46,130,108,160,26,184,196,153,48,121,210,91,209,133,119,142,59,61,17,216,70,248,12,166,147,179,148,242,217,36,66,231,248,4,141,233,32,12,92,95,197,150,243,141,249,230,59,8,208,124,145,37,119,108,12,234,199,45,68,59,61,12,203,28,247,125,26,156,37,133,71,115,25,139,162,32,99,158,21,204,28,109,49,24,12,175,251,205,105,26,108,121,100,200,83,210,143,64,5,207,205,233,177,129,60,229,254,117,32,193,142,74,29,154,21,182,223,95,198,163,19,189,172,240,41,112,148,55,90,243,17,214,116,136,93,236,65,33,146,74,34,127,122,141,66,36,156,27,147,59,75,15,183,207,148,65,31,150,56,79,247,17,200,147,42,118,157,42,108,198,165,245,23,184,202,133,101,211,141,60,63,67,58,54,82,5,220,87,10,223,69,39,137,79,255,20,198,151,71,37,124,151,47,94,244,25,158,44,105,175,0,4,221,115,158,15,222,107,171,13,213,100,202,161,9,210,156,45,100,224,90,220,118,146,54,108,11,177,210,137,100,183,199,117,172,204,80,123,61,248,197,96,142,3,165,8,182,94,210,66,245,105,29,119,160,11,216,91,183,147,179,129,131,18,89,206,1,127,247,252,240,230,180,130,68,55,77,227,33,52,83,205,132,51,34,42,119,103,166,113,24,101,127,48,100,159,254,105,49,26,95,145,68,2,122,144,56,71,214,108,86,143,44,232,200,26,145,48,37,248,173,252,254,210,86,151,60,52,53,97,221,92,131,114,140,50,8,187,190,141,56,147,152,164,167,203,56,4,99,87,27,126,128,142,79,246,25,198,178,206,143,96,224,67,49,122,134,81,7,244,16,180,216,109,169,231,69,57,63,40,124,123,124,113,161,19,205,127,121,132,93,204,151,78,25,152,44,107,173,219,105,211,133,83,0,10,205,125,127,134,112,147,58,71,108,141,69,59,58,53,74,235,250,247,244,38,134,93,229,78,2,210,106,77,30,97,195,163,30,127,106,148,149,78,156,185,159,24,132,80,117,12,137,18,120,144,32,31,158,13,201,79,255,186,141,160,118,106,198,156,40,109,131,46,227,242,48,10,115,129,234,197,37,114,142,13,64,222,49,112,162,231,23,60,184,135,24,103,121,66,232,246,29,146,26,178,234,52,254,4,214,82,167,221,85,198,140,151,141,198,64,0,154,224,209,13,250,227,78,23,187,180,219,104,186,181,215,119,150,35,141,84,249,249,11,222,79,246,21,186,198,146,64,61,72,11,212,125,130,93,224,90,224,68,43,125,142,58,73,38,119,127,121,142,72,12,212,130,109,157,33,158,98,170,229,69,46,121,119,132,62,3,221,66,41,62,33,70,140,8,64,194,93,27,203,165,170,145,38,249,150,176,209,112,101,57,243,240,237,31,123,125,79,241,104,24,35,43,64,217,34,8,103,235,16,198,164,13,189,192,183,205,133,120,127,131,120,124,134,105,171,250,11,196,180,229,56,90,240,19,187,198,168,238,53,97,193,185,215,94,226,92,209,137,101,183,214,110,153,41,124,133,89,245,9,223,70,40,138,88,220,100,202,140,64,45,99,214,98,210,138,83,236,55,93,223,72,29,160,102,159,13,224,82,237,38,66,166,187,125,56,74,237,21,37,233,179,151,234,239,46,88,215,51,37,36,131,51,60,210,240,175,211,81,247,244,141,212,120,120,63,22,170,157,176,184,83,117,126,127,33,243,99,162,33,157,11,150,250,240,201,177,194,181,189,149,51,63,44,29,122,70,154,224,13,135,26,97,139,12,210,88,119,150,22,123,98,158,247,3,204,90,192,99,198,108,153,175,233,32,141,39,113,131,54,44,32,164,7,182,170,133,221,24,102,125,54,12,137,18,119,73,211,54,85,209,14,211,111,161,199,163,244,18,152,30,125,73,244,209,148,11,190,1,78,130,13,153,206,66,169,133,145,34,166,19,176,244,18,177,239,39,117,170,246,7,246,33,135,113,160,9,234,45,98,226,95,204,164,84,213,102,196,172,242,14,192,145,23,191,183,167,213,25,177,197,110,137,40,87,227,44,60,28,87,255,199,138,158,120,5,133,49,7,152,166,141,122,99,202,148,46,88,233,52,83,243,52,89,217,104,190,187,179,217,108,193,161,13,203,150,33,144,66,39,109,171,238,33,130,109,173,62,22,160,12,192,174,201,109,171,202,127,231,182,140,11,140,10,144,254,182,142,6,157,214,118,110,55,87,227,71,215,116,130,104,151,35,109,120,105,114,175,175,222,71,243,206,224,198,88,192,194,172,198,121,44,120,111,111,137,42,82,240,5,176,190,114,175,173,228,55,34,64,139,197,93,179,218,61,36,248,133,32,78,195,100,129,42,48,101,157,4,89,99,134,27,92,153,226,8,149,71,48,92,200,151,253,209,98,177,113,178,163,241,247,199,38,145,42,196,38,42,183,172,232,225,237,18,54,223,214,95,200,95,73,195,107,44,43,44,41,52,19,117,80,18,181,179,230,77,11,119,144,23,139,76,233,68,46,111,155,5,181,220,87,203,82,15,138,60,22,105,64,68,16,18,58,238,105,121,0,174,163,197,163,226,55,222,25,33,76,202,79,11,176,114,167,241,28,87,234,253,219,244,138,225,60,23,164,235,167,131,107,161,185,211,117,69,45,96,206,64,45,20,76,230,201,18,168,0,158,124,199,172,239,255,207,42,131,97,174,245,33,142,238,51,72,254,164,230,58,24,151,119,238,163,170,195,80,188,58,209,175,197,168,1,231,48,102,195,167,240,39,136,91,211,127,127,129,97,212,138,83,236,51,98,206,124,133,112,173,221,96,214,110,156,35,144,75,3,236,64,64,35,142,81,11,195,173,238,38,113,165,9,207,121,142,81,255,230,68,45,117,133,103,197,171,225,86,7,223,72,31,167,91,191,166,3,240,29,140,72,240,235,37,107,194,178,217,114,167,247,241,11,105,202,59,215,68,174,99,181,217,19,28,240,248,11,172,217,217,226,9,147,246,30,144,32,159,33,142,237,38,40,16,153,177,92,203,153,211,220,146,252,216,83,106,25,110,151,26,108,123,34,142,43,122,109,132,102,165,250,171,235,216,254,217,57,22,52,210,75,155,112,46,8,237,240,212,171,172,98,47,217,235,248,88,99,163,40,206,73,146,248,198,92,228,35,22,193,194,197,149,197,182,150,227,126,50,208,230,182,82,195,249,127,79,35,223,45,134,84,10,207,88,214,184,41,241,193,126,33,74,144,207,179,182,211,128,111,151,48,107,177,209,130,114,151,31,149,55,76,255,247,22,189,171,243,28,232,27,147,63,67,25,158,238,51,85,166,250,200,75,70,219,212,218,218,230,6,47,222,53,116,228,32,193,195,165,215,89,49,191,49,2,188,103,120,8,103,236,90,196,153,49,97,191,173,195,184,203,106,140,244,36,124,93,231,75,18,98,216,91,197,66,44,71,6,82,118,76,203,78,12,171,127,113,116,176,180,89,181,75,169,238,46,90,96,153,194,57,245,217,23,226,9,76,113,19,59,6,47,221,55,108,54,194,198,146,78,18,171,211,25,185,200,115,115,64,64,42,83,7,233,55,242,22,130,133,53,215,60,183,101,186,203,131,230,9,116,36,49,35,59,118,75,134,198,23,49,37,210,245,238,71,165,117,158,20,103,198,143,40,26,165,221,68,151,168,182,140,11,214,77,154,32,99,228,82,229,23,68,126,167,188,106,120,59,118,75,133,199,19,60,3,57,194,137,119,21,38,145,65,9,175,117,13,136,21,112,95,144,253,182,228,80,224,54,54,219,92,175,255,2,214,68,189,21,226,11,125,63,229,120,69,150,149,169,123,70,112,28,121,166,138,198,160,234,221,108,167,207,132,18,250,7,167,233,247,242,21,169,238,255,247,231,38,241,153,228,2,167,185,132,33,75,31,140,47,116,165,4,139,77,223,111,119,17,143,191,78,0,249,250,130,52,242,171,158,221,14,253,181,71,130,224,214,54,158,145,26,194,53,197,175,225,1,251,242,0,123,250,192,109,103,190,145,42,231,182,140,10,145,60,16,221,104,163,220,245,109,218,35,52,26,84,42,49,212,217,221,224,25,245,139,43,143,206,250,222,107,192,187,200,153,155,155,221,22,108,184,186,176,169,195,73,19,91,96,114,210,104,178,171,206,107,94,184,198,102,173,189,87,191,76,22,162,255,111,113,64,11,229,64,249,218,8,215,79,194,41,213,184,74,18,118,151,225,98,145,240,87,167,112,7,82,127,60,141,196,130,140,163,202,13,134,29,88,228,25,191,135,223,36,255,140,68,44,98,73,222,245,162,186,138,4,26,96,72,127,233,186,138,164,126,84,22,56,188,150,68,34,47,228,232,112,143,62,7,186,167,158,36,130,30,153,246,218,86,235,166,121,68,227,6,218,54,108,187,171,197,56,163,57,7,138,25,88,29,87,98,49,214,244,220,174,96,172,12,87,97,169,9,224,65,19,67,162,200,87,168,255,210,10,224,73,22,105,177,130,235,211,175,211,115,107,144,39,30,168,251,218,61,205,6,156,220,27,92,154,225,10,221,74,255,187,140,237,38,68,27,127,233,17,105,62,39,13,164,24,165,214,92,40,218,221,252,204,55,10,82,137,134,61,65,65,40,107,184,230,73,8,220,100,215,94,219,102,206,120,138,94,234,37,138,117,166,240,41,146,63,38,130,106,177,209,131,107,184,188,199,188,207,118,153,68,51,73,26,179,224,67,43,124,227,41,105,188,209,146,47,97,167,198,147,32,142,13,125,177,156,147,157,144,197,105,6,88,196,197,240,235,36,108,169,202,128,188,28,23,79,211,33,75,142,213,163,233,57,67,32,131,108,179,57,38,112,167,18,204,128,106,139,27,150,22,191,189,185,210,135,87,210,106,79,25,107,157,236,204,95,108,182,192,165,125,71,199,117,94,205,113,154,247,248,83,88,101,101,146,228,0,111,49,141,46,122,225,47,87,243,34,126,113,96,76,203,76,202,81,187,126,52,105,184,156,31,68,59,21,159,95,51,210,28,108,87,169,115,37,178,187,193,177,227,59,63,49,87,222,89,231,61,45,105,181,207,119,140,77,10,207,159,18,182,233,54,65,47,108,185,188,208,219,63,39,131,112,164,248,4,189,133,86,214,106,122,121,100,60,24,83,126,103,87,173,101,127,49,28,91,156,218,32,152,9,102,187,134,48,232,222,53,102,173,3,210,206,222,240,234,67,42,79,223,250,254,188,142,206,42,81,18,169,15,175,55,162,162,219,115,94,206,102,52,47,14,78,249,161,231,61,20,159,134,217,35,69,224,83,211,100,57,194,103,121,68,53,75,239,49,109,172,148,50,0,114,62,110,149,44,62,21,149,188,125,85,220,207,233,190,168,221,75,182,211,118,97,198,59,124,127,116,160,252,203,95,92,228,43,84,188,147,196,180,215,93,216,34,159,32,125,122,25,166,207,44,114,129,95,194,174,191,128,101,121,136,42,64,29,124,64,245,228,228,88,244,0,191,146,59,44,58,24,171,148,6,102,176,196,180,222,77,143,31,169,249,233,76,7,198,122,83,227,1,245,247,242,226,34,22,117,186,185,163,15,151,54,73,245,202,95,191,167,137,212,191,168,7,230,47,73,182,169,10,210,82,241,233,29,146,62,54,9,220,57,28,151,213,115,117,90,239,12,154,14,98,156,230,48,77,209,75,176,229,38,136,67,2,236,20,172,149,47,42,98,182,138,202,136,79,127,185,218,48,118,98,224,48,2,223,203,21,192,85,210,119,86,242,2,62,185,110,181,233,57,93,234,65,240,108,141,69,196,35,79,138,222,32,9,106,148,48,52,69,119,28,177,184,119,54,49,91,137,195,25,94,24,139,199,109,96,204,135,209,197,132,98,146,2,105,153,191,157,148,135,29,22,109,103,122,142,57,52,28,105,87,232,11,232,70,39,110,117,213,229,77,23,181,196,220,54,100,193,116,102,83,198,41,241,112,40,116,128,10,41,137,42,95,30,246,138,246,222,0,173,105,68,84,213,122,155,47,86,243,26,161,1,246,43,117,134,97,210,135,77,18,218,198,128,100,203,166,19,171,236,16,162,35,65,170,177,155,220,26,95,144,255,211,219,36,87,210,94,218,99,210,102,108,33,132,86,235,247,2,197,181,207,46,4,231,10,53,213,54,207,4,143,191,115,176,116,94,195,163,215,1,208,95,70,27,151,252,221,66,203,129,127,49,245,2,246,232,220,57,92,163,229,45,119,147,83,18,200,129,81,246,28,165,26,189,197,130,76,240,23,193,170,8,165,125,57,5,160,205,70,220,25,150,206,121,151,185,159,40,117,103,174,61,203,164,220,10,126,89,211,19,180,211,99,202,124,118,53,45,128,110,79,111,20,107,242,252,118,97,132,95,206,250,73,247,249,147,10,205,101,189,116,112,181,207,86,6,189,91,210,239,167,10,119,88,100,131,38,61,85,206,73,146,249,196,97,201,105,191,134,89,250,3,8,154,55,30,176,239,43,96,160,86,97,216,118,152,26,231,30,146,0,184,72,252,150,23,37,214,50,192,44,41,50,25,176,208,110,109,118,47,96,123,33,136,4,193,168,250,194,176,206,26,124,145,59,8,170,134,45,243,147,137,222,84,224,232,141,95,169,228,144,162,134,1,189,98,135,218,242,76,241,48,107,168,13,203,139,106,177,216,135,110,155,50,109,161,38,148,44,127,110,159,42,117,139,100,16,162,255,251,12,222,74,11,179,184,225,7,88,165,190,116,83,181,142,4,197,5,165,211,93,192,181,211,131,82,185,114,144,15,191,187,176,181,204,104,163,232,1,200,175,170,219,110,186,201,159,42,94,192,189,203,151,52,98,172,208,99,185,101,182,225,219,57,89,216,232,171,213,40,123,174,199,158,14,159,175,172,185,172,128,78,234,44,127,146,85,14,207,112,133,91,241,62,84,20,188,157,253,218,40,85,213,107,195,193,190,188,168,219,89,249,32,164,11,177,192,149,36,140,69,37,101,141,196,97,138,16,126,53,15,130,79,131,97,200,82,214,132,98,144,5,53,181,79,205,103,181,171,139,244,100,69,141,42,99,102,164,29,82,213,134,91,180,201,241,134,7,153,202,166,207,152,205,10,154,170,124,69,156,176,196,134,79,162,238,64,14,60,51,72,22,117,135,55,98,201,64,204,141,24,13,77,206,8,90,142,192,112,188,103,185,124,28,130,133,40,69,157,215,41,50,24,102,125,56,59,222,58,92,200,49,38,75,245,227,210,86,2,253,6,231,61,211,88,214,254,201,143,30,146,243,243,45,103,144,91,238,48,81,204,208,244,33,156,37,114,223,32,12,137,19,118,168,214,49,217,37,65,237,39,65,255,137,37,11,75,99,81,252,235,201,235,69,246,252,73,119,7,128,65,214,43,239,177,15,163,10,224,95,197,164,12,214,98,206,145,63,39,127,133,118,128,118,157,25,153,44,122,130,93,224,102,206,121,140,93,217,89,236,62,143,35,122,133,99,207,120,132,74,246,40,48,219,28,89,163,196,99,133,30,131,246,210,71,238,13,183,146,229,61,231,23,193,160,146,173,208,50,144,44,79,205,111,159,14,206,141,44,51,54,54,87,243,35,147,52,64,26,172,243,35,148,48,67,9,185,187,207,127,126,90,196,147,197,101,143,22,149,32,70,144,62,69,42,106,88,195,188,176,98,61,31,69,86,220,65,247,241,24,162,17,195,138,24,139,72,43,136,95,213,108,149,28,173,2,243,26,154,3,201,122,79,126,53,16,125,54,11,142,5,208,16,134,44,63,26,144,255,122,86,211,50,53,101,180,84,102,165,180,9,195,140,24,141,70,24,175,239,6,163,243,46,112,133,71,18,157,1,212,108,144,35,108,143,48,238,234,0,196,140,58,6,123,96,171,216,34,102,210,109,42,229,41,42,170,224,51,35,110,163,0,248,21,149,249,241,46,120,142,79,22,157,4,244,40,126,126,133,68,5,199,103,54,12,138,15,129,42,49,28,138,227,28,150,8,211,49,55,96,205,51,250,254,161,233,48,100,133,102,170,145,8,84,179,150,236,70,251,193,18,54,14,133,30,161,0,223,26,110,71,23,85,100,46,246,234,30,18,109,131,124,121,75,224,231,11,89,97,33,21,175,208,26,247,32,100,177,39,220,216,12,156,199,89,101,81,45,74,24,173,237,28,163,27,181,197,169,5,242,15,203,156,31,135,99,209,121,121,139,85,252,240,39,137,100,185,203,157,44,96,216,116,145,49,102,209,224,49,79,4,236,57,56,69,5,195,191,108,41,51,21,111,98,136,21,112,130,209,66,251,229,39,128,113,167,231,249,178,206,86,234,56,54,32,138,46,82,219,41,80,21,119,114,152,12,179,207,104,159,249,255,212,88,203,128,15,183,221,231,21,199,143,196,23,146,240,34,185,167,255,235,7,116,93,167,227,222,53,58,74,20,201,173,228,50,68,42,116,169,21,195,136,61,28,97,171,221,113,167,12,214,86,208,126,143,76,26,166,225,49,67,29,164,254,253,222,34,8,151,233,245,208,61,247,202,130,5,169,193,148,245,195,192,162,152,4,249,234,175,225,86,160,43,8,160,221,64,242,206,158,9,112,175,94,196,106,148,39,36,113,158,241,236,18,70,248,29,159,229,13,191,177,119,108,153,179,169,238,0,237,227,33,161,10,164,29,168,1,222,38,197,22,186,209,136,74,88,180,81,186,128,45,131,68,231,183,138,16,127,113,113,167,205,131,123,127,148,245,37,44,225,182,95,178,201,18,122,100,193,116,91,94,185,94,192,41,200,91,69,157,215,42,47,116,144,20,182,124,183,210,106,139,96,128,139,51,99,179,177,224,55,68,211,86,178,86,172,170,177,155,220,27,95,223,69,14,142,20,88,232,11,217,97,175,134,219,30,83,180,145,252,187,126,126,86,126,136,107,199,142,219,117,92,224,56,156,160,185,212,141,75,37,148,67,233,124,86,202,196,185,195,123,109,245,114,23,78,214,23,105,53,225,128,82,1,252,10,197,167,10,229,54,84,0,252,241,35,145,76,1,243,32,144,52,92,231,151,13,187,196,176,231,47,97,167,252,205,119,22,171,186,197,137,172,113,71,45,130,107,198,177,234,244,83,18,175,248,4,185,178,38,224,204,49,47,14,130,232,199,203,187,160,3,233,55,77,253,246,232,76,15,158,241,174,98,137,20,114,87,168,181,142,4,164,195,100,196,122,141,68,4,157,243,44,104,142,90,163,153,45,122,111,129,56,92,166,3,208,213,246,185,213,138,84,12,221,103,123,201,118,139,249,125,237,161,130,99,164,86,97,162,184,222,249,132,45,242,165,204,8,109,140,15,63,241,219,29,86,171,173,168,250,218,87,231,178,86,173,166,187,126,52,18,121,67,229,0,175,226,30,159,14,168,179,177,242,22,88,125,92,177,174,107,46,57,208,208,15,102,213,22,45,49,230,203,90,91,114,93,86,171,174,165,190,115,84,179,219,59,44,225,201,83,181,142,4,162,201,84,252,219,238,50,80,254,177,220,47,110,163,233,238,52,82,174,242,18,184,130,104,98,63,156,172,200,134,219,34,164,148,7,213,75,10,139,97,208,92,182,117,161,7,188,202,161,16,103,190,145,41,235,173,169,180,145,252,187,126,52,82,165,119,246,160,238,19,52,22,191,59,38,70,248,150,8,237,41,72,35,131,71,191,47,32,78,195,102,125,55,11,206,49,208,232,200,116,129,233,247,42,28,135,91,186,147,32,30,113,178,235,59,73,24,31,14,131,36,65,235,239,226,7,230,49,76,211,67,200,169,191,160,236,65,57,66,239,77,219,80,238,247,178,187,131,227,6,157,215,42,48,31,80,21,187,157,253,224,221,87,149,166,104,73,243,3,99,138,107,63,5,217,65,42,44,108,125,103,70,42,105,180,142,67,208,243,128,1,201,129,233,247,28,40,92,108,151,241,236,253,132,99,150,27,42,127,113,97,247,223,69,14,152,206,101,153,240,6,240,234,32,107,193,114,121,117,176,238,9,187,183,177,197,139,85,211,90,197,150,57,62,50,91,185,113,176,220,49,95,128,175,230,8,197,100,171,236,37,122,91,225,39,104,44,231,250,193,108,105,116,83,181,216,72,167,7,211,118,73,18,100,55,181,98,168,231,184,138,107,61,11,199,118,139,10,227,72,243,243,191,194,163,233,67,54,80,168,253,214,92,81,120,71,218,33,75,206,69,225,86,207,20,177,136,204,245,163,229,46,228,7,235,187,163,151,24,109,119,92,102,207,133,59,27,50,214,46,38,61,246,203,77,198,92,154,224,15,193,86,144,59,236,10,206,137,20,183,183,109,200,65,24,167,213,64,23,58,30,170,247,222,36,120,131,221,212,50,23,106,112,93,150,236,46,62,43,107,37,253,185,132,34,73,212,50,25,99,134,27,93,213,26,21,26,50,56,53,206,73,52,254,225,77,229,18,162,150,8,238,43,64,254,237,39,243,147,245,207,65,235,236,233,243,214,43,44,42,124,109,151,244,224,241,41,109,167,143,30,171,237,255,225,152,136,211,27,112,73,210,248,151,91,191,185,208,125,108,180,235,61,45,115,181,231,45,113,185,217,89,229,63,45,93,224,100,191,165,7,239,45,93,226,97,209,112,168,17,200,139,86,8,238,26,169,12,222,72,26,173,245,3,233,52,160,240,25,190,200,139,74,234,254,237,17,208,137,83,1,250,0,216,89,129,130,15,66,241,164,143,14,65,191,139,27,150,22,170,199,138,156,125,245,180,166,170,177,93,103,237,10,215,117,149,37,136,101,192,165,5,225,74,6,229,69,33,131,110,169,239,24,172,239,32,131,107,182,226,62,58,70,31,134,106,213,132,87,238,37,125,109,173,233,54,67,42,113,154,22,180,223,86,225,86,16,214,99,204,148,69,20,184,208,145,49,96,219,100,184,208,152,42,101,198,160,17,176,233,86,3,218,101,200,173,220,97,210,123,115,158,28,153,25,169,0,242,14,201,146,51,75,20,184,200,141,79,13,220,79,7,227,93,206,137,83,245,6,227,74,17,178,224,90,220,80,5,233,67,25,169,0,242,13,206,140,85,229,70,29,152,29,158,24,166,242,30,150,44,96,212,115,150,35,141,78,15,181,213,122,133,86,242,30,162,255,248,15,211,108,179,228,148,21,165,9,232,64,36,129,49,216,39,58,255,176,157,216,39,58,1,172,170,7,223,37,131,23,193,131,86,57,165,125,27,110,81,186,64,192,226,45,107,164,13,216,113,146,65,62,70,18,195,183,215,94,223,101,209,115,159,32,157,12,210,135,106,170,252,239,38,124,200,121,126,148,71,14,195,128,60,52,62,67,32,141,230,2,103,121,68,227,7,155,223,18,120,71,217,35,144,32,32,143,11,161,149,215,72,46,86,8,196,249,92,116,92,220,44,88,116,162,2,232,241,26,107,178,194,255,120,51,102,214,112,184,220,107,112,223,100,198,122,94,126,114,96,162,145,226,42,136,71,55,57,155,118,37,81,31,139,76,169,206,136,50,70,145,184,134,28,89,163,199,90,160,20,144,44,225,201,84,177,155,33,103,166,145,0,87,103,122,65,236,61,49,62,70,46,105,92,216,60,87,250,12,192,130,176,84,0,254,0,226,108,108,135,72,139,180,156,13,183,147,5,130,109,143,78,241,249,8,192,170,155,28,99,145,194,148,11,158,171,234,30,249,134,17,13,222,29,142,48,12,151,141,252,253,135,1,176,39,94,210,36,255,103,17,63,5,171,168,171,217,59,210,233,159,245,14,112,48,37,239,92,166,179,199,6,192,172,143,166,107,73,209,48,20,2,121,116,211,58,191,112,94,149,59,49,75,215,55,238,36,88,254,240,244,97,72,246,154,198,105,38,86,214,203,107,196,160,215,61,205,88,114,21,6,104,183,185,93,48,118,100,178,38,224,206,43,65,216,37,1,124,173,204,146,67,59,52,90,238,48,83,1,254,251,243,32,156,22,161,18,185,191,169,0,255,239,22,183,215,101,181,218,112,155,18,194,185,207,121,142,84,75,239,22,178,225,77,252,248,236,13,226,5,94,147,246,206,69,222,19,116,114,16,208,138,31,11,223,97,213,105,128,230,52,69,32,69,252,18,191,132,50,79,0,136,58,33,241,224,34,112,134,97,206,146,39,41,234,41,103,185,141,63,13,223,81,167,153,40,72,124,255,185,71,157,196,30,84,255,92,174,221,239,239,159,209,60,249,194,105,115,85,224,237,39,124,106,181,185,189,96,172,2,230,232,200,93,70,86,184,124,108,24,139,64,207,119,158,165,221,109,166,163,107,29,51,18,108,96,30,37,112,225,24,35,70,221,24,103,122,64,238,10,80,249,1,168,212,138,79,213,125,75,191,64,49,72,130,77,252,154,8,243,209,88,254,242,196,32,3,63,180,165,203,74,199,133,56,219,205,243,248,249,163,236,71,249,122,120,121,131,46,92,183,225,73,191,80,1,189,30,27,102,63,182,122,254,181,238,198,133,125,65,16,178,122,103,213,96,113,144,83,133,59,84,187,156,12,234,62,57,88,242,1,207,130,137,98,206,151,50,59,32,116,133,101,185,200,101,62,243,213,47,34,74,209,59,45,247,222,80,220,88,161,231,79,255,186,184,179,131,50,188,110,165,143,232,249,74,221,214,44,41,50,117,110,104,52,18,119,73,20,136,97,161,8,235,47,131,42,134,49,112,152,251,75,139,47,240,197,108,29,115,127,220,63,250,239,55,81,226,49,84,217,78,244,30,120,106,117,13,135,24,101,190,126,58,194,135,122,4,132,199,175,181,230,55,31,224,204,107,61,222,32,0,200,128,215,47,222,20,113,91,219,50,111,156,240,108,41,84,128,21,125,235,9,189,36,154,184,201,164,0,162,134,89,229,33,90,16,53,75,6,204,93,181,147,83,220,102,169,208,132,77,3,151,9,174,226,28,171,188,87,156,221,199,242,113,31,5,72,69,53,36,153,30,107,251,123,93,103,96,155,145,23,148,158,247,216,99,192,180,213,82,18,137,54,179,154,244,251,227,74,18,197,143,242,146,50,74,16,136,80,219,117,143,239,194,173,184,43,243,221,219,227,243,146,251,26,54,24,149,44,62,192,202,112,121,135,54,57,217,41,241,221,25,100,192,130,126,110,122,206,2,202,32,51,33,253,211,98,54,99,91,222,102,187,121,12,153,251,3,141,120,0,234,39,105,135,55,12,231,31,157,4,190,186,170,234,225,44,68,32,99,213,61,213,35,72,133,186,25,38,241,132,145,81,208,147,47,54,154,158,246,155,196,111,20,142,46,207,102,141,70,22,176,225,48,121,85,211,222,27,113,131,76,15,195,177,200,69,152,30,134,91,166,245,236,66,38,39,25,166,204,240,163,205,12,79,174,97,139,89,78,218,89,111,189,151,3,234,14,178,109,108,41,51,20,115,169,240,2,248,23,174,144,62,8,236,37,86,57,194,138,222,249,206,247,229,43,183,141,36,112,20,25,46,88,206,117,41,90,207,37,145,74,31,128,108,124,33,118,122,252,69,252,17,211,129,76,250,1,123,145,73,9,154,245,177,168,216,104,137,55,14,151,202,156,10,200,132,244,247,248,120,222,135,53,102,195,140,71,3,178,237,52,74,215,62,213,59,31,154,9,208,103,132,110,147,46,85,132,54,24,154,15,139,29,58,71,0,250,237,4,230,38,118,55,73,191,44,242,238,25,145,70,23,152,180,233,253,198,233,76,122,44,60,175,130,39,92,217,57,48,225,72,216,100,127,96,37,221,203,135,11,178,214,66,74,7,102,55,80,192,85,174,83,47,68,33,84,165,21,45,60,221,4,64,167,226,232,62,233,23,167,207,117,23,138,185,95,186,93,11,133,215,191,119,8,151,232,245,28,142,52,29,104,92,218,53,113,182,152,153,220,217,18,146,141,35,156,25,122,163,254,128,233,58,2,144,255,96,231,184,135,25,99,208,112,143,12,152,202,142,234,141,179,182,210,38,3,120,99,219,93,162,221,239,241,167,119,224,217,97,186,91,54,98,160,255,61,153,160,180,165,172,170,114,41,166,222,91,244,38,114,163,32,153,23,181,237,46,90,236,68,31,135,97,214,105,169,255,13,199,141,83,17,183,191,189,210,115,139,89,1,248,252,5,252,82,218,84,253,18,187,178,214,83,218,123,55,199,90,159,209,59,253,185,133,66,161,29,163,213,235,64,63,61,52,33,5,217,86,236,224,43,134,99,152,247,1,232,209,96,175,73,217,54,52,57,71,27,169,226,248,126,111,150,44,50,80,219,115,148,222,243,25,116,246,145,3,106,54,250,125,56,82,98,158,15,89,198,143,225,49,119,71,247,31,145,20,163,81,93,84,150,254,159,209,252,138,130,150,14,184,205,156,48,84,243,253,197,30,85,175,162,200,87,168,182,187,91,220,92,201,153,13,195,80,220,114,150,245,196,185,64,1,141,244,112,23,146,218,105,106,148,37,33,128,129,249,223,104,182,162,252,130,73,123,25,140,229,113,83,110,253,220,74,161,225,71,246,10,139,41,139,77,207,79,78,29,6,135,42,228,227,4,177,89,162,201,85,14,165,195,35,70,222,21,173,188,197,117,138,102,190,213,50,110,75,108,23,138,87,151,176,124,93,159,246,8,231,77,32,159,32,124,94,208,142,86,7,235,45,74,245,213,237,231,250,191,176,168,189,59,28,187,64,209,224,102,100,33,247,234,53,252,128,9,153,140,199,88,166,189,195,151,25,110,114,60,57,12,159,143,223,83,0,194,245,143,91,166,218,121,132,45,59,212,68,174,97,34,19,180,195,65,130,127,73,2,54,175,94,121,85,154,223,209,13,251,224,89,243,33,128,120,151,42,101,199,164,248,11,203,131,109,181,226,63,59,81,14,186,203,163,28,143,75,29,152,29,239,5,211,121,138,92,207,127,87,204,165,185,66,232,245,206,68,225,10,144,32,244,216,60,35,108,176,225,88,213,47,16,180,163,1,243,5,180,205,101,172,205,83,211,141,14,164,237,48,109,195,180,209,101,164,252,4,242,54,91,214,80,226,46,91,238,34,154,3,212,17,187,191,160,20,155,23,84,207,152,28,29,12,179,143,69,87,215,78,210,89,194,141,62,58,77,28,174,228,49,64,39,127,126,138,101,189,156,253,221,81,18,184,217,71,225,44,78,254,252,4,246,250,230,54,85,253,6,192,146,30,134,95,202,147,26,105,164,37,158,31,152,58,41,87,234,85,15,204,147,71,253,222,57,10,187,206,147,28,130,97,176,200,127,107,147,26,135,62,38,29,139,96,94,178,238,24,41,233,27,85,243,78,242,254,193,139,47,76,17,199,176,253,252,228,39,114,158,33,165,30,148,22,145,33,125,121,124,121,105,129,89,195,145,72,32,116,122,124,96,182,181,216,117,116,118,116,137,93,209,130,76,209,100,199,153,10,185,187,163,238,14,194,141,46,72,221,64,58,89,227,69,28,130,76,2,245,40,117,145,57,40,89,201,96,75,205,70,221,23,104,117,79,230,188,181,205,66,5,248,6,177,234,6,143,208,129,90,74,244,5,127,87,5,155,251,20,178,174,209,255,238,231,57,2,216,186,28,16,184,118,113,145,222,60,86,203,5,216,89,225,19,174,194,190,178,132,1,238,244,120,10,151,174,104,99,67,230,89,146,58,250,161,241,54,21,148,37,32,116,174,210,26,150,63,192,139,101,135,61,55,100,204,156,39,140,52,68,60,65,61,73,40,89,203,92,87,168,181,144,255,178,153,228,54,237,14,223,69,168,102,170,211,88,220,70,248,3,162,229,85,213,237,39,132,24,197,64,21,204,125,0,94,193,142,39,112,137,49,90,171,5,105,136,61,254,215,92,123,101,220,73,192,185,209,104,127,72,24,52,47,120,107,44,107,187,115,178,122,104,211,101,110,176,237,22,120,94,213,13,210,239,4,96,188,84,193,40,54,13,134,29,87,168,182,188,74,229,57,33,138,12,169,12,202,53,172,86,203,147,227,204,41,66,165,191,113,92,249,228,7,87,168,182,141,84,229,46,45,53,242,23,116,105,53,227,30,58,7,82,195,17,151,237,120,99,219,91,166,206,26,113,39,245,100,78,4,209,23,2,255,201,131,179,55,199,61,8,129,42,241,173,26,133,111,176,219,116,142,63,71,31,139,102,200,145,84,85,212,106,185,203,143,54,72,253,218,122,59,188,121,66,232,246,204,74,209,92,64,245,227,45,79,6,222,98,183,120,254,236,28,154,234,40,83,11,204,53,238,40,70,129,240,231,189,58,238,163,200,181,124,113,98,158,194,139,47,214,108,163,215,75,245,176,210,140,10,106,164,16,153,199,118,162,208,105,194,192,199,162,31,128,88,243,45,127,121,152,11,181,156,153,228,2,168,183,136,22,109,154,195,154,51,227,35,157,13,76,128,86,166,255,32,113,160,9,170,130,63,22,171,208,65,11,186,212,135,63,25,158,252,229,43,119,137,56,46,72,223,61,68,45,117,159,30,126,89,221,100,204,149,55,67,8,186,168,217,84,145,58,66,23,173,209,117,58,30,171,228,199,15,168,174,232,109,150,18,133,64,30,172,252,12,206,138,58,37,125,143,83,8,217,98,171,211,88,178,199,138,108,192,195,179,197,141,97,221,94,220,61,31,117,94,209,122,138,51,34,119,120,162,16,165,231,51,60,35,118,157,252,221,62,23,152,182,161,6,186,190,113,121,155,29,60,152,147,22,179,130,238,195,116,16,127,51,23,199,121,72,148,242,216,37,125,76,22,128,105,200,151,75,209,147,253,204,14,87,192,84,186,58,13,53,43,50,179,184,143,51,114,155,2,208,118,114,130,88,247,237,12,143,190,117,81,189,196,148,34,83,198,65,41,72,40,77,163,186,208,129,78,124,254,210,144,62,254,199,48,47,236,167,78,143,65,27,56,157,46,58,47,175,68,159,183,156,199,87,107,63,100,169,9,215,94,216,109,185,192,201,142,58,68,37,131,99,228,156,252,239,42,133,119,127,108,144,34,164,189,52,18,121,66,232,246,204,76,238,141,14,151,18,160,20,180,224,61,232,176,217,87,232,0,231,22,197,159,189,88,234,255,86,114,95,86,112,74,141,8,227,186,167,173,204,108,33,140,69,239,1,212,19,170,3,164,156,14,208,89,135,55,98,145,42,141,88,204,115,143,39,97,178,208,97,178,168,117,78,197,97,140,9,146,247,251,159,5,243,164,222,106,165,129,223,57,252,253,39,95,215,99,156,174,188,160,12,174,167,217,71,19,195,177,228,70,34,120,108,166,12,213,121,140,83,218,70,255,186,161,240,29,174,232,64,52,65,16,188,207,131,114,160,243,248,235,39,145,59,81,227,40,101,95,209,125,103,190,158,16,105,144,85,227,199,15,170,168,250,55,56,43,58,33,119,152,41,90,200,142,43,88,208,120,105,154,5,169,217,92,230,72,34,143,69,15,165,248,17,200,162,19,187,162,239,5,175,222,83,0,211,67,21,158,40,112,131,76,4,200,126,99,209,96,177,195,138,64,191,135,83,210,119,69,253,14,195,109,126,248,154,249,169,187,56,17,39,84,183,38,75,138,15,129,44,135,56,11,76,201,83,181,206,91,234,7,214,128,112,193,112,181,165,18,144,221,13,215,109,140,195,52,56,15,172,250,10,181,183,195,138,58,46,110,136,58,4,74,141,8,151,233,65,32,127,58,14,104,187,164,15,174,194,174,205,130,18,184,159,6,101,177,91,154,15,137,48,63,179,90,19,204,85,197,58,40,111,107,223,8,43,49,217,34,73,211,52,17,123,60,56,27,173,181,109,91,160,125,210,209,254,105,28,201,169,188,143,195,55,32,51,30,14,145,169,208,68,125,91,221,33,97,102,162,0,184,249,188,21,149,75,222,54,179,155,241,2,206,137,86,248,243,196,26,153,22,172,178,208,92,241,26,118,174,255,190,40,48,222,2,192,5,225,27,139,216,101,106,79,5,175,70,161,212,246,143,239,160,209,157,195,134,76,13,87,247,8,140,74,187,93,219,44,206,8,159,150,177,137,209,60,88,148,40,60,14,102,218,65,240,155,221,22,107,110,100,129,44,106,134,107,125,22,94,150,156,115,237,171,97,53,125,142,24,185,154,190,106,192,178,189,47,239,4,225,21,133,250,230,51,31,196,89,60,31,171,168,116,82,186,130,42,49,26,97,140,11,141,8,199,58,66,44,90,229,42,107,87,200,174,227,28,189,209,71,141,0,111,80,214,194,169,195,147,192,164,134,209,101,122,133,150,26,134,40,86,209,117,153,43,133,114,170,224,53,74,25,170,8,234,66,13,174,199,101,173,203,135,109,201,167,8,226,50,66,57,99,218,117,162,237,14,167,200,148,48,104,154,237,21,143,40,113,168,11,237,60,54,53,59,73,39,151,67,47,69,3,204,125,123,119,137,47,111,160,197,149,179,73,250,186,197,215,89,203,92,187,167,4,241,28,157,19,163,239,45,117,143,68,27,129,82,221,30,129,130,110,138,57,60,32,120,113,154,4,200,121,84,241,25,174,199,102,170,213,106,192,196,167,8,233,27,137,101,215,112,170,245,244,248,238,241,153,227,6,155,222,21,110,99,132,35,70,221,58,168,188,142,44,80,3,231,71,8,134,212,106,163,3,173,225,40,140,74,230,95,235,250,116,76,138,0,198,242,26,113,138,220,89,142,228,70,237,142,202,88,107,48,10,76,203,154,147,25,104,138,242,39,119,63,49,6,123,128,62,155,164,204,15,68,208,252,188,200,12,179,138,32,14,133,31,82,184,134,30,85,12,172,176,91,157,216,37,64,238,227,5,222,28,109,34,37,129,119,94,34,8,239,246,42,16,165,27,124,243,15,179,212,59,55,40,142,67,250,33,166,201,7,147,180,128,70,113,156,237,22,55,73,193,75,15,144,162,140,18,59,194,85,107,109,197,63,23,197,91,235,44,34,136,2,136,90,176,68,167,194,43,241,199,21,111,190,98,202,74,178,192,203,52,207,65,236,235,51,49,72,141,198,92,155,223,82,208,114,33,125,248,195,146,254,209,94,86,113,207,97,181,218,106,149,22,166,226,49,68,27,129,80,196,10,78,195,100,131,101,100,32,249,227,74,190,60,218,119,31,148,68,31,67,162,29,168,0,233,239,57,185,175,191,133,27,205,0,234,39,103,138,46,41,146,32,156,7,182,209,100,189,105,149,245,142,4,161,203,76,201,84,178,214,66,75,41,62,168,177,91,140,36,215,70,52,96,200,151,229,61,13,234,76,216,218,26,33,57,27,220,216,39,58,255,176,158,213,47,95,168,235,181,193,44,39,105,124,89,198,30,27,210,97,201,143,74,26,103,57,4,162,201,152,3,213,5,164,108,41,50,24,103,202,140,45,119,154,36,43,136,16,61,248,198,94,150,237,230,251,233,183,142,15,156,191,143,87,232,255,197,29,52,83,1,189,3,101,218,52,31,14,131,36,66,234,241,218,33,116,13,169,174,192,196,168,220,104,163,225,79,235,39,42,81,214,125,114,125,137,100,199,68,33,97,237,67,240,145,244,145,233,12,32,148,15,176,119,88,101,126,52,19,118,77,198,91,209,26,131,34,103,210,127,88,243,2,197,164,235,39,43,133,10,64,143,245,28,151,17,54,232,213,74,15,151,75,40,67,153,221,215,23,129,194,134,114,151,212,227,165,179,227,66,15,61,213,4,226,26,144,204,159,30,159,22,61,71,23,95,215,61,5,215,104,95,225,73,235,34,18,171,111,94,194,111,125,89,102,67,90,201,145,53,87,240,248,12,167,230,213,62,179,148,243,214,137,20,118,104,164,121,235,185,183,189,170,229,52,71,15,182,192,163,248,249,246,0,227,58,51,72,10,197,147,40,106,165,242,12,190,168,236,32,132,87,220,79,246,1,223,70,17,177,209,113,144,50,77,251,241,17,176,210,110,153,22,160,3,216,91,209,110,152,26,147,41,102,177,208,114,142,58,53,66,27,145,11,88,218,71,12,80,121,4,40,2,222,73,7,205,122,116,135,78,248,249,246,255,228,54,66,29,138,69,21,164,245,2,219,80,242,11,194,156,13,186,180,197,146,44,94,199,141,61,44,94,201,136,74,5,211,106,163,249,246,255,228,54,64,35,121,120,123,114,141,58,52,71,14,185,182,191,166,241,15,182,194,158,9,164,204,125,103,131,51,248,12,178,228,46,65,48,72,17,102,186,136,33,19,162,117,21,139,46,216,71,222,209,58,1,172,242,249,148,57,28,125,124,103,193,70,49,95,173,197,53,207,66,231,249,196,100,131,36,142,55,58,9,163,170,238,250,22,122,4,111,121,85,168,214,39,119,17,11,178,216,60,56,208,5,212,74,113,0,202,168,7,205,80,206,117,59,92,181,177,223,63,57,232,251,123,60,251,190,117,81,188,122,138,48,239,31,104,206,82,122,11,164,212,43,76,197,159,152,106,177,172,218,238,37,85,236,182,84,233,12,43,211,139,83,212,80,168,9,206,103,204,156,30,64,46,56,68,174,106,167,210,215,206,137,47,79,118,11,142,4,164,9,177,200,11,75,204,74,208,144,58,36,146,73,23,84,243,223,22,34,154,25,246,44,221,236,20,181,188,104,154,102,97,152,23,140,202,142,28,10,177,193,148,198,178,174,212,190,22,42,21,128,26,97,77,152,90,195,172,250,5,213,120,156,24,154,40,136,82,238,47,126,125,109,177,240,38,114,163,34,152,26,167,7,225,65,56,96,203,130,113,181,52,53,72,42,117,133,90,195,106,115,114,134,211,220,35,121,115,95,161,175,224,38,109,253,121,39,88,112,56,3,14,160,37,125,64,249,139,58,172,113,119,104,42,83,188,35,78,247,250,204,90,131,100,142,25,37,107,103,99,150,193,69,252,169,228,32,165,254,189,137,234,1,120,4,56,208,124,105,77,94,236,1,218,174,72,149,211,72,195,100,67,183,251,224,85,244,30,138,88,236,42,103,195,182,219,83,254,252,254,233,59,71,31,134,100,205,138,69,42,142,74,5,232,72,45,95,219,108,13,169,233,58,78,12,193,171,214,82,21,107,43,46,36,66,24,50,40,100,82,212,137,83,203,126,193,13,69,196,115,65,233,181,97,254,217,108,179,223,70,38,144,85,229,73,40,139,66,50,109,191,169,253,8,234,37,136,105,203,131,107,182,220,79,7,228,90,213,120,143,65,32,151,60,77,253,0,254,249,248,16,205,130,93,224,96,228,56,83,7,44,78,250,6,238,56,60,53,54,47,82,146,26,158,248,241,183,167,163,247,226,91,136,52,106,181,161,219,85,237,195,117,15,130,40,54,70,179,94,193,123,100,173,81,209,84,203,152,16,190,105,143,89,200,19,181,219,18,221,239,170,222,36,104,161,119,95,170,200,161,244,17,128,139,239,254,199,134,68,20,85,213,89,100,165,249,4,222,9,93,223,22,52,80,253,217,30,112,182,225,90,236,47,252,200,20,113,91,157,8,104,140,69,251,251,184,162,32,141,29,136,173,106,84,211,255,138,14,250,205,98,169,184,47,43,96,189,130,56,235,46,60,55,238,17,24,4,157,10,49,213,232,26,160,180,85,182,94,193,130,28,11,4,193,196,162,220,77,113,53,73,157,159,140,237,16,89,188,201,4,183,158,237,50,82,232,215,94,232,210,155,145,30,147,10,193,20,74,11,87,112,25,70,4,123,85,253,103,142,23,129,119,130,86,142,57,87,136,122,213,57,53,63,252,202,52,80,212,141,20,44,73,186,177,201,139,86,242,202,108,192,173,175,181,102,140,213,236,126,253,246,251,151,129,132,58,48,172,78,130,14,150,217,33,12,90,18,158,42,120,124,125,128,131,99,226,70,17,191,181,213,107,204,231,29,145,74,8,215,81,223,108,101,61,247,200,85,221,227,20,157,166,217,122,127,73,2,52,182,74,181,162,180,145,189,73,70,255,251,15,202,134,102,208,115,161,24,157,34,216,73,8,225,103,201,137,81,228,39,90,71,224,36,107,147,58,66,54,57,243,142,60,44,104,128,104,148,74,16,106,79,4,177,64,179,158,153,168,163,129,44,117,251,159,245,240,148,50,83,197,129,85,145,48,114,86,133,83,2,196,70,249,25,108,152,54,72,253,223,75,242,0,213,104,155,5,172,103,121,68,226,58,226,62,70,171,202,167,240,163,124,99,125,124,171,210,125,114,111,54,38,99,196,133,36,153,250,255,150,26,0,78,190,166,93,81,118,112,156,192,50,30,37,108,130,29,8,22,149,254,113,90,160,205,84,230,35,153,45,87,195,184,196,93,220,53,63,4,200,106,61,70,22,85,2,235,10,97,222,82,219,60,39,52,86,190,134,54,230,33,158,13,150,24,52,100,203,140,74,204,141,30,77,33,166,254,6,146,76,5,186,186,147,17,184,199,129,108,81,122,65,236,233,35,37,128,113,137,87,212,110,78,226,97,194,44,223,57,252,254,44,88,203,90,193,148,63,76,22,181,204,122,105,192,202,155,44,127,85,214,81,201,130,127,71,21,84,225,168,85,169,229,158,143,176,169,212,113,113,141,175,123,121,14,76,130,9,187,89,189,197,18,139,40,49,228,24,162,229,39,45,79,230,13,198,155,40,90,172,16,100,71,225,221,69,245,195,21,227,21,156,225,44,80,247,11,214,139,104,206,116,118,132,102,196,194,190,176,193,144,37,122,154,33,150,248,230,3,210,145,75,244,249,251,227,47,77,18,177,192,145,34,86,106,114,90,162,236,158,2,212,118,105,37,98,198,108,137,66,245,225,73,34,67,3,252,16,205,145,63,205,106,161,156,238,31,110,161,199,117,167,249,207,87,110,144,246,182,158,169,140,38,42,109,118,102,156,223,15,152,50,45,99,217,100,229,4,249,217,126,65,164,223,249,246,248,253,1,243,211,88,173,198,134,105,198,130,79,249,233,27,133,98,193,142,40,94,199,153,28,151,238,226,17,131,231,24,198,31,50,188,209,83,17,138,203,107,84,227,50,79,10,216,33,79,106,60,46,76,1,117,254,144,8,165,232,197,177,219,71,25,139,65,31,74,36,134,58,206,136,52,80,3,211,112,45,123,133,82,227,57,35,60,82,5,200,131,64,49,32,159,19,186,189,183,200,159,23,149,44,86,186,176,220,39,137,77,177,232,45,85,191,153,11,105,134,232,43,85,223,237,209,127,66,9,215,94,224,76,187,202,133,78,210,94,190,118,39,68,242,2,126,86,200,168,241,255,1,252,255,238,222,37,114,170,249,177,240,36,100,176,152,46,81,179,214,240,45,95,138,134,90,158,231,3,217,82,194,119,45,104,100,63,211,92,50,239,27,134,225,222,51,110,143,203,138,94,209,76,249,210,21,233,35,106,125,143,23,154,109,9,81,160,223,253,181,81,141,122,100,205,156,27,145,67,51,81,240,39,140,71,13,209,150,59,52,93,240,38,112,169,17,199,142,77,35,233,21,164,14,227,91,212,115,122,68,222,255,107,78,235,133,245,7,193,47,0,10,108,116,96,183,90,190,203,141,244,136,212,34,17,172,218,11,197,107,83,246,200,119,79,191,94,80,158,252,82,143,59,37,2,137,110,53,37,124,89,226,4,191,200,149,6,247,214,230,26,69,16,171,227,77,14,98,82,235,21,158,175,140,87,223,65,251,228,43,21,188,190,131,65,41,128,105,65,63,54,41,2,255,0,215,86,200,156,225,85,215,102,202,147,6,162,148,65,31,34,153,29,127,104,168,224,64,196,183,213,28,174,232,18,71,43,109,138,46,80,185,200,104,136,49,248,217,43,79,148,48,40,75,160,234,29,22,43,56,203,17,207,133,59,27,50,215,43,46,36,143,51,68,235,252,159,17,102,92,215,67,31,36,10,170,201,26,234,13,224,79,175,88,98,121,12,189,167,166,246,219,5,226,4,195,107,43,45,41,52,94,201,132,43,60,223,79,206,101,108,150,207,44,209,13,171,131,207,160,90,197,157,237,67,29,154,47,87,218,61,50,59,47,142,35,157,22,131,97,111,144,157,118,70,13,38,246,122,76,233,49,8,121,129,67,30,39,0,199,114,32,228,37,125,29,26,102,77,245,229,243,136,140,20,145,59,233,213,108,132,91,113,34,96,167,128,162,135,25,100,131,114,140,57,13,151,206,132,42,64,170,118,254,145,243,253,118,255,141,72,60,147,17,209,146,77,5,223,69,40,103,127,64,202,156,153,52,90,220,55,71,249,110,116,126,84,232,186,194,120,116,29,174,247,8,216,90,233,36,73,225,231,71,153,54,85,233,16,189,152,145,10,188,155,21,63,82,164,225,48,114,152,38,135,73,182,193,190,45,228,2,168,183,138,17,123,60,73,17,112,149,214,61,21,187,189,126,121,188,169,217,49,58,42,126,146,86,246,19,157,253,241,41,139,83,255,247,236,16,161,211,86,210,114,165,9,231,80,0,221,61,49,106,185,202,169,244,248,235,18,173,238,31,147,251,124,60,252,188,186,151,70,234,170,207,40,104,165,246,19,188,124,147,213,111,162,247,14,173,226,241,249,27,146,189,46,77,191,180,2,203,146,50,46,248,223,53,77,234,245,241,51,30,101,57,200,9,112,84,215,230,174,127,114,192,22,205,240,237,15,191,124,90,141,51,247,182,51,231,27,50,193,199,224,41,65,24,112,127,86,234,75,41,131,118,160,246,250,25,190,195,177,212,87,205,110,158,42,112,177,191,122,152,240,238,158,154,147,209,50,64,174,88,130,105,217,202,179,63,253,222,84,200,177,212,117,158,10,193,134,87,205,121,184,162,215,86,181,181,199,158,29,171,9,209,105,152,29,156,35,154,62,51,57,39,63,244,238,19,45,209,228,169,126,105,169,232,41,103,173,220,77,252,239,20,165,242,13,188,175,214,97,191,165,243,8,202,132,87,222,73,7,204,126,103,172,223,69,18,173,220,79,244,7,206,120,122,117,130,92,207,117,132,86,224,65,32,131,90,214,97,191,166,239,20,165,243,10,197,146,43,97,192,162,251,241,16,142,207,117,118,130,235,145,201,238,26,41,175,169,21,153,27,140,53,63,192,197,115,139,3,130,119,136,76,230,43,65,182,207,96,152,58,68,254,131,88,104,25,48,188,190,144,80,13,210,114,66,49,68,205,156,29,116,33,160,21,159,25,140,216,104,126,74,207,69,169,230,47,85,229,52,69,20,168,235,32,129,94,199,141,58,53,67,24,153,23,156,13,187,177,206,120,124,111,149,36,119,125,108,158,9,198,144,49,78,247,253,235,34,124,111,150,33,128,97,191,166,241,16,177,206,121,120,122,117,133,85,228,54,64,34,124,110,151,28,142,57,54,63,2,178,203,125,66,246,175,232,29,164,240,251,2,211,113,69,30,104,204,135,54,199,62,64,197,127,54,203,77,199,89,240,17,170,187,142,234,48,38,72,155,8,154,156,129,58,247,136,17,105,114,87,168,183,138,46,124,130,62,4,206,44,159,139,49,75,172,203,152,49,56,19,77,30,106,161,89,71,150,210,75,185,130,234,192,225,46,106,182,196,175,223,73,29,148,45,123,133,87,245,22,163,24,184,191,196,6,191,167,4,2,255,231,52,54,17,57,5,161,205,148,36,115,96,158,184,198,102,147,213,56,206,146,9,52,219,177,41,80,23,177,176,174,209,35,187,55,43,92,120,102,200,160,237,246,163,30,109,152,114,250,126,24,120,50,23,43,255,35,103,194,187,187,179,225,107,183,190,191,206,149,35,142,95,225,64,59,92,231,47,107,198,178,204,147,80,15,181,220,117,138,68,46,130,111,150,55,97,202,135,100,220,102,178,226,101,33,111,155,56,83,233,46,72,219,220,26,97,140,87,221,70,230,12,111,161,225,71,183,172,100,26,25,84,211,224,14,132,34,72,213,46,36,67,228,30,171,244,232,6,201,59,113,22,143,48,253,216,114,164,225,25,58,86,194,153,113,253,117,51,39,36,65,173,120,185,165,11,232,58,55,82,0,244,6,232,91,246,3,235,50,90,214,117,166,252,239,38,131,122,119,145,63,46,90,231,65,53,69,38,132,107,163,16,214,107,161,22,209,146,45,111,167,252,239,41,125,133,85,246,14,201,137,95,244,35,122,139,114,1,207,128,146,76,0,233,22,112,28,91,158,211,128,97,188,132,48,2,232,254,187,62,51,6,173,149,49,224,159,145,245,207,66,6,245,24,126,69,11,119,190,46,73,3,131,72,35,143,31,96,100,218,55,56,147,152,163,170,193,88,166,125,10,5,198,171,235,41,144,76,5,253,15,187,205,137,78,26,158,17,214,113,150,75,31,141,96,213,104,207,148,45,126,194,138,71,35,145,69,19,176,193,112,27,94,148,241,38,111,144,7,168,154,30,58,141,103,54,245,35,105,105,33,19,151,193,106,111,125,142,75,228,18,165,169,41,238,6,203,44,76,23,179,178,167,145,82,208,112,237,139,203,50,42,28,89,99,85,34,108,178,232,74,6,234,68,24,174,241,18,195,180,207,118,145,62,43,120,145,48,108,194,158,28,168,234,51,80,243,27,240,1,224,88,255,1,225,73,249,201,250,126,53,17,124,133,82,232,1,185,104,182,151,251,114,53,140,29,35,67,187,79,207,64,238,228,3,166,218,119,135,34,83,120,112,97,71,129,59,244,145,246,200,172,125,104,127,64,3,129,81,215,121,99,102,59,254,182,141,83,233,34,81,201,55,73,186,78,240,184,133,232,12,99,213,133,73,165,191,144,87,234,8,197,237,139,204,47,52,255,178,91,112,210,90,228,69,36,121,138,96,225,65,48,109,182,192,181,223,97,192,179,224,92,206,138,94,229,54,82,252,245,3,234,60,75,2,239,47,97,191,184,212,117,134,97,207,128,106,212,219,65,33,150,57,55,68,231,185,132,33,76,24,154,15,138,30,55,72,187,74,229,182,173,93,84,87,51,21,110,129,132,98,159,2,54,175,96,115,104,97,138,208,14,246,239,39,131,124,113,166,12,208,115,159,32,145,50,97,217,105,170,249,15,197,151,51,97,208,116,153,44,119,126,125,132,102,177,229,82,9,201,158,39,140,65,50,98,218,86,242,30,160,4,234,60,74,7,224,81,3,218,102,195,10,180,199,158,30,157,13,197,101,41,243,214,43,45,116,135,74,217,50,252,1,209,137,65,7,221,64,42,27,157,228,26,7,108,147,137,217,8,217,34,240,255,181,77,198,91,158,212,49,28,91,231,25,54,84,204,109,172,214,116,46,120,139,42,77,176,241,23,141,90,242,28,69,37,88,200,154,14,205,41,83,208,132,63,30,10,79,192,110,100,130,42,50,26,179,207,101,209,141,75,184,206,92,172,216,16,243,144,33,122,32,112,170,253,214,57,218,120,92,203,218,194,38,33,92,134,26,34,26,211,89,238,57,68,23,175,230,74,6,226,82,16,178,228,99,212,105,189,207,143,54,83,251,0,228,71,24,242,250,245,26,180,208,117,144,35,73,144,253,182,140,78,226,54,193,18,54,11,140,10,220,76,250,204,90,132,98,111,46,63,180,217,20,69,227,244,14,115,42,78,27,177,218,68,34,92,199,133,82,206,113,111,156,167,8,214,36,152,50,72,235,26,139,63,5,204,95,204,255,88,100,130,40,54,83,213,109,94,211,65,27,106,104,53,61,205,60,131,80,134,107,174,94,183,200,59,175,156,37,109,104,19,94,164,38,135,68,205,143,44,92,168,228,74,209,146,5,181,55,221,63,133,228,232,57,2,80,224,67,90,90,194,135,202,114,128,87,199,147,18,105,147,26,123,128,74,168,117,78,197,96,142,4,163,196,171,207,19,181,117,1,164,14,179,151,135,3,182,254,11,87,184,178,104,148,101,213,110,75,156,6,118,75,149,6,117,158,45,83,137,99,195,92,218,7,75,200,162,248,201,241,197,112,208,150,183,155,10,95,176,19,203,140,241,166,210,240,255,103,55,174,46,119,142,34,101,107,174,139,190,109,178,197,96,42,25,117,205,184,55,43,123,141,77,13,154,0,201,153,1,217,216,227,4,161,203,148,16,171,100,44,233,242,215,40,129,94,195,112,109,74,14,144,66,55,45,98,193,89,225,36,23,176,125,84,10,235,92,154,158,211,52,17,199,140,59,7,169,152,45,79,13,180,176,228,45,97,116,146,229,176,58,190,46,216,242,168,115,28,10,68,209,184,222,28,139,38,239,153,214,182,45,14,182,16,153,35,81,0,255,214,103,179,130,99,158,170,245,232,169,251,200,155,46,72,17,181,126,112,117,37,135,249,207,97,147,22,152,48,110,193,189,190,162,243,31,161,39,137,83,218,69,6,208,129,100,245,133,60,81,251,199,140,35,247,129,29,223,180,122,112,245,33,158,14,168,8,231,61,226,70,229,50,49,207,249,182,20,21,88,216,163,11,170,223,198,3,98,136,23,106,187,175,209,70,235,208,125,30,16,142,43,62,236,26,37,234,154,233,14,129,72,46,128,43,237,233,244,210,57,3,165,193,174,177,143,124,241,20,166,250,202,151,88,202,149,40,79,125,207,176,190,150,24,175,235,62,68,49,68,7,210,129,119,153,50,108,143,39,96,196,174,223,92,199,136,109,175,198,131,93,189,162,249,19,154,9,192,141,54,107,201,168,7,213,88,202,142,100,222,103,202,143,36,102,164,253,15,194,189,158,249,19,167,201,130,66,232,111,25,156,14,195,111,169,36,103,189,177,181,77,95,254,211,91,221,111,170,12,213,116,123,109,191,185,223,93,210,92,194,147,20,156,38,147,69,37,129,89,206,144,84,8,245,20,151,14,170,229,71,19,190,161,247,33,165,0,245,25,141,44,102,211,151,77,40,133,69,5,199,102,58,1,173,168,181,143,1,172,239,253,216,64,21,87,36,251,247,253,247,210,127,161,238,41,109,129,233,139,123,92,198,175,242,255,217,91,196,140,53,90,236,15,168,226,55,94,226,85,2,231,34,109,163,28,169,253,7,226,44,82,227,41,107,179,219,112,171,248,245,245,8,219,98,222,102,184,170,212,91,195,173,195,132,62,29,76,145,63,57,38,81,55,194,161,255,240,231,66,89,199,160,9,171,106,8,3,198,124,104,203,135,62,28,146,31,123,104,201,166,225,46,73,8,222,79,9,191,146,37,139,87,3,247,14,180,190,193,180,232,62,58,36,101,164,250,20,177,241,8,181,193,208,153,48,118,137,59,34,135,125,145,68,48,96,177,190,154,19,183,194,169,219,43,236,235,237,232,246,205,70,220,108,182,217,104,174,203,57,126,237,33,127,111,106,184,247,238,40,111,123,251,84,33,109,137,57,65,64,46,102,199,162,240,13,221,86,243,50,96,178,188,161,4,249,4,249,239,2,211,127,122,151,67,49,73,253,2,241,42,120,141,43,80,228,54,79,250,2,213,91,240,49,67,16,187,162,241,5,230,60,29,123,100,167,249,202,93,164,222,81,213,170,105,173,219,92,163,12,249,231,62,47,59,187,20,223,49,58,36,125,136,115,177,249,7,199,127,108,187,222,114,159,16,163,233,26,154,56,69,55,54,59,75,244,253,9,227,42,88,208,126,89,201,126,95,220,93,223,114,166,228,39,115,158,30,180,236,54,47,70,4,177,89,164,195,103,123,63,242,216,104,124,70,236,8,212,88,110,166,3,199,107,232,174,220,77,6,164,9,2,205,141,65,6,91,53,124,89,211,141,68,8,193,174,203,117,120,139,77,237,15,173,204,129,112,174,6,246,30,124,98,205,146,66,50,89,200,127,94,184,195,187,201,173,240,8,197,184,215,114,144,33,111,136,57,68,234,253,197,125,118,108,32,118,81,52,202,136,72,20,123,132,147,25,169,238,254,114,238,82,217,73,14,213,137,85,244,18,168,221,83,8,241,32,166,16,162,238,15,161,252,25,180,184,174,221,61,33,118,159,35,105,151,16,183,222,84,7,197,138,92,238,69,51,93,198,134,105,199,180,217,110,136,58,40,68,159,210,58,2,169,178,152,231,79,3,203,169,204,197,22,166,240,28,98,206,181,180,216,97,165,124,209,169,210,88,208,135,90,199,130,106,169,216,78,238,44,113,128,83,220,78,14,192,182,184,172,225,79,7,225,85,245,254,216,95,214,116,165,23,186,165,229,42,79,235,54,77,236,18,187,183,175,201,124,131,108,142,40,92,213,134,93,233,25,136,106,191,178,124,181,73,14,185,195,110,172,26,132,105,174,189,54,164,47,65,12,184,225,84,215,82,244,247,242,6,245,18,156,0,214,101,208,123,142,47,65,21,187,202,119,117,151,15,171,216,114,169,215,76,240,22,188,183,214,87,200,129,120,133,70,6,223,57,45,80,8,221,58,36,103,172,234,39,116,121,80,123,61,247,200,86,174,165,191,191,174,247,11,160,184,255,105,171,223,79,202,151,90,196,168,241,245,141,157,69,0,207,109,181,233,82,4,227,47,72,18,200,176,250,16,195,137,54,49,80,8,208,133,75,237,17,195,166,225,54,82,222,61,32,135,61,28,129,96,215,99,204,119,111,155,49,121,160,41,124,106,149,42,132,131,132,120,134,66,14,172,205,142,41,113,141,239,91,85,233,37,127,59,67,84,213,117,138,42,238,124,168,214,86,243,29,160,28,162,242,253,239,41,120,138,100,199,124,98,181,189,197,154,7,198,164,233,27,138,89,199,129,87,201,119,135,115,177,241,42,131,79,238,60,86,4,235,63,20,149,21,164,8,207,131,77,212,240,222,20,116,84,180,147,244,21,119,81,164,61,176,217,88,231,3,236,91,193,176,218,58,189,16,237,6,198,165,254,219,70,31,141,45,79,234,53,82,221,62,34,122,161,28,127,90,219,67,14,175,237,39,92,193,151,10,190,200,172,240,38,121,115,130,123,145,59,63,41,87,207,104,175,250,2,253,221,36,255,176,158,211,147,246,115,18,120,69,222,96,193,154,234,1,144,68,10,222,65,9,216,81,245,185,193,127,140,94,223,49,96,144,208,225,137,105,138,88,128,202,176,126,114,44,0,251,199,242,133,91,193,170,185,183,197,109,49,96,184,151,3,90,76,90,112,89,189,196,149,31,92,169,151,41,32,28,97,134,252,246,211,233,145,122,9,207,142,66,249,240,236,200,206,114,127,64,71,241,10,29,251,125,29,104,98,135,219,237,91,199,180,217,93,239,36,125,144,77,252,254,247,4,215,109,174,234,38,127,121,154,20,180,211,113,143,70,35,220,60,49,103,205,146,46,95,181,198,173,231,229,205,77,196,68,30,92,80,77,21,38,122,131,84,212,91,115,91,178,201,165,212,190,56,186,168,171,37,112,134,43,78,243,55,95,184,174,222,59,40,96,201,120,109,203,86,224,77,215,243,27,137,36,92,80,105,4,113,86,226,89,225,247,150,244,207,34,133,39,239,111,186,81,207,124,87,231,19,12,160,21,72,114,187,95,206,23,62,64,247,97,55,83,5,240,24,137,102,206,135,4,227,242,165,197,90,128,105,120,252,59,65,7,199,14,65,235,237,230,72,11,190,126,68,199,159,249,16,172,198,161,244,12,115,148,222,230,22,121,243,233,226,255,85,120,5,32,164,216,95,104,162,140,101,171,68,6,219,38,109,115,4,169,200,58,97,88,194,199,165,187,162,6,129,200,235,213,92,145,79,202,108,182,191,160,215,57,232,52,27,120,61,38,50,201,251,110,7,38,188,66,38,139,76,220,70,234,206,190,164,231,6,243,237,22,250,100,63,213,64,219,29,25,53,131,79,30,150,39,145,55,71,53,76,255,245,24,170,228,72,29,149,37,132,110,183,191,182,211,125,109,169,251,99,168,242,41,104,177,192,165,17,188,132,62,236,25,88,85,87,91,65,103,197,23,163,248,4,181,38,68,19,129,219,39,80,163,40,3,194,200,163,208,144,62,255,207,58,49,17,44,210,233,152,100,224,244,244,239,245,255,223,52,94,169,73,185,30,233,218,77,191,197,96,223,81,176,165,223,57,79,31,155,36,135,65,16,182,217,131,112,163,4,197,131,76,3,247,6,251,13,197,104,148,234,31,72,136,191,33,237,99,207,244,17,184,195,162,180,224,82,239,7,149,196,147,8,131,161,137,83,1,161,22,32,141,67,33,136,2,246,17,180,184,131,252,236,252,150,56,188,186,187,141,39,75,31,144,8,180,139,62,234,160,118,253,90,28,179,102,146,50,52,80,215,191,136,79,150,23,45,128,88,76,27,175,221,59,78,21,178,129,107,119,100,121,114,78,115,253,105,22,219,98,166,234,165,126,54,14,133,106,163,246,216,54,239,39,96,220,70,250,6,197,153,204,138,26,143,54,92,219,79,82,124,136,2,0,149,184,150,168,189,137,78,217,248,165,61,226,45,101,137,40,10,178,233,51,107,146,188,89,144,34,134,3,117,123,0,150,31,148,229,130,108,139,26,63,140,45,102,137,89,254,238,231,176,131,112,178,191,9,13,172,232,221,234,69,16,151,24,154,42,88,184,120,178,73,238,50,76,250,204,90,131,100,154,37,32,37,243,153,19,155,207,216,167,131,98,215,104,136,66,245,172,33,122,102,137,107,133,78,81,94,83,156,237,211,52,210,9,7,188,190,188,199,141,73,23,179,203,144,67,38,114,156,39,140,62,58,73,19,170,245,24,165,243,26,175,239,21,182,219,93,204,145,73,108,142,58,73,29,162,253,245,242,14,213,111,120,141,232,206,250,131,85,215,28,228,91,109,111,114,109,145,46,47,13,196,111,237,170,101,166,176,22,156,255,189,151,14,190,190,190,206,158,18,167,222,79,11,214,136,114,145,31,119,171,183,158,167,219,108,171,2,204,15,95,114,167,249,185,138,65,77,27,132,73,12,177,198,133,87,205,107,164,18,184,158,25,66,190,42,245,0,214,31,218,122,17,129,59,18,162,250,184,59,61,71,35,126,57,143,195,27,134,18,239,17,162,213,79,240,47,101,209,133,73,248,3,246,17,205,144,36,106,211,28,40,96,78,171,225,78,183,12,207,99,145,216,182,220,88,156,226,55,101,211,132,117,155,7,191,176,248,25,177,239,46,74,245,5,241,26,119,145,220,241,146,189,166,227,248,78,31,34,78,212,71,1,220,26,42,70,2,195,243,153,151,16,115,204,121,105,128,79,242,48,91,195,142,63,24,143,41,107,145,35,169,191,182,231,50,25,27,68,46,119,111,249,48,108,168,171,180,178,188,183,219,106,194,186,204,114,133,113,168,9,231,69,3,202,119,126,126,111,167,238,53,77,221,92,122,23,31,21,160,246,191,251,22,61,255,194,126,92,202,88,134,62,18,166,215,182,79,118,116,71,81,233,24,115,118,107,145,51,94,235,61,68,55,49,69,40,141,88,242,44,79,230,34,123,127,105,182,240,195,55,92,203,100,176,209,131,75,222,7,4,73,35,134,20,123,97,200,175,251,22,194,178,193,154,55,98,225,97,210,91,194,159,35,133,55,79,161,162,124,254,228,42,35,207,155,173,188,180,174,227,30,233,218,233,4,94,156,238,32,98,94,115,210,50,105,198,151,12,218,114,157,194,169,203,147,214,2,92,93,199,129,30,206,136,51,68,152,163,197,96,141,83,232,38,72,231,223,88,204,152,20,144,67,16,186,108,171,196,193,193,153,162,143,28,115,27,128,8,100,35,157,226,56,253,129,245,104,61,208,80,123,215,77,8,175,223,239,34,114,113,132,79,158,174,207,30,120,133,12,75,158,217,83,129,56,146,93,68,29,113,166,238,20,126,68,197,159,232,35,218,223,28,122,94,109,78,58,251,165,210,189,12,147,10,109,110,45,118,92,60,196,244,122,177,87,227,21,133,95,103,208,74,0,165,139,216,192,55,225,30,17,21,200,72,31,102,154,243,159,3,200,82,48,77,237,244,41,73,15,96,209,100,155,6,201,48,247,244,175,233,177,218,108,96,221,199,112,161,244,3,172,150,66,64,22,73,45,15,192,117,40,127,238,35,146,237,53,192,134,96,184,182,133,213,94,208,79,222,89,206,126,45,129,12,220,30,124,158,193,43,254,185,179,98,148,125,155,139,74,7,234,46,57,46,185,68,238,4,193,70,195,218,29,65,254,55,136,241,0,203,96,176,212,131,118,136,58,82,11,210,34,136,42,91,50,216,51,55,38,21,85,38,56,238,247,51,89,192,156,144,190,118,78,197,170,228,51,32,93,124,129,84,1,218,62,57,46,95,123,126,65,42,128,106,86,238,63,32,67,3,208,74,116,168,205,125,5,196,31,35,252,17,248,233,50,35,120,82,173,159,96,22,233,18,139,8,187,188,102,94,219,71,30,56,239,142,28,165,196,136,86,151,200,151,247,140,41,46,252,244,238,228,38,122,72,235,200,94,119,168,243,189,52,107,165,80,218,108,158,4,173,181,115,147,11,241,45,93,186,117,156,255,221,111,134,47,38,189,65,39,133,93,169,224,29,54,134,76,240,235,68,249,243,97,45,229,229,16,105,114,25,52,133,67,44,120,158,10,218,115,163,2,0,232,65,33,146,62,52,73,28,168,247,255,250,15,199,143,75,31,160,4,236,61,143,38,114,158,37,139,68,31,116,136,103,185,153,73,38,113,124,46,113,128,90,248,237,250,181,219,195,107,129,84,218,102,190,192,156,217,16,182,157,19,191,163,219,87,199,135,59,37,159,252,15,227,88,238,45,86,215,127,147,73,27,160,242,15,209,121,89,8,233,42,81,175,237,12,181,229,37,83,169,17,92,193,201,110,252,199,139,26,86,164,80,72,84,211,73,221,105,178,176,3,247,1,206,57,81,224,56,93,190,134,18,214,12,177,247,247,171,225,95,126,202,62,217,107,149,50,252,163,115,110,176,179,231,55,32,179,232,46,71,206,144,33,118,164,233,6,144,91,125,93,243,246,133,87,221,88,176,243,106,91,122,127,61,188,154,219,245,9,175,174,245,14,154,69,51,76,236,224,91,193,151,64,21,129,32,157,151,35,131,62,139,22,130,5,169,151,71,23,82,116,171,228,136,102,188,112,132,225,76,23,94,228,195,160,12,147,69,163,7,220,50,40,56,87,232,14,232,71,16,160,195,178,188,165,23,144,17,112,187,93,191,206,119,18,38,105,148,21,167,229,28,152,0,42,236,42,126,43,140,234,23,198,146,194,22,153,5,195,155,10,174,225,20,199,35,91,196,122,146,55,32,179,230,50,58,246,25,136,65,65,17,141,251,24,55,29,147,19,180,170,71,241,18,69,4,94,100,56,92,40,135,107,167,221,105,197,165,170,239,249,39,138,69,1,161,24,137,61,78,235,0,148,55,39,102,50,214,44,44,44,120,122,111,108,122,37,133,71,39,104,149,54,55,68,205,134,40,115,133,19,58,87,9,189,47,184,46,208,60,164,25,110,136,16,219,119,78,105,38,97,201,56,164,78,103,77,140,224,191,48,246,231,70,17,172,180,161,174,227,29,175,189,133,73,252,17,204,106,164,248,177,0,184,188,201,156,243,248,172,55,212,111,103,15,140,45,34,164,26,101,36,246,23,15,155,37,121,124,142,68,225,233,50,89,210,125,98,195,92,254,193,144,248,34,162,206,232,168,0,84,204,146,50,83,10,210,58,226,61,74,186,208,143,60,30,164,18,188,100,193,81,90,44,204,31,22,65,156,154,189,218,231,112,244,232,76,231,9,189,161,34,153,0,225,67,209,157,127,115,102,169,128,111,73,114,228,165,148,185,89,82,120,35,168,121,181,38,82,14,159,225,55,52,107,191,143,52,73,190,214,223,114,98,192,190,189,145,29,61,132,237,36,59,96,55,73,229,46,240,29,62,145,136,186,84,120,27,13,70,186,228,204,195,252,209,147,16,140,52,60,83,7,182,190,171,154,67,143,66,250,237,179,212,24,6,43,210,13,75,163,118,13,100,230,196,213,199,114,176,186,144,41,93,241,45,69,20,170,155,64,165,30,94,203,156,36,92,188,97,22,56,69,215,142,177,225,39,102,50,213,47,33,75,26,148,33,85,190,89,235,21,188,167,213,116,125,115,63,47,55,102,164,126,174,163,134,205,174,104,36,254,138,102,133,39,0,213,202,20,28,111,98,163,23,163,232,73,37,131,16,181,118,95,174,240,28,98,203,196,144,36,79,25,108,116,25,139,170,116,252,209,67,64,204,137,86,220,95,188,183,131,136,202,179,158,221,221,61,146,189,34,93,157,49,250,0,240,14,200,127,109,95,244,135,52,87,199,136,226,21,162,238,14,71,251,246,10,203,66,178,225,15,74,13,198,127,73,127,129,120,139,246,29,166,247,183,209,100,191,176,192,107,189,169,202,116,145,31,78,19,165,211,72,231,11,67,141,198,93,152,230,71,12,185,140,26,68,32,88,186,86,218,72,104,41,10,163,11,226,8,20,144,85,216,238,34,150,42,67,19,131,3,28,136,59,10,232,14,179,33,238,163,170,193,87,169,115,38,175,203,174,238,27,162,10,205,125,125,130,116,136,92,225,79,247,13,205,137,72,29,159,16,188,213,112,147,59,74,37,116,149,56,165,225,65,52,100,206,122,129,81,193,40,53,15,128,109,112,113,49,75,243,102,47,249,215,113,176,157,98,224,218,49,71,196,247,174,114,133,251,188,66,0,137,99,219,70,200,166,251,197,115,42,94,186,17,45,253,201,154,52,17,9,240,185,166,251,224,58,219,59,229,48,55,91,163,98,155,237,30,147,224,96,206,76,221,237,23,145,139,191,73,230,67,59,254,66,55,190,162,17,183,174,191,170,143,60,10,176,177,250,224,63,79,0,211,95,212,107,148,27,141,96,200,122,100,167,235,49,85,206,2,167,185,130,103,131,56,219,76,242,105,37,23,125,128,132,32,218,116,22,144,54,75,8,141,208,135,30,28,150,41,87,195,17,202,156,30,62,69,29,96,161,161,251,229,144,176,117,96,212,136,21,250,37,23,51,66,250,232,32,249,219,53,40,130,82,248,217,159,141,71,38,50,126,12,83,228,18,158,253,98,160,232,14,206,110,164,198,184,104,148,3,210,97,188,59,189,121,68,225,75,215,61,204,122,104,9,72,175,180,217,121,66,116,174,118,97,200,116,143,26,247,212,74,119,27,134,177,96,115,150,235,149,16,133,201,18,119,72,214,119,124,106,122,80,163,3,188,220,70,147,126,165,164,79,100,76,253,197,123,147,29,31,142,83,243,229,45,55,231,112,140,47,45,126,74,1,56,168,115,58,17,102,123,254,132,149,19,186,196,162,254,252,15,204,128,115,166,15,181,214,123,121,121,138,95,37,99,190,192,173,221,84,215,45,228,3,166,188,186,153,71,5,84,58,113,64,124,220,226,58,29,174,110,116,126,32,228,26,143,141,171,107,82,203,57,2,106,66,91,193,183,208,120,152,39,114,173,73,245,5,230,63,54,65,40,108,186,192,135,125,99,57,139,127,24,245,113,36,116,111,189,90,214,126,31,220,222,202,121,61,60,106,148,55,66,254,135,50,62,51,56,9,179,197,186,203,169,4,210,105,212,144,91,236,14,171,218,68,28,170,2,240,55,80,230,40,134,111,170,10,213,84,213,51,210,56,7,154,30,106,210,100,55,144,111,71,102,31,26,146,22,185,61,75,23,164,235,5,228,33,72,186,183,222,1,39,247,8,226,255,253,111,182,216,95,185,155,33,106,108,75,2,251,153,70,161,29,151,0,18,165,117,214,156,191,254,87,114,138,45,130,6,220,92,202,151,20,173,174,47,228,184,175,154,35,180,181,211,111,125,20,123,77,242,176,197,156,26,182,206,119,136,82,255,239,230,185,130,40,54,74,231,93,195,26,233,101,100,17,30,30,133,59,72,124,63,5,199,129,112,161,25,146,232,173,224,66,40,64,67,122,39,247,217,75,224,6,203,16,40,225,19,143,10,251,202,65,59,59,20,212,93,76,83,37,35,212,213,248,249,223,93,77,7,211,70,252,226,235,35,151,232,206,119,149,10,146,87,201,120,129,119,152,62,68,57,51,57,61,68,52,106,189,200,122,101,164,251,16,187,220,106,176,182,239,13,61,127,162,173,52,181,88,217,64,58,166,216,107,157,29,68,141,84,254,249,174,244,18,144,96,185,57,138,129,17,9,55,210,106,139,114,48,232,38,78,235,19,211,89,219,106,205,158,31,166,229,42,125,146,79,8,206,104,172,251,254,205,171,217,215,178,10,118,218,196,44,94,178,244,164,215,101,156,24,129,194,113,112,52,64,21,1,93,111,115,155,50,23,208,252,185,132,35,132,57,97,224,88,196,167,185,84,84,47,121,91,254,223,198,229,114,62,130,203,21,161,230,41,92,226,83,218,71,18,160,248,238,40,113,128,81,240,46,98,116,34,99,145,169,197,77,190,23,49,217,162,31,106,211,96,68,107,222,250,78,104,62,38,85,17,96,75,221,63,2,159,0,114,3,79,201,110,111,205,76,213,62,18,182,149,38,127,113,163,202,14,132,34,71,229,51,61,41,14,142,19,158,163,26,160,239,47,29,140,211,176,226,36,135,108,84,0,232,225,89,216,85,189,158,252,137,103,193,88,239,17,119,142,32,127,130,34,147,26,114,136,54,71,227,24,156,168,0,186,87,207,123,109,33,10,145,252,186,201,116,35,132,43,66,188,151,21,46,227,14,72,154,52,85,205,101,84,111,98,137,19,117,80,189,119,150,31,130,50,39,28,154,199,229,119,66,147,237,252,126,246,110,130,128,108,85,101,61,231,192,160,255,156,19,130,14,199,86,207,71,150,237,232,247,201,84,179,151,55,62,37,73,227,233,50,47,113,94,118,133,235,168,101,155,53,56,206,129,120,130,57,47,48,252,50,73,251,203,163,219,77,83,88,100,103,140,247,199,26,49,143,37,138,101,187,177,227,93,236,31,153,60,77,251,8,244,27,145,71,53,82,236,53,108,174,217,109,198,251,223,69,41,136,84,232,53,50,78,23,169,200,166,192,78,253,132,222,207,158,175,170,190,157,166,218,119,137,250,76,65,226,179,141,30,26,34,4,244,18,141,87,174,134,85,124,245,139,103,74,228,60,23,168,177,183,224,77,222,118,120,250,71,75,178,38,224,215,91,150,171,173,167,184,133,32,79,192,123,112,133,112,153,3,228,66,42,96,211,94,208,42,133,104,98,209,107,114,193,99,203,116,158,3,227,17,201,141,253,50,85,203,137,40,83,159,18,142,0,2,237,5,111,180,205,81,201,123,81,135,107,176,212,134,212,241,220,26,96,143,0,174,165,11,193,155,231,7,126,116,106,202,126,80,159,19,172,225,137,49,115,171,0,237,41,103,193,156,225,24,67,50,214,127,123,122,94,209,91,72,231,37,97,195,42,115,104,165,139,101,211,116,149,36,139,64,245,220,247,23,38,142,76,4,191,175,191,27,108,151,11,196,53,113,71,248,235,66,38,123,135,72,185,185,213,254,3,229,247,0,149,1,199,164,2,177,223,136,68,7,165,223,51,69,53,80,230,38,127,108,143,41,99,213,84,214,81,241,42,108,183,181,175,208,152,49,104,198,173,209,96,206,157,34,159,33,152,9,182,178,210,145,59,82,190,51,22,107,109,104,119,74,207,140,62,37,73,227,235,46,11,80,205,21,22,55,17,58,195,183,145,144,167,85,204,161,212,81,228,82,19,188,216,123,108,149,62,83,17,215,121,104,155,2,224,95,207,133,41,82,247,175,44,161,195,15,121,91,100,70,103,55,10,146,249,194,104,118,77,5,183,236,20,38,195,215,15,16,34,18,170,204,164,160,14,198,140,80,233,46,13,164,24,154,164,119,112,88,235,94,183,207,124,80,145,20,150,42,84,182,228,25,187,169,208,31,149,41,108,246,47,200,98,174,227,236,174,178,101,38,8,159,144,193,189,127,199,2,68,241,4,172,217,117,141,46,77,0,213,89,213,130,78,236,14,141,39,104,207,130,78,238,30,121,108,155,45,76,238,9,199,159,10,210,60,185,132,34,74,23,135,70,145,185,130,40,54,88,218,81,196,113,63,49,50,71,117,240,149,8,107,169,201,2,10,60,121,12,201,161,7,171,220,41,15,248,244,247,214,130,64,30,224,176,92,126,69,203,76,138,225,128,81,3,241,19,186,187,203,133,108,181,198,172,244,10,226,87,227,84,233,65,61,47,113,155,22,186,190,171,1,253,239,52,179,186,188,207,125,109,166,224,67,53,78,218,77,98,41,235,6,112,154,245,126,152,132,127,26,159,27,137,243,15,146,24,120,195,35,131,113,79,30,59,60,69,10,111,155,239,2,171,4,105,145,86,237,58,44,11,200,102,157,232,72,20,136,69,122,224,197,121,24,162,223,194,203,235,71,169,200,145,25,162,226,158,234,82,226,188,3,22,80,77,107,55,58,249,108,40,54,13,134,104,170,224,25,114,60,56,28,171,213,77,143,7,199,31,177,194,232,192,172,246,8,167,231,7,117,199,137,56,19,204,97,189,6,65,170,148,5,140,10,81,141,123,97,213,128,107,162,21,206,140,65,54,104,201,137,93,248,30,136,98,225,154,3,218,105,206,145,50,88,202,136,105,179,169,2,207,92,97,145,40,254,22,132,122,11,158,2,149,133,54,59,138,180,81,160,223,252,184,70,173,28,131,123,128,101,196,165,253,243,51,93,203,145,66,56,58,67,37,125,116,173,226,61,61,63,138,52,73,29,173,254,234,43,99,213,109,123,141,46,65,178,159,255,121,165,215,134,255,231,77,178,35,9,73,251,183,207,179,186,197,153,253,147,255,191,153,186,161,245,31,163,235,21,168,221,63,25,160,242,255,222,57,65,68,46,109,176,216,78,244,43,119,146,65,39,92,190,122,254,180,146,249,2,188,203,118,106,56,11,186,72,57,29,162,111,103,142,43,85,245,16,202,125,56,245,7,171,235,54,61,12,196,127,94,183,178,248,246,37,138,98,208,110,148,75,25,182,207,100,185,213,110,121,148,24,130,240,228,48,229,96,166,33,35,15,177,173,206,106,206,99,174,237,43,84,217,91,195,143,42,114,145,32,113,129,93,215,99,213,130,104,138,97,179,178,95,152,20,59,96,169,14,85,197,154,253,247,227,155,232,10,100,177,195,245,131,252,203,148,71,215,145,162,135,26,96,144,76,254,227,14,147,216,101,136,50,18,184,146,184,163,224,193,36,43,235,236,234,241,40,105,162,209,73,182,210,97,217,79,223,88,209,117,56,68,237,251,117,104,169,211,24,140,67,32,88,79,137,135,60,22,181,177,110,163,207,93,145,57,16,61,19,142,181,71,217,119,142,34,102,103,183,146,21,105,179,161,138,46,63,162,129,58,111,119,124,122,126,11,174,190,184,163,244,157,27,122,110,26,8,85,174,163,198,105,167,225,95,214,92,227,46,221,212,49,28,91,232,41,98,146,6,128,110,112,116,255,127,15,100,97,92,91,30,28,151,55,72,232,34,86,137,140,56,45,53,101,149,30,226,172,105,89,182,120,69,160,158,71,251,3,239,39,110,172,3,245,3,238,51,80,244,28,175,226,62,61,74,105,151,30,154,36,135,80,253,219,82,10,208,75,229,173,116,49,254,145,201,3,3,136,74,34,52,159,148,166,228,252,253,47,80,228,17,157,7,241,48,117,147,49,68,8,212,139,101,214,118,160,243,252,230,30,127,123,133,70,3,222,59,37,104,175,196,134,66,33,163,4,250,237,7,196,171,244,247,240,23,142,45,79,250,229,36,103,175,237,36,143,46,82,4,199,135,101,166,229,38,116,117,114,142,87,233,254,203,252,136,243,184,99,83,101,202,248,204,93,190,155,33,140,87,215,23,33,134,80,253,193,194,254,155,154,241,1,188,111,142,198,6,71,226,34,83,48,80,208,108,133,238,163,198,91,156,26,109,125,229,206,36,39,23,56,182,216,219,91,214,61,25,139,238,25,182,139,230,48,106,138,18,215,78,3,250,8,242,41,131,78,242,44,115,177,234,62,23,159,33,138,29,109,20,63,208,34,37,15,51,109,45,66,66,43,130,84,144,56,23,139,31,177,200,164,4,199,130,98,175,203,119,133,67,27,173,230,8,173,85,125,21,82,150,186,47,109,13,163,11,191,185,110,16,205,146,60,229,79,0,187,147,163,146,214,15,96,94,69,59,207,86,232,18,181,167,79,217,134,70,144,134,142,233,128,209,5,208,103,202,143,24,196,184,210,86,242,218,242,122,190,204,88,190,35,19,83,154,190,67,149,28,133,109,186,225,93,199,131,114,169,17,201,119,108,111,30,85,176,158,34,125,104,127,63,213,109,83,139,18,28,22,145,231,123,165,142,193,135,38,187,70,26,174,225,27,137,32,42,168,231,32,90,248,223,66,116,244,143,229,17,102,124,251,141,121,101,196,166,245,37,143,57,81,248,255,3,232,46,117,232,26,152,60,74,5,221,59,51,103,184,115,44,48,194,34,110,81,62,92,102,55,38,59,90,131,92,239,206,208,1,96,182,133,98,255,224,53,27,124,90,205,153,46,112,172,228,44,79,253,10,219,103,207,150,16,162,237,30,167,248,22,152,10,207,155,42,134,121,132,75,254,15,205,157,54,77,236,16,170,214,102,194,181,239,58,65,25,137,76,14,209,154,58,61,28,130,85,207,102,186,221,115,159,36,114,126,114,181,236,54,89,200,122,101,182,217,96,213,102,206,131,17,82,188,29,19,155,202,210,159,157,148,15,128,138,240,30,151,23,173,208,121,75,90,98,60,34,66,44,161,250,231,5,191,145,43,144,92,223,79,239,18,218,125,122,122,101,165,231,52,104,181,228,46,77,20,207,141,74,17,169,220,102,215,118,141,66,12,177,198,124,94,209,142,85,9,217,107,149,27,175,241,51,90,232,27,130,77,0,3,229,85,225,58,41,119,137,58,41,108,143,41,91,223,74,246,241,223,208,64,239,224,76,181,100,135,187,57,41,30,213,150,184,65,7,151,52,185,139,34,112,134,98,202,158,2,152,157,16,176,220,34,158,106,87,102,141,47,51,12,183,76,117,251,198,117,88,33,125,72,6,185,132,116,145,231,207,70,127,235,18,100,5,5,107,41,79,191,189,45,101,184,152,7,194,75,2,251,189,81,238,49,53,15,225,54,81,253,3,250,252,233,30,154,34,149,69,24,137,74,35,134,9,104,123,225,200,125,34,202,183,87,100,159,208,151,185,151,37,93,214,70,115,97,161,120,18,86,144,221,231,134,218,31,81,186,203,129,91,166,204,47,97,150,234,73,151,253,156,6,127,69,101,0,119,134,104,180,164,240,238,194,224,62,25,111,183,160,255,63,147,178,125,74,188,120,7,107,223,51,91,236,58,55,86,5,218,86,246,34,141,61,66,68,47,88,240,55,172,205,124,136,114,148,42,112,129,97,221,85,188,119,160,146,12,109,148,212,70,84,15,101,182,224,249,78,135,205,111,90,228,123,109,140,23,137,68,69,53,53,55,65,17,165,233,47,68,8,193,151,59,66,15,168,240,6,198,131,93,186,166,232,26,154,42,129,127,125,122,104,160,24,183,222,98,203,113,131,82,216,76,3,237,44,116,150,46,82,221,80,6,226,83,252,253,220,61,29,138,81,244,13,188,204,138,28,88,0,116,103,93,196,69,242,79,26,62,52,85,221,91,199,148,249,79,133,211,92,148,54,132,82,222,33,108,139,50,86,8,240,40,124,131,78,242,53,105,188,192,182,176,194,143,57,84,241,46,82,217,80,25,191,184,215,102,165,228,64,72,50,94,227,64,17,160,245,10,233,52,105,159,241,9,236,48,69,8,208,100,170,217,94,183,174,202,129,108,163,5,207,113,129,101,203,157,42,124,136,63,29,163,20,197,173,246,241,1,177,89,164,193,106,174,176,156,51,216,57,231,39,28,108,225,88,76,208,82,224,55,80,2,246,249,179,78,254,231,57,13,223,169,155,155,237,15,146,238,20,54,182,57,12,163,207,191,189,198,161,2,206,46,116,145,6,154,57,199,111,71,7,123,79,56,81,112,157,17,141,41,91,127,102,208,63,203,128,123,87,170,16,164,254,10,237,58,70,26,139,59,83,20,200,158,15,164,247,25,162,211,51,109,42,67,201,127,19,136,141,106,71,164,241,236,18,158,51,65,59,92,249,24,178,192,146,50,104,213,143,85,245,244,9,227,68,239,223,106,51,40,27,139,240,242,81,23,59,18,179,178,214,69,116,93,173,85,123,26,68,192,61,131,228,1,170,177,231,44,91,167,200,59,61,14,222,39,23,153,217,214,194,231,143,12,201,162,3,140,76,37,111,84,209,105,129,208,148,254,203,252,136,243,185,97,91,74,52,42,95,29,249,130,14,151,214,44,235,190,231,27,163,14,220,81,5,233,49,80,7,246,36,119,146,87,1,226,80,8,211,107,181,221,103,175,233,56,73,9,220,102,197,150,53,92,230,49,102,217,121,120,143,75,10,197,166,2,229,53,86,246,21,164,11,216,104,174,238,47,103,174,236,48,97,193,181,218,97,195,175,238,50,79,9,226,178,188,175,234,68,50,77,4,200,131,80,12,221,94,226,76,242,254,239,48,115,157,33,131,72,253,25,73,144,14,172,188,111,143,196,13,52,27,119,83,31,87,182,155,250,253,190,188,54,75,27,83,4,100,191,176,167,9,86,236,46,60,11,150,160,6,196,54,16,60,250,191,113,156,242,50,45,7,200,76,126,203,189,212,19,169,5,139,153,167,110,141,1,240,87,215,79,207,98,169,221,103,217,121,136,99,182,185,213,142,89,231,62,24,137,56,61,71,21,188,171,220,58,37,127,145,86,248,30,143,43,93,248,36,143,83,238,7,188,161,4,243,19,197,139,49,83,0,3,233,65,47,80,226,65,55,96,211,131,103,158,253,228,38,118,153,54,98,223,100,176,194,161,25,182,228,89,242,252,222,74,32,141,30,175,182,108,153,215,221,172,26,187,92,217,102,172,240,7,213,55,149,178,78,235,230,65,91,194,173,225,32,34,97,177,219,65,239,2,204,131,112,176,255,2,229,39,100,207,147,85,4,229,34,111,141,39,104,203,149,22,147,47,72,0,214,102,161,241,3,220,100,189,189,173,248,7,177,245,229,223,63,230,177,48,144,98,94,93,197,111,136,58,96,185,207,143,41,92,210,93,192,151,40,90,165,104,53,14,132,34,149,36,115,95,160,177,225,51,99,178,180,214,85,233,221,88,188,207,89,111,99,133,80,133,64,187,152,106,208,204,160,218,83,183,75,168,153,25,180,197,49,127,62,24,57,210,97,208,113,66,10,44,18,190,86,15,139,32,250,82,151,54,61,29,56,214,234,227,132,133,41,81,182,169,94,110,107,34,76,33,120,211,59,186,127,49,27,93,151,234,239,44,94,196,108,122,36,129,53,29,31,144,59,174,9,86,63,116,209,4,222,97,201,100,175,175,127,169,225,50,39,146,16,173,52,182,76,176,175,141,6,94,100,246,240,39,140,93,213,135,80,13,220,80,8,222,73,28,163,2,223,93,226,61,65,50,77,18,192,162,21,199,143,75,115,121,128,139,80,243,20,151,31,163,4,171,185,76,10,207,245,52,212,199,204,166,157,12,222,1,54,206,249,236,227,72,70,1,239,27,115,40,80,229,63,21,114,121,105,178,245,47,125,139,74,251,237,68,66,69,59,68,7,192,156,251,225,73,47,117,159,36,127,90,207,155,50,104,210,123,97,177,195,154,37,120,136,75,30,147,254,194,49,89,225,189,220,222,169,39,147,211,117,146,40,123,102,182,146,131,232,173,208,54,81,53,63,22,120,101,163,254,250,8,226,79,21,158,248,254,251,4,237,48,116,119,112,194,117,115,40,5,200,155,16,101,161,103,97,209,29,139,76,10,220,76,248,230,41,133,119,163,15,197,143,45,121,156,54,84,238,8,186,166,245,35,131,118,82,117,78,196,98,136,22,109,102,186,138,29,31,145,57,181,244,149,131,153,46,202,87,190,155,4,230,62,64,28,74,136,79,244,18,129,128,197,106,132,206,212,18,198,142,42,15,82,119,60,134,110,164,202,92,97,203,140,189,220,221,171,33,151,157,22,166,206,102,166,158,8,233,241,179,201,160,232,248,38,106,191,175,200,126,109,142,44,82,242,252,241,44,105,123,75,150,44,106,35,169,118,223,132,108,34,156,38,74,138,99,214,119,131,50,209,115,136,85,194,7,174,181,199,150,215,123,125,64,252,131,102,188,46,137,213,196,214,138,243,253,19,144,149,250,244,214,237,195,73,8,229,49,202,14,131,38,61,247,203,79,194,166,196,111,40,117,141,185,232,185,22,224,94,86,233,50,49,151,165,254,1,161,27,29,145,56,15,210,254,246,15,155,239,235,161,3,204,48,111,159,219,42,247,7,215,218,131,231,141,122,158,183,177,247,249,166,241,47,13,231,33,142,68,38,135,104,165,233,54,78,9,219,99,168,236,60,58,10,156,161,11,204,252,31,21,5,20,208,31,120,162,231,176,214,95,209,67,58,150,245,235,230,25,13,96,150,161,207,154,14,35,151,41,60,7,96,204,137,198,191,51,168,42,147,204,20,160,223,56,44,137,63,74,39,97,180,202,118,118,120,134,63,39,138,80,198,106,57,65,40,231,94,87,62,105,206,21,132,93,179,211,78,91,170,199,6,104,84,149,204,26,29,167,249,217,128,129,119,105,184,135,235,142,129,131,46,50,224,77,4,85,20,53,165,50,68,8,206,143,86,248,8,213,87,210,132,121,143,70,39,94,183,142,194,104,120,72,216,39,56,7,217,45,52,219,93,215,221,125,250,84,39,144,212,118,159,15,119,7,214,109,137,34,186,56,64,38,107,126,81,190,211,93,228,49,58,70,5,217,21,143,28,153,248,37,150,24,37,6,182,166,131,70,181,93,56,94,158,225,210,118,137,196,198,32,227,118,127,110,164,64,32,244,215,61,30,124,127,114,164,240,221,4,217,52,78,13,186,150,39,87,215,75,246,51,84,238,122,95,171,241,248,244,168,187,60,251,190,117,78,196,99,134,92,162,212,251,253,245,130,142,200,235,97,226,222,86,254,241,213,248,215,65,49,4,19,45,98,193,153,244,240,226,102,164,15,174,194,174,206,127,34,104,146,56,26,190,201,128,236,177,181,167,127,82,146,199,249,27,104,133,232,52,80,113,193,46,183,251,239,29,149,111,149,149,244,229,40,94,218,99,211,99,133,13,189,136,83,255,227,27,152,2,213,80,229,95,177,198,177,249,27,183,208,110,144,82,22,194,195,168,218,69,5,215,122,127,212,83,210,126,81,234,196,102,57,3,166,189,118,75,205,72,40,112,129,125,135,93,129,106,123,76,148,50,85,98,237,170,68,51,212,52,20,116,152,3,212,232,180,148,243,213,125,107,156,228,18,91,221,253,95,105,140,197,60,31,70,29,105,46,188,144,83,203,23,105,116,132,234,19,67,0,49,123,205,160,230,44,183,43,235,211,72,194,102,60,202,194,138,86,240,106,148,48,128,132,86,231,31,130,86,205,108,163,14,207,160,40,122,105,157,33,153,64,52,85,212,86,211,103,186,183,200,156,145,51,72,21,121,138,129,80,4,221,47,222,172,25,132,82,21,179,188,162,2,208,105,161,31,153,7,192,154,4,222,102,190,183,203,136,63,31,163,7,222,92,212,86,211,98,183,228,92,243,38,143,41,87,232,82,16,212,124,139,48,66,16,225,241,152,247,240,238,219,77,140,181,57,11,168,194,213,53,22,65,241,152,231,250,191,188,172,219,40,70,193,171,147,188,160,226,70,5,117,49,38,210,55,38,209,79,24,125,0,176,160,1,114,123,11,169,54,109,245,38,84,226,150,143,191,85,194,85,175,100,84,37,106,203,220,60,53,103,188,174,223,56,56,53,46,77,13,198,130,84,247,241,6,199,157,15,166,225,50,75,17,181,211,154,200,20,130,80,207,55,57,199,3,82,193,132,44,155,247,234,11,180,106,211,26,29,102,164,212,40,102,65,150,150,243,239,234,109,181,208,14,138,205,71,217,36,131,12,51,237,255,109,69,6,144,61,8,63,71,175,229,82,245,193,40,138,95,219,87,163,27,17,169,209,78,190,229,182,198,148,33,92,183,143,96,181,221,69,252,0,216,98,121,100,156,24,110,119,30,132,73,101,51,237,250,6,241,219,182,255,97,172,248,21,180,217,56,41,79,6,185,177,112,99,44,231,249,196,97,214,95,193,117,94,121,129,54,81,24,183,183,166,129,74,103,220,49,87,129,66,203,118,95,126,193,205,92,219,25,173,224,32,2,105,50,26,98,137,81,208,104,21,114,133,214,196,42,250,200,192,132,125,110,146,241,142,149,109,244,231,50,219,221,236,13,115,119,89,0,213,123,105,145,64,23,165,178,240,201,6,54,226,53,168,87,39,63,175,162,200,86,171,174,165,192,188,174,212,61,5,130,123,137,33,226,243,134,181,102,169,74,114,220,120,56,68,3,198,39,117,149,65,28,80,26,149,169,114,90,162,202,81,187,126,52,91,192,65,63,63,255,36,190,50,86,249,184,228,244,16,158,243,157,18,190,199,139,4,254,232,210,143,214,110,182,202,66,164,20,194,179,209,56,58,79,0,163,25,176,172,30,207,253,245,26,85,16,113,152,8,183,83,238,40,136,69,212,140,64,203,170,154,34,137,35,29,171,240,251,220,239,159,210,57,3,166,188,123,60,250,191,112,93,214,56,75,42,130,86,202,22,137,186,44,121,143,68,203,159,17,146,54,231,17,94,190,135,7,55,159,188,43,198,51,65,130,202,211,143,224,79,2,214,114,130,99,139,94,211,75,14,128,120,126,68,151,223,166,211,150,23,29,223,131,10,30,247,147,39,84,13,104,184,201,129,112,137,80,196,178,215,53,36,250,217,87,201,54,49,86,233,254,94,94,8,183,142,193,107,109,104,119,74,208,61,247,200,85,176,234,34,121,78,212,21,181,162,172,251,3,182,114,239,205,250,89,121,111,250,99,9,226,186,153,245,255,202,98,110,214,229,57,58,47,52,47,36,160,246,24,147,18,189,163,2,156,252,190,51,22,109,103,122,65,237,233,245,208,62,245,207,65,237,232,63,20,69,29,67,152,126,11,186,23,11,16,220,12,199,123,93,96,202,151,61,37,43,106,134,93,131,153,96,76,8,226,253,23,93,214,77,230,196,156,32,162,247,181,203,99,197,60,75,139,58,205,157,28,118,104,95,207,77,10,238,53,59,25,40,83,91,58,19,131,92,218,11,222,90,179,120,185,56,53,74,232,48,85,221,41,80,195,134,56,76,232,37,244,144,255,178,153,226,7,154,225,11,142,6,158,26,125,101,84,183,71,216,37,63,242,215,40,54,81,216,84,105,48,29,88,166,1,201,129,0,180,81,187,125,54,74,218,60,240,9,107,81,127,190,36,77,197,15,217,58,60,216,74,140,162,126,35,102,55,93,95,203,146,76,232,168,208,78,244,235,1,146,106,41,111,153,18,138,44,46,130,80,12,184,163,9,189,177,140,98,157,9,110,184,174,213,83,194,226,47,67,240,214,20,119,8,150,236,233,244,211,54,14,206,101,82,5,215,105,111,161,216,105,207,146,38,89,103,151,116,165,3,194,133,11,225,72,250,16,208,131,16,195,131,84,106,48,32,79,193,108,106,112,96,219,80,240,233,1,143,86,247,215,191,133,82,146,74,247,250,228,15,251,230,31,94,139,248,37,48,92,187,156,164,253,251,16,174,154,61,45,224,204,73,211,54,13,135,24,101,199,121,21,197,172,182,1,41,241,25,174,152,68,212,111,131,68,170,233,56,88,213,36,157,11,106,201,42,114,171,236,230,211,120,142,31,125,83,242,211,132,97,130,124,135,39,174,33,7,216,115,75,45,24,163,231,25,44,101,198,177,204,63,76,255,142,98,114,153,37,81,146,75,17,152,3,121,2,167,184,135,25,99,134,28,90,161,204,74,28,140,57,14,148,213,115,61,141,27,144,217,118,115,135,61,3,30,124,93,165,184,113,181,111,163,8,196,167,227,65,225,114,112,154,184,155,192,153,247,184,242,150,236,234,239,225,11,142,5,160,206,67,229,61,13,234,27,17,4,20,88,51,185,77,249,223,108,72,22,175,208,132,76,5,165,76,142,186,170,170,244,75,251,226,20,201,105,180,141,80,247,219,209,32,176,85,11,105,125,70,7,118,177,177,218,29,162,2,185,56,237,75,133,122,20,138,54,74,243,222,122,26,196,23,203,98,201,78,15,186,144,178,126,150,165,27,58,11,156,5,124,158,232,53,11,214,101,144,178,127,149,167,18,75,230,35,132,69,230,96,104,218,213,52,207,64,237,230,252,188,123,60,64,13,182,65,168,181,142,4,230,26,142,216,73,216,205,4,162,200,85,188,176,198,158,234,34,109,93,85,176,157,215,116,132,81,197,110,73,18,95,94,188,102,161,184,124,235,173,197,222,222,82,5,221,42,95,160,171,37,110,138,29,173,189,167,71,123,250,165,209,39,56,200,38,174,206,156,22,162,13,209,132,88,233,58,80,242,29,164,24,155,32,146,135,60,49,101,209,137,74,15,164,249,22,173,142,207,104,98,176,140,254,100,65,252,22,79,247,27,72,97,79,119,114,82,253,47,80,228,14,164,239,57,100,224,95,209,100,166,247,33,171,9,228,63,22,146,37,96,179,208,139,82,18,212,120,118,113,150,55,80,25,191,181,180,182,179,199,155,21,177,200,119,119,157,28,177,241,24,143,39,118,161,16,212,138,78,234,21,148,37,128,103,184,179,182,183,212,142,101,217,103,168,223,92,245,47,125,119,108,142,43,95,213,104,180,200,167,247,175,108,146,228,40,37,54,189,53,30,159,136,105,190,174,205,95,213,77,195,72,13,219,9,15,61,54,89,153,46,219,111,171,230,36,91,227,34,69,195,155,47,253,25,247,135,24,103,121,129,16,74,246,182,178,133,19,37,0,191,189,31,88,186,169,218,102,189,196,143,0,155,20,131,99,206,118,98,196,128,90,194,145,91,195,159,28,155,32,149,48,79,232,50,100,194,170,248,5,194,157,40,118,49,230,35,48,68,207,55,184,68,243,43,242,245,41,117,163,241,186,186,144,30,104,214,75,242,21,196,168,8,198,129,105,200,160,34,107,146,32,130,105,170,254,6,221,254,127,88,145,34,52,8,71,151,248,31,35,91,217,65,42,73,105,138,113,134,209,196,212,24,244,116,27,142,251,124,58,255,178,229,51,68,237,247,173,230,233,174,120,113,106,202,5,122,21,141,196,4,36,12,199,167,245,223,61,5,125,176,204,111,110,188,145,42,189,27,26,69,241,199,90,99,88,26,135,107,164,14,212,114,143,78,25,173,222,97,221,78,20,197,151,58,86,227,79,20,187,177,232,77,254,3,234,38,136,90,216,121,154,25,182,50,58,58,93,234,38,123,97,194,186,190,96,74,165,235,253,16,51,239,183,167,118,222,109,55,15,144,19,160,0,159,94,89,89,202,68,89,209,97,151,10,176,194,162,23,180,215,88,203,135,104,196,165,227,42,87,224,94,209,138,59,34,130,115,157,55,97,228,49,65,39,134,102,220,115,164,231,30,88,99,134,29,87,233,225,201,40,96,157,48,211,16,83,209,247,92,235,179,212,113,144,91,217,96,202,96,147,164,240,0,209,115,130,69,29,111,220,216,102,199,78,21,54,74,15,183,230,55,71,23,120,74,128,93,187,161,1,215,71,25,110,176,76,231,56,70,254,198,172,232,225,200,43,88,182,230,177,118,34,100,62,134,122,41,115,159,251,156,19,133,65,254,47,223,81,8,138,110,77,6,230,40,20,172,188,155,226,94,89,190,207,132,118,121,35,127,67,5,175,241,26,77,132,245,248,213,137,200,48,244,240,153,117,169,132,57,64,13,198,116,233,218,237,14,112,133,14,123,239,161,183,72,214,44,44,106,121,115,138,94,213,98,24,44,120,49,114,62,191,152,208,101,109,92,76,139,28,133,67,34,155,40,139,95,205,113,136,106,187,212,139,77,235,20,157,252,245,25,168,4,231,71,7,190,176,232,58,81,8,232,25,137,62,36,160,16,165,231,49,64,23,144,54,48,69,10,176,204,159,47,122,147,50,72,2,253,20,202,161,3,200,122,102,176,225,69,31,87,104,117,79,194,181,195,148,251,205,44,105,137,112,161,243,13,187,194,105,210,87,205,127,122,144,75,37,124,105,152,31,152,54,91,245,8,187,161,241,18,197,155,55,89,238,24,151,242,231,220,96,180,223,63,14,201,125,115,63,47,46,92,177,125,242,120,20,24,67,244,243,240,30,104,210,122,102,179,200,156,220,177,177,247,10,183,193,158,25,82,226,41,100,212,87,209,115,122,106,153,30,121,104,157,10,215,100,214,125,138,74,243,39,138,85,153,34,92,246,14,172,228,55,78,169,247,229,44,224,183,72,213,46,36,130,14,74,246,226,69,8,107,78,208,228,91,116,147,72,21,97,70,48,111,174,225,8,237,156,8,180,166,185,245,135,86,229,45,57,33,78,35,108,182,185,160,18,162,2,155,255,182,76,204,75,204,73,211,52,18,183,149,4,92,177,206,101,100,170,235,41,61,159,154,85,209,113,171,235,210,3,204,55,48,10,134,206,4,177,250,170,221,89,191,132,75,184,42,105,179,144,61,221,226,47,14,171,154,214,221,214,61,87,149,28,156,246,221,63,170,110,101,127,50,25,100,131,36,129,24,61,253,89,93,190,97,13,239,176,92,183,135,121,46,82,250,220,43,86,153,120,43,249,234,219,67,211,41,226,200,102,220,6,202,146,22,127,90,138,96,204,87,167,16,66,251,161,247,172,190,235,77,178,199,155,249,214,87,151,128,19,65,19,98,175,141,252,106,48,45,136,2,213,112,122,83,223,203,12,139,13,135,25,98,136,22,172,145,195,139,33,137,59,209,29,97,46,131,7,193,198,118,227,235,185,171,151,15,111,86,93,86,188,217,15,176,225,42,67,14,84,242,232,35,17,187,149,30,224,177,90,133,48,10,144,190,69,82,220,107,14,169,234,56,89,251,244,17,151,57,68,218,97,163,245,93,58,190,91,176,138,17,61,199,204,109,175,246,95,179,202,150,59,78,249,3,171,107,111,99,134,96,170,222,232,251,101,61,248,199,88,242,11,190,128,62,216,108,144,75,251,219,98,177,213,24,164,217,109,73,146,186,119,167,62,74,216,85,194,71,252,126,79,140,15,62,243,213,47,32,78,198,93,227,57,52,28,106,84,242,227,65,39,111,105,67,203,96,89,138,80,174,211,240,116,95,209,138,74,182,207,156,10,133,63,31,94,56,93,125,3,204,52,55,246,194,23,39,71,60,3,213,67,196,131,234,12,89,208,99,194,195,197,185,218,114,128,93,242,54,103,209,137,54,51,121,41,240,238,12,155,210,103,62,160,122,71,243,224,135,86,254,245,226,225,83,115,149,58,244,33,13,195,164,205,153,167,250,4,186,144,7,79,251,230,209,63,175,160,205,72,214,43,46,37,127,60,55,71,16,135,234,213,65,183,111,161,186,174,80,28,61,45,124,39,197,35,249,234,232,58,121,115,122,76,234,26,171,13,235,77,13,176,195,157,36,165,37,158,21,148,26,146,39,99,204,143,41,94,209,97,181,184,202,142,41,90,206,101,163,0,252,254,4,4,241,4,206,144,67,51,120,149,19,155,5,216,119,134,109,146,29,146,74,42,137,95,216,79,238,56,96,231,75,23,141,44,97,220,88,177,214,104,173,178,105,88,185,80,165,253,165,236,150,66,172,199,179,214,126,95,111,154,241,252,204,224,28,145,16,96,75,109,53,179,114,103,154,21,191,194,163,232,72,39,126,31,145,8,209,120,126,62,197,68,243,161,178,215,25,147,128,237,231,249,195,170,205,116,7,65,170,175,160,206,144,49,75,216,52,245,22,147,66,22,137,88,209,119,51,84,200,151,150,114,157,250,248,236,223,250,24,123,148,8,105,177,110,47,32,209,127,107,90,4,144,214,79,219,68,242,78,50,1,132,177,253,158,136,11,196,141,206,18,162,156,61,14,186,62,240,144,7,117,98,68,11,141,63,247,136,23,104,119,74,208,62,245,26,147,38,70,236,206,131,57,68,218,63,215,108,127,212,222,176,238,100,3,111,157,35,130,58,45,52,239,90,206,106,125,142,29,137,162,108,39,31,100,111,96,80,144,115,122,138,87,229,60,78,250,12,222,101,184,204,127,124,139,156,254,233,53,85,253,236,41,86,227,87,232,13,201,75,234,211,119,93,57,176,59,79,51,113,61,44,126,34,213,242,141,46,29,156,83,228,39,69,254,211,96,223,101,201,179,231,35,105,172,248,24,177,248,18,156,253,220,79,9,205,143,50,70,252,225,69,46,134,115,170,9,194,142,60,73,51,109,190,182,176,195,139,65,47,91,224,57,40,112,165,4,240,45,122,112,131,95,217,105,195,181,221,59,36,110,145,84,4,201,122,120,108,147,33,153,35,104,153,233,177,155,222,20,114,89,164,194,167,205,134,20,145,222,86,192,16,42,205,153,84,254,91,164,214,83,221,94,216,116,127,49,10,201,101,187,198,141,29,145,25,145,28,129,137,52,65,69,59,86,0,239,10,180,207,154,60,83,9,207,100,166,225,68,59,61,92,236,42,70,27,85,206,40,120,92,59,170,78,21,225,97,80,217,126,119,157,4,130,98,154,0,192,3,177,210,78,164,125,215,247,109,66,248,232,43,126,115,106,178,145,27,66,41,73,118,250,93,233,101,219,240,245,11,170,239,250,86,148,191,152,211,92,134,17,44,232,227,195,100,130,40,53,15,128,47,110,151,27,105,131,8,212,71,24,49,173,69,152,9,78,90,172,234,64,42,23,171,6,204,63,16,170,187,32,164,214,108,99,164,165,2,191,20,30,240,46,146,91,177,243,235,190,177,111,42,44,171,240,24,83,227,43,104,196,171,3,0,248,240,9,224,85,5,251,5,195,141,106,87,103,138,56,22,98,183,77,114,2,175,188,133,156,41,118,32,152,163,4,238,217,115,21,169,241,230,76,141,72,26,121,83,191,37,119,114,45,93,233,50,45,104,66,122,222,203,110,18,214,13,188,204,54,151,172,96,182,133,99,254,227,42,62,22,142,42,110,190,193,191,186,210,97,187,216,113,174,238,55,44,77,238,26,170,236,51,65,16,184,211,136,98,201,145,43,82,241,41,133,106,177,212,85,215,86,205,107,172,0,245,39,137,95,186,176,243,29,175,240,40,91,194,143,56,80,249,12,181,179,205,143,75,26,169,242,7,191,170,247,18,198,172,242,252,222,27,29,89,164,193,108,107,110,100,207,117,129,55,26,69,30,94,202,125,10,68,178,183,213,43,131,227,54,29,215,241,24,179,209,76,246,219,251,53,64,22,122,150,2,216,178,59,187,98,155,202,78,133,240,82,223,102,208,120,156,37,124,151,49,86,3,224,68,43,107,169,12,214,106,205,223,51,75,27,171,226,72,250,245,31,144,6,209,104,71,139,221,54,88,163,28,24,152,232,80,155,1,177,168,204,112,151,17,141,40,97,109,143,94,172,64,219,245,244,235,19,133,151,86,149,203,211,133,94,138,79,216,86,56,168,116,56,23,84,177,92,107,224,125,89,215,110,176,245,5,219,83,7,217,44,96,186,80,114,41,79,12,134,114,20,164,196,192,79,232,83,206,217,10,69,213,102,165,134,235,25,45,117,142,250,0,196,147,131,199,22,80,209,40,54,206,22,223,127,84,231,65,45,93,212,56,196,97,139,12,137,20,114,87,233,253,238,16,80,114,40,83,1,167,15,63,35,71,41,244,12,201,109,228,193,171,249,185,210,248,0,236,245,33,14,196,166,214,60,251,14,196,106,166,233,196,23,59,28,166,184,221,213,98,137,114,58,41,145,44,13,188,206,48,125,101,205,145,89,250,255,224,59,73,30,174,251,17,159,6,237,37,73,10,189,74,133,240,250,10,141,92,87,219,30,179,119,111,189,150,165,250,244,17,132,119,223,248,132,50,62,4,151,22,47,205,243,220,53,27,220,90,198,183,110,34,71,218,32,77,198,92,153,33,84,232,34,25,24,55,38,136,20,200,20,164,196,187,89,199,94,161,226,47,91,197,113,125,81,116,138,67,37,73,42,197,68,160,223,56,24,94,196,38,230,167,193,133,41,169,238,55,75,223,247,26,159,218,86,218,240,144,207,94,223,15,215,230,47,35,145,162,205,90,201,123,129,109,179,195,83,109,161,254,243,222,107,3,138,206,86,213,65,224,60,190,32,250,199,115,95,2,194,137,47,72,188,202,144,8,205,117,33,254,132,63,59,250,22,42,99,135,101,51,84,235,253,217,76,171,227,89,163,157,11,219,56,7,249,226,45,100,217,126,125,123,101,173,255,12,213,114,124,95,182,195,182,202,128,237,230,251,189,120,70,219,29,151,241,17,168,135,206,22,139,89,159,40,244,5,160,44,13,190,201,65,120,9,73,251,182,210,177,202,120,84,209,91,199,159,32,155,52,88,213,87,240,43,123,149,46,74,246,243,9,219,88,237,19,149,20,173,249,28,169,23,194,153,9,205,152,63,64,83,10,180,181,180,197,164,252,1,216,81,14,210,95,184,190,153,11,181,199,126,91,200,132,119,130,77,239,26,133,72,2,243,26,133,68,24,184,197,105,168,227,213,225,218,61,66,230,82,118,127,51,112,60,58,67,21,181,184,192,118,217,230,178,194,99,202,192,146,61,49,49,237,254,217,98,170,179,181,180,207,149,61,81,7,195,147,73,33,166,7,190,156,6,188,158,15,210,132,129,139,95,186,172,250,13,226,78,15,166,224,51,78,24,166,11,145,185,132,36,67,228,2,168,183,199,99,188,166,140,188,75,235,57,1,2,101,177,156,38,241,4,179,171,216,7,191,205,113,53,32,15,176,189,202,103,21,131,53,70,26,75,29,150,246,2,214,253,106,63,15,205,69,55,199,139,15,222,244,248,34,125,1,89,207,99,169,234,27,122,127,73,79,126,115,163,188,218,2,206,161,0,120,245,253,218,69,24,148,16,188,133,117,24,125,94,122,0,175,160,206,69,222,21,111,159,218,86,216,247,123,14,162,19,116,170,110,149,239,46,216,83,224,81,217,213,80,250,206,98,184,148,3,227,83,203,249,18,195,168,159,33,137,28,146,38,12,62,198,122,138,12,223,205,121,67,64,191,133,89,192,171,197,245,228,65,226,40,27,159,231,156,135,183,218,159,33,138,36,157,42,123,92,224,15,83,88,36,154,232,44,88,120,250,143,29,163,195,187,59,49,28,135,74,47,103,159,249,251,226,49,74,26,131,73,9,228,65,245,252,237,55,74,2,58,197,173,148,74,217,89,207,17,47,242,244,29,83,11,73,5,159,253,228,82,246,242,255,235,21,154,9,203,113,131,83,214,91,246,18,203,174,245,249,231,55,97,210,139,112,173,204,110,138,67,39,114,154,13,168,224,90,251,2,240,33,117,116,137,96,235,50,95,218,69,3,203,132,109,163,17,167,223,73,30,178,246,45,125,104,156,18,196,192,203,173,242,253,220,30,17,123,62,244,209,59,254,179,225,62,36,78,213,21,175,169,198,50,40,229,149,149,192,106,178,138,8,45,19,70,248,211,228,23,88,157,123,6,89,36,153,235,35,114,40,233,194,134,104,115,173,102,175,159,51,251,121,83,220,43,36,113,29,1,86,181,171,184,3,242,37,132,91,196,58,4,95,144,253,183,139,14,131,38,125,65,32,122,16,48,238,0,250,189,204,6,206,68,49,220,74,237,57,67,249,169,37,248,1,228,49,46,64,242,53,53,91,202,109,173,209,119,60,28,118,138,28,111,27,118,126,84,151,16,184,195,113,6,102,240,255,231,74,15,149,76,32,124,248,140,35,93,93,184,96,92,58,88,175,179,107,124,233,137,185,82,178,215,25,75,0,232,59,62,115,136,206,126,103,184,153,122,38,248,215,82,203,68,15,68,141,180,155,246,214,151,240,233,2,198,153,59,28,118,146,22,155,179,154,158,212,49,27,93,152,231,250,255,185,185,175,113,15,81,215,117,77,30,16,177,157,39,250,241,248,24,140,221,88,243,235,93,80,250,249,244,229,28,95,238,10,220,71,247,15,170,234,226,42,75,11,162,39,142,49,218,231,20,140,210,90,120,22,14,220,35,88,124,75,126,203,243,164,189,183,122,41,102,183,208,129,169,231,178,208,114,151,251,83,155,153,243,251,207,56,52,215,213,219,36,91,167,53,92,232,59,54,51,64,14,159,23,136,69,180,151,166,188,123,62,244,209,58,255,249,228,214,108,128,100,65,231,170,185,94,167,118,115,86,220,109,170,205,99,88,100,130,39,57,5,160,206,69,224,14,133,31,145,3,219,73,163,119,25,128,122,61,78,130,91,171,33,5,195,146,219,97,199,143,35,143,87,217,214,70,237,24,128,65,234,209,92,189,163,211,32,165,214,92,39,221,212,22,127,29,86,110,53,130,83,26,183,190,183,209,138,70,33,153,45,92,223,91,46,71,15,203,155,28,143,65,17,178,10,71,20,171,222,39,85,179,243,253,3,211,83,249,236,36,53,49,33,10,145,251,189,119,72,214,44,43,46,37,63,240,222,19,116,159,4,209,70,236,207,131,12,234,71,226,63,29,40,234,192,140,85,172,255,111,148,244,50,250,231,86,193,255,216,116,148,193,193,129,91,43,208,251,162,219,8,149,176,111,214,84,11,226,67,71,130,76,0,246,12,193,169,220,126,75,254,65,142,196,72,232,228,2,104,71,77,52,54,66,46,108,181,196,161,238,9,202,161,22,143,212,116,120,125,204,83,235,26,50,204,25,128,121,65,67,163,247,202,173,136,62,81,183,220,93,179,177,133,96,152,27,139,224,194,55,37,137,15,215,229,50,25,192,78,235,72,238,126,253,251,218,80,117,13,136,23,105,116,82,185,130,40,53,14,131,106,141,54,225,17,58,1,172,169,179,150,237,232,58,28,137,202,14,133,33,77,200,86,172,170,2,227,39,137,100,199,66,38,69,21,156,171,97,90,188,198,89,249,129,93,116,17,124,58,0,242,244,1,98,47,223,16,126,51,97,191,161,213,62,217,98,144,26,50,210,41,60,162,126,246,153,175,213,33,254,3,189,168,66,138,205,45,58,237,231,187,78,55,47,114,157,20,206,129,104,209,127,109,199,175,215,109,165,249,28,178,212,142,65,40,148,56,65,73,115,120,125,128,124,132,88,227,45,140,34,120,212,212,239,197,113,72,214,236,186,243,249,9,216,116,137,91,230,56,60,70,42,110,155,38,145,80,245,24,183,44,79,248,13,215,128,100,190,155,66,0,222,163,105,48,3,184,113,91,94,100,245,242,33,160,36,121,144,76,2,244,27,151,57,57,81,18,180,230,50,93,213,101,201,156,18,195,173,222,93,214,98,213,146,75,2,240,43,120,125,131,120,124,128,110,153,42,113,143,72,29,147,70,17,192,170,229,74,111,132,86,245,41,130,93,212,90,3,189,167,71,123,251,161,220,5,158,149,193,222,55,78,16,211,105,186,207,132,88,236,53,76,0,244,31,152,29,159,29,147,42,118,154,42,100,201,160,9,204,163,22,161,15,206,154,20,186,210,134,82,255,253,244,8,221,102,192,162,15,209,136,75,20,194,247,236,33,147,60,57,58,63,104,120,6,158,213,46,112,146,42,59,11,113,154,237,244,99,29,183,68,145,198,43,105,200,124,236,58,23,152,115,248,133,5,178,132,32,15,81,45,82,25,176,212,120,150,66,30,155,40,120,124,126,129,125,108,175,233,62,40,124,135,185,168,236,53,100,182,199,127,148,10,193,247,107,43,19,135,4,161,141,215,156,253,254,253,1,227,81,13,208,117,155,45,103,176,234,65,50,79,11,222,92,208,139,96,36,103,175,228,72,28,143,65,18,218,55,57,143,164,127,23,124,38,61,186,82,42,88,2,239,30,184,221,77,11,211,134,81,0,245,18,173,234,47,93,205,140,80,2,220,94,218,176,195,156,27,147,51,61,89,185,178,36,229,188,96,160,185,129,236,186,242,251,5,234,62,44,117,162,26,151,51,106,196,153,45,121,135,84,86,207,118,145,65,49,82,248,238,70,243,6,42,212,239,197,114,69,222,214,255,38,95,215,116,148,39,130,122,126,105,190,208,145,48,104,204,218,68,22,183,231,59,51,85,39,58,191,114,88,166,7,203,126,63,255,149,45,51,86,228,224,210,14,171,206,142,245,142,46,161,233,164,18,144,48,172,76,136,251,208,41,51,215,249,53,48,98,202,144,52,88,242,38,113,159,31,165,245,21,188,200,138,86,249,13,189,188,196,174,218,102,195,168,236,48,112,182,192,181,226,167,221,77,18,194,158,17,163,42,72,6,42,210,245,179,167,166,188,58,208,177,190,184,205,146,46,107,196,182,193,181,225,76,0,244,36,223,53,69,39,125,117,135,90,200,185,155,13,20,23,40,27,113,72,212,243,167,43,80,9,239,44,96,211,117,138,71,33,149,66,32,149,50,176,193,159,20,181,212,104,179,187,224,37,112,237,139,203,50,41,31,81,125,8,8,184,203,141,70,20,187,200,165,247,17,194,178,205,142,81,11,196,170,250,10,198,163,15,204,128,117,156,45,94,220,103,25,134,82,255,254,239,23,167,223,115,108,154,110,7,88,140,29,68,224,207,19,233,23,179,232,66,33,154,38,118,155,29,143,78,3,221,102,192,165,13,27,127,106,202,164,248,5,24,102,57,4,162,200,163,248,246,215,57,231,56,235,171,200,150,26,1,14,99,190,197,106,207,97,186,219,112,169,241,12,187,216,117,152,50,62,25,136,72,22,165,219,198,27,92,153,226,85,227,54,23,121,39,127,88,242,5,188,192,153,31,59,59,20,211,90,75,165,17,181,78,84,131,112,54,99,154,28,31,253,75,147,52,209,212,148,8,231,44,95,36,1,239,175,3,144,189,53,220,76,157,3,153,232,179,149,240,221,23,105,115,87,247,254,229,8,166,161,11,164,242,118,84,241,180,145,63,11,176,101,136,189,250,88,147,179,82,133,81,144,42,25,178,215,30,147,9,228,53,66,124,251,1,168,110,137,74,20,183,209,130,102,170,213,103,190,187,198,163,1,206,156,124,249,195,100,129,42,47,33,77,20,164,243,225,27,64,44,64,73,226,198,115,1,135,217,241,179,173,204,6,27,38,123,139,74,226,54,26,62,108,154,5,172,0,196,145,136,185,66,205,90,141,7,91,109,218,67,50,120,141,60,68,52,102,179,223,90,224,68,43,121,136,76,17,197,251,225,63,54,87,235,35,132,71,14,212,114,111,189,135,216,60,167,151,170,126,12,162,238,146,84,148,38,143,236,118,16,51,61,240,35,189,165,230,11,175,211,148,59,36,108,164,231,34,113,152,9,187,175,207,105,183,211,128,121,148,28,127,105,184,205,150,74,19,154,8,194,145,73,42,113,165,5,205,114,167,18,185,205,138,52,57,48,61,37,149,50,63,25,156,255,219,74,31,146,29,123,100,186,212,112,175,167,120,69,222,20,115,85,174,164,2,190,208,77,134,52,192,77,137,224,232,16,164,111,174,76,210,78,238,12,207,132,111,143,3,148,41,70,26,168,231,15,187,155,10,177,195,196,134,86,252,23,189,209,137,68,8,207,145,87,251,24,177,191,168,8,212,73,47,49,220,49,199,54,204,24,64,8,187,41,136,218,59,87,237,59,39,25,159,227,37,81,80,201,137,39,27,25,2,116,246,167,200,119,127,129,106,137,112,109,39,80,106,78,133,238,188,147,25,15,218,241,240,26,125,118,102,19,92,101,166,168,221,5,147,164,130,21,45,40,56,8,151,233,243,213,123,112,141,16,141,236,40,27,2,117,113,27,13,140,181,169,187,76,167,147,150,131,50,87,247,3,139,80,25,146,236,7,197,106,20,202,103,213,62,180,168,97,105,54,220,244,234,21,27,194,126,110,42,220,174,105,178,88,62,31,122,144,91,229,82,6,197,132,91,235,73,25,179,225,48,69,65,209,247,216,78,213,36,113,31,252,100,139,40,64,107,188,186,82,2,101,191,189,108,185,69,27,156,230,78,136,88,233,11,156,227,187,183,176,114,142,86,235,210,221,229,32,14,51,27,11,168,192,62,207,28,237,69,193,161,31,63,127,246,130,80,184,202,200,135,64,251,223,50,60,58,93,226,106,189,159,2,4,237,73,32,115,122,102,177,224,72,23,148,34,166,26,189,196,179,191,149,46,131,132,129,121,145,31,119,117,127,143,83,218,71,17,160,247,243,15,164,234,30,132,123,133,68,9,204,111,139,54,82,252,222,55,13,69,223,16,126,54,13,135,26,173,218,81,197,111,68,33,83,231,10,47,4,233,37,80,145,232,119,17,184,212,112,112,138,29,53,136,69,6,171,6,180,194,245,114,22,81,204,53,14,70,172,28,130,127,115,145,93,237,27,161,19,201,137,86,240,39,115,168,254,232,56,76,22,160,17,190,188,174,231,62,60,55,109,191,174,6,66,13,191,188,201,155,19,179,186,181,224,77,209,109,122,224,240,35,118,93,106,78,35,39,96,234,9,40,77,247,87,77,134,1,188,102,122,0,128,161,56,42,102,196,173,228,56,66,30,166,250,201,135,43,205,42,118,125,72,169,145,72,143,84,254,194,34,154,48,106,172,182,67,30,136,85,193,8,170,190,171,235,166,124,60,252,187,124,59,254,181,206,78,248,218,193,80,5,209,76,156,183,215,209,65,1,212,88,235,48,106,159,192,37,120,121,129,52,103,16,101,60,12,179,167,174,209,254,93,66,240,248,209,172,196,130,67,14,109,185,194,113,141,25,3,137,89,212,65,188,86,248,125,119,130,58,35,111,66,28,172,168,143,51,99,160,206,162,232,30,150,46,108,170,217,74,9,214,111,170,239,6,192,149,34,142,61,25,32,78,196,99,133,32,79,194,168,190,167,204,234,212,119,122,81,142,225,105,87,224,98,116,222,215,222,60,242,27,213,95,182,152,6,193,163,12,217,106,183,203,118,117,151,55,81,5,226,44,81,230,27,131,94,216,110,178,245,17,170,214,100,199,161,27,186,190,153,9,187,180,221,83,1,217,68,10,213,122,147,66,53,63,25,167,3,248,21,184,171,210,94,201,156,20,186,172,220,118,135,63,24,159,246,244,253,1,239,6,193,162,24,166,198,143,19,21,81,1,222,36,21,76,36,32,143,68,18,191,156,21,119,212,244,134,68,220,95,0,209,128,105,137,229,23,143,62,23,109,135,64,40,123,135,117,150,42,96,179,206,136,97,234,56,64,18,160,250,238,59,65,17,165,249,232,31,123,135,107,145,30,138,97,201,92,204,93,55,236,50,76,219,238,192,200,38,81,246,233,50,50,173,190,208,78,133,54,184,99,69,173,129,69,4,42,237,230,251,189,121,68,225,12,203,99,224,97,213,77,12,138,226,170,44,128,55,59,14,35,40,123,111,115,40,17,168,226,89,3,3,3,231,40,96,222,114,181,237,51,57,40,109,185,208,112,142,15,145,224,76,213,78,153,211,18,199,137,22,53,166,63,135,5,111,122,76,122,82,165,183,45,239,159,82,14,140,62,6,59,225,81,237,248,153,190,215,14,64,255,217,51,11,186,67,142,175,170,202,90,29,165,13,203,134,68,188,128,235,237,232,248,199,88,166,188,199,139,62,255,191,84,240,197,47,120,127,233,196,38,107,63,151,172,134,202,231,5,221,101,185,105,182,230,43,34,103,166,199,254,12,147,40,73,113,62,59,47,50,234,203,175,185,179,51,29,149,198,91,224,38,94,91,165,102,237,18,161,19,187,162,240,24,139,54,53,84,243,251,230,96,115,19,134,68,243,204,121,8,66,149,248,224,25,225,76,243,50,29,143,83,243,187,77,28,147,172,122,4,209,13,45,233,207,224,107,81,242,44,21,250,131,217,75,198,160,71,9,184,147,21,149,44,125,139,85,245,15,177,193,166,13,218,103,192,173,205,111,145,43,84,239,51,103,207,138,87,209,105,198,174,253,10,212,85,214,88,206,136,98,225,90,240,14,173,236,52,107,186,200,121,105,158,253,0,4,236,55,96,184,172,225,84,8,225,88,249,230,33,130,121,131,13,88,253,239,152,183,77,246,158,121,6,120,227,94,115,149,49,74,22,149,41,59,137,214,226,48,23,174,21,147,58,57,24,58,25,135,87,203,81,218,74,30,174,245,25,173,214,85,253,19,199,163,15,165,231,39,100,205,147,27,134,84,217,77,238,28,125,92,160,141,8,151,233,243,213,46,36,142,56,55,20,129,14,195,123,109,29,110,49,7,191,111,67,179,109,107,3,178,214,122,124,33,142,94,196,85,206,113,104,28,178,161,255,194,6,126,122,115,102,77,161,46,60,42,188,29,22,80,208,42,47,228,213,164,229,73,52,184,170,230,63,40,119,114,134,66,36,151,57,77,30,144,39,104,203,156,37,154,30,121,106,210,30,17,138,55,25,90,207,4,78,113,100,155,230,121,144,63,195,174,98,200,161,192,190,54,73,18,130,121,6,221,92,180,162,208,242,16,165,148,249,130,39,58,2,169,178,151,232,52,41,99,59,20,63,219,66,228,228,207,24,90,253,155,19,200,67,114,27,19,157,209,126,164,229,67,30,106,67,254,217,98,172,175,194,140,66,53,112,180,230,65,27,131,93,228,100,219,121,133,67,12,182,172,218,126,122,103,160,6,194,145,37,137,89,198,127,88,221,102,186,203,131,119,137,42,97,63,7,104,98,172,167,155,170,134,17,214,11,205,137,67,42,89,223,26,238,168,106,152,224,84,43,91,195,114,121,98,179,221,94,230,66,18,158,14,204,147,71,27,129,78,234,41,137,83,10,193,153,8,207,137,86,250,25,165,233,31,153,39,131,107,184,171,211,97,172,217,122,138,103,187,173,215,128,122,152,37,100,165,228,59,85,240,54,55,40,100,207,103,160,7,192,150,20,171,209,97,179,205,148,45,112,149,65,42,72,8,77,224,222,0,211,51,248,147,206,58,94,119,113,182,192,56,180,192,144,32,133,75,233,49,51,146,182,203,155,212,145,219,67,65,30,29,6,201,118,112,148,30,113,154,236,56,180,175,222,85,209,28,24,101,126,51,20,114,90,161,22,160,0,185,145,222,82,195,115,228,217,83,162,133,56,208,102,149,111,41,112,173,229,16,172,185,96,7,200,125,67,60,16,173,51,184,68,200,104,99,133,225,221,137,60,87,242,14,200,163,26,150,48,99,198,147,59,70,33,128,114,160,105,149,37,138,93,216,92,217,71,15,211,115,96,157,103,79,242,198,26,122,12,179,159,48,8,197,162,228,20,154,204,230,15,145,50,86,150,62,51,32,93,41,11,190,97,73,237,180,188,131,113,2,175,180,187,165,3,230,72,5,143,186,186,180,209,68,56,155,195,34,89,203,95,135,70,159,122,234,249,221,32,201,133,49,73,239,176,92,154,225,10,144,255,177,156,25,111,110,245,166,237,215,232,15,77,239,234,59,178,216,97,155,253,224,241,16,208,61,209,109,180,173,168,23,139,58,80,23,195,177,239,10,182,199,170,12,229,75,30,121,103,159,12,224,77,44,124,120,82,199,232,205,119,54,202,105,61,32,87,4,116,103,182,171,236,2,61,12,217,74,236,177,162,246,146,89,201,165,0,196,190,200,160,237,45,41,4,67,97,225,22,122,210,15,176,141,199,115,31,121,74,251,221,70,62,87,2,244,34,112,130,103,218,130,130,113,152,10,181,182,191,181,200,150,33,156,24,81,139,39,69,143,20,97,132,199,34,5,31,169,192,125,198,49,76,185,65,5,108,149,248,41,25,32,94,187,141,252,232,186,41,221,31,107,119,180,153,238,241,249,1,203,3,205,55,15,64,238,228,1,170,177,156,217,98,144,44,93,230,62,38,205,12,217,15,215,54,28,236,193,154,206,3,192,58,40,62,32,111,139,88,228,39,96,198,131,79,237,42,85,211,91,210,128,105,187,170,209,97,195,169,251,8,232,55,56,42,105,185,204,149,70,34,108,142,43,102,212,115,172,215,83,2,246,243,254,238,12,180,189,186,163,235,24,134,77,41,135,62,28,148,24,142,47,100,165,227,43,100,211,116,159,8,230,73,7,202,90,176,131,102,147,75,9,168,48,31,239,155,169,139,49,56,83,155,94,92,216,115,145,12,183,150,201,202,128,85,188,211,78,245,91,63,175,133,49,7,152,168,136,136,56,74,20,176,220,125,139,65,46,102,188,175,230,68,29,139,84,0,235,33,147,68,34,124,124,122,126,105,183,210,122,116,152,56,83,233,57,82,5,212,123,140,76,0,246,25,244,245,6,228,76,8,203,139,49,81,13,198,114,173,227,27,213,48,189,48,234,199,122,93,230,211,147,223,82,3,208,29,145,12,171,191,236,167,249,14,120,163,173,230,70,8,116,139,31,114,92,241,160,234,75,16,209,102,90,217,53,49,43,126,114,109,186,187,147,110,101,29,16,73,170,211,83,5,119,162,153,249,0,204,135,50,174,177,168,71,176,205,52,207,91,105,157,190,51,21,111,97,138,16,126,53,92,206,116,91,172,141,69,198,5,88,101,51,213,30,10,137,197,205,73,144,254,181,143,2,168,182,139,90,212,99,145,11,113,162,238,48,74,237,45,82,242,193,170,189,178,175,133,103,71,157,20,25,134,57,75,239,31,72,22,130,114,65,158,11,208,80,107,79,168,160,49,38,71,130,253,107,22,59,10,97,213,88,143,81,236,245,252,2,170,8,124,229,187,60,172,104,102,48,2,195,169,207,47,95,154,234,154,181,67,143,208,73,179,244,180,185,222,50,207,121,118,141,17,208,158,45,61,64,213,224,66,41,66,149,209,32,72,74,101,149,30,241,224,75,166,187,193,133,67,172,178,62,100,156,27,109,148,189,182,114,22,124,98,154,215,88,104,32,250,201,110,109,209,66,245,221,53,79,191,193,170,166,251,163,130,55,47,50,15,174,102,38,231,1,197,106,237,39,97,231,245,21,140,56,211,123,90,206,249,128,47,34,71,217,34,72,213,123,113,139,23,120,43,108,79,109,70,16,175,199,62,233,21,38,237,69,11,171,235,10,39,68,239,112,53,64,221,214,70,167,226,16,227,31,155,229,150,246,255,194,7,123,130,91,173,120,115,87,104,117,80,191,113,91,158,211,123,101,204,120,99,202,121,127,28,154,200,2,133,82,231,31,53,3,198,4,14,152,25,164,0,132,67,235,170,176,158,212,52,20,116,83,180,147,246,205,134,41,66,122,24,152,213,237,1,118,117,91,254,159,1,238,0,192,152,209,217,54,26,151,39,34,153,33,97,234,70,11,78,140,34,95,87,201,44,249,100,218,45,68,182,124,23,184,181,145,196,248,56,57,63,54,77,69,18,47,90,213,111,115,236,210,246,219,67,245,196,144,192,25,14,139,38,70,88,242,38,129,98,174,210,89,217,117,143,22,203,163,243,147,188,146,15,70,253,144,206,229,87,193,157,141,29,37,43,83,179,119,21,71,205,121,127,120,138,144,65,208,127,110,123,129,84,237,239,63,21,168,3,0,7,242,29,133,69,24,179,241,52,106,179,186,248,230,0,107,110,101,126,52,17,123,60,250,193,107,109,176,192,64,44,52,48,25,163,209,251,219,57,181,70,248,58,151,206,240,188,171,220,64,212,39,90,58,85,243,242,245,184,197,104,147,239,33,88,101,156,243,133,216,66,140,62,28,63,53,45,86,98,70,221,22,108,107,109,104,118,145,23,152,157,150,238,229,255,178,151,232,245,27,145,44,51,35,41,122,103,197,140,40,122,106,171,151,42,73,52,82,202,34,61,157,167,157,249,202,16,128,47,33,76,202,80,192,111,97,141,8,225,62,37,72,230,224,76,211,41,172,184,65,190,135,157,60,17,170,122,161,39,105,7,246,156,6,195,46,211,247,96,153,23,123,220,252,0,225,28,44,6,230,160,230,68,29,145,77,9,148,210,119,138,62,56,48,88,157,58,8,200,104,20,84,248,248,213,1,138,92,63,11,214,101,185,214,110,101,97,191,195,29,21,111,98,136,23,106,113,92,153,227,6,157,36,116,129,54,28,62,52,41,114,30,10,178,195,21,72,213,104,133,31,62,244,44,114,109,183,188,172,59,189,186,77,37,37,254,207,129,90,65,78,162,3,247,192,151,13,198,186,221,115,163,15,170,225,106,204,167,8,212,87,222,101,204,127,98,145,10,116,146,221,235,37,220,133,10,161,232,197,49,59,31,4,103,14,141,251,56,21,44,252,203,211,151,158,53,36,111,45,138,109,151,126,146,200,129,82,129,218,212,149,166,229,36,126,137,93,229,78,3,206,115,168,254,0,255,250,229,3,98,136,23,105,114,88,167,184,134,28,90,162,19,152,185,193,82,140,66,134,137,0,192,140,218,242,247,236,157,138,114,110,161,146,175,194,147,166,148,243,15,143,0,156,219,182,148,6,114,135,66,123,241,177,172,241,47,32,218,107,19,143,72,15,186,212,117,82,154,21,193,72,58,172,254,247,229,27,70,27,69,179,203,236,88,147,4,189,68,178,183,170,100,71,110,108,94,13,148,174,118,93,29,188,51,123,83,243,154,151,11,185,50,241,218,89,177,154,206,54,59,30,129,124,141,94,233,56,48,68,28,169,6,244,42,133,69,5,198,142,68,26,147,58,28,135,207,0,173,166,188,122,64,238,229,254,179,150,236,41,64,252,74,167,234,222,210,80,136,64,249,31,51,73,38,39,197,35,250,232,239,38,172,205,141,67,253,139,36,103,184,171,178,238,249,241,167,26,189,169,70,56,213,91,196,45,215,221,121,247,44,62,49,224,197,130,84,98,96,142,61,5,159,191,93,206,150,44,53,30,229,213,95,128,235,6,104,159,220,116,49,90,227,53,85,219,89,170,61,185,55,48,23,174,21,146,60,52,41,6,179,186,191,147,249,26,105,105,239,241,152,183,156,97,238,152,74,183,94,205,231,102,104,135,53,221,234,16,160,131,215,45,229,0,173,168,182,139,13,135,93,180,191,40,245,207,67,231,250,191,112,94,217,68,33,65,43,20,38,23,34,5,60,151,109,0,117,6,159,119,172,192,167,107,43,211,144,169,146,34,3,33,147,29,64,54,55,57,16,171,245,207,152,250,15,179,200,231,184,203,26,123,130,68,185,66,232,247,200,86,171,172,169,179,149,240,222,97,191,162,211,67,201,147,2,222,15,48,45,23,57,20,243,233,160,81,59,198,153,48,90,176,203,92,118,195,148,24,115,172,194,151,117,243,147,218,51,1,170,114,42,163,231,60,56,61,70,47,89,245,32,133,110,170,230,70,49,115,141,86,245,9,228,72,13,214,114,145,77,26,151,57,166,222,80,23,173,220,88,203,132,116,146,5,212,46,212,63,224,222,37,191,132,206,183,230,221,75,33,55,148,182,66,17,115,154,89,210,94,162,231,25,147,83,11,179,189,175,200,128,88,228,39,93,190,165,254,235,44,87,207,120,142,95,242,40,117,126,90,215,114,179,245,33,137,57,43,88,204,132,111,186,221,117,164,237,19,194,193,200,179,230,34,112,193,83,117,104,181,191,17,224,237,32,159,199,93,85,174,165,192,110,102,126,53,14,131,37,62,51,33,128,43,222,33,58,208,79,66,251,105,231,68,137,26,117,119,111,165,0,250,238,213,232,46,88,231,3,250,85,148,174,180,184,152,220,71,155,135,195,108,132,44,148,248,212,65,8,213,80,115,126,54,94,210,68,22,103,40,68,209,12,154,96,161,120,187,200,253,190,137,60,32,146,59,75,251,190,100,187,143,62,61,40,75,8,178,196,132,75,43,86,250,25,172,4,248,244,251,12,227,78,30,162,236,33,157,22,120,122,59,174,179,131,245,222,147,6,72,75,25,24,165,250,209,91,199,61,46,120,68,187,177,234,12,138,111,134,85,245,34,164,31,150,26,134,85,247,28,182,234,50,60,254,114,88,167,186,129,43,44,42,47,32,79,193,169,192,164,191,32,93,135,233,3,37,80,106,229,74,137,102,199,103,53,99,214,121,127,62,173,223,67,35,88,68,246,218,86,234,219,110,162,212,104,113,11,155,204,28,108,235,0,89,24,197,65,18,213,73,107,134,88,90,95,56,95,59,223,59,182,36,148,48,42,102,119,250,206,50,232,6,26,114,3,26,177,92,215,105,141,130,228,65,54,1,251,126,112,157,224,95,85,241,33,101,143,3,245,14,145,49,23,24,115,67,180,162,73,230,167,46,132,4,200,177,201,52,71,43,26,191,156,42,135,117,165,18,161,239,28,173,255,13,219,108,142,10,78,197,94,148,241,218,31,81,187,126,52,19,181,156,16,121,243,228,242,169,194,230,15,46,152,69,194,145,88,218,233,162,245,241,253,237,19,147,50,48,154,157,22,184,124,151,201,123,153,23,51,196,143,36,102,179,193,135,86,183,224,214,65,16,149,63,48,43,98,132,210,71,200,37,80,63,5,76,61,77,141,37,154,33,158,255,145,52,36,100,148,135,254,106,76,132,223,173,67,105,12,81,114,90,85,1,235,249,247,197,14,145,235,189,134,156,237,148,101,218,242,237,34,102,185,156,113,103,136,166,146,39,40,245,233,192,152,204,9,146,247,200,86,173,168,181,142,4,163,197,157,236,71,44,117,110,169,182,95,53,141,93,164,248,195,21,126,36,20,132,163,216,210,171,217,67,19,198,174,248,11,213,94,193,186,211,135,88,223,53,50,62,40,128,106,181,199,172,234,248,243,9,225,76,252,75,147,68,205,158,224,68,224,191,127,32,29,103,249,214,216,151,20,150,39,145,93,235,59,66,19,163,28,185,213,125,121,102,164,238,3,209,147,73,248,238,29,124,99,175,219,65,16,165,242,28,147,56,49,74,43,123,98,176,215,80,231,42,130,77,239,12,182,224,105,200,161,249,240,50,114,173,241,1,208,116,163,4,136,191,42,237,154,160,189,43,67,213,70,22,32,12,47,123,231,217,77,128,230,209,210,68,23,100,49,42,32,29,103,247,219,200,166,123,61,247,201,84,178,151,234,242,218,33,74,15,142,59,250,111,111,80,143,16,254,199,4,21,197,54,79,20,177,144,187,187,190,148,2,25,28,150,37,110,117,108,109,196,138,93,195,131,107,152,32,65,13,162,7,166,240,218,209,73,195,53,31,207,84,95,6,234,152,236,255,216,76,14,198,170,223,16,107,164,212,111,169,228,24,160,235,26,130,82,25,149,72,15,168,223,75,243,255,218,91,195,130,110,129,90,117,84,114,89,163,199,90,159,209,60,249,196,98,135,88,178,204,70,139,28,74,160,224,143,20,29,202,167,142,70,46,98,132,236,249,220,97,117,194,33,134,84,224,32,108,111,191,151,53,59,25,168,226,68,211,87,198,156,229,51,16,45,53,253,136,38,186,145,167,44,117,246,210,75,245,248,12,204,152,21,111,80,245,225,71,34,120,90,218,61,36,101,167,25,148,79,23,196,171,251,231,31,143,92,240,59,69,40,92,183,207,94,194,61,252,120,69,222,20,115,84,177,155,221,23,105,116,144,9,201,79,113,106,95,97,156,90,178,68,85,5,118,143,82,246,188,53,97,219,105,174,159,40,242,28,172,175,20,44,102,179,196,117,110,105,208,101,204,120,98,206,111,155,206,100,158,20,138,64,140,16,187,84,175,229,24,138,216,46,202,210,206,90,217,215,232,155,55,180,115,125,241,114,169,242,191,63,71,18,47,243,153,18,74,119,13,99,37,158,181,183,228,26,245,230,55,189,53,180,235,152,198,132,219,180,226,71,229,58,26,70,37,15,68,32,246,238,26,178,216,14,49,250,243,5,199,62,232,24,14,241,242,12,201,145,211,85,203,146,20,160,163,201,17,122,65,236,234,242,218,33,143,29,133,212,240,222,20,115,86,171,173,167,249,209,119,97,111,167,136,219,91,68,2,172,103,120,70,222,21,110,101,129,107,117,129,60,152,201,152,25,115,38,24,189,76,11,223,79,180,79,1,237,8,167,43,229,59,53,63,2,197,98,229,37,140,55,39,126,95,205,58,34,98,199,111,192,197,139,203,21,137,43,244,245,170,128,207,152,239,20,132,192,80,4,213,62,197,58,50,83,244,82,234,150,243,233,27,133,100,196,176,205,54,196,154,18,184,144,83,75,178,85,190,155,239,215,87,108,21,26,103,148,254,38,88,197,122,105,105,59,63,56,39,141,38,88,236,6,201,39,63,176,159,210,57,3,165,191,112,157,224,66,251,93,122,133,81,202,33,41,138,229,66,59,60,244,156,235,6,227,239,81,115,145,51,69,241,248,201,178,192,188,169,209,128,89,221,8,182,167,249,217,128,131,82,120,13,159,233,186,160,167,136,183,226,19,170,195,3,137,90,211,69,178,116,134,89,228,130,91,69,229,19,159,249,8,218,110,145,234,169,235,33,138,24,188,16,99,66,247,241,237,221,71,158,127,219,36,92,163,53,42,80,218,73,251,221,50,94,179,196,55,14,65,235,238,229,255,176,157,214,106,121,120,89,65,207,137,70,235,190,80,20,72,23,188,184,118,6,239,48,104,177,150,65,160,253,214,64,234,98,64,42,104,166,205,100,133,124,96,219,74,238,41,94,208,49,61,251,123,62,245,208,61,246,205,72,214,45,41,53,89,196,52,81,196,126,44,104,131,230,24,127,226,192,138,132,185,104,32,44,92,202,120,43,33,108,4,246,16,154,252,165,255,150,151,197,145,42,87,143,245,239,136,132,55,59,62,52,235,15,182,221,106,173,203,157,40,122,43,113,121,114,13,68,225,12,139,14,133,32,78,196,98,135,25,162,213,68,156,242,10,177,126,89,222,80,199,3,111,214,76,1,253,246,227,101,189,138,226,252,96,94,119,105,170,2,232,4,177,43,4,209,40,243,238,176,200,95,240,201,130,106,140,28,132,13,50,102,199,159,140,202,81,186,129,44,43,45,40,55,11,143,3,229,20,209,145,40,247,145,20,140,209,91,118,28,250,24,114,117,35,53,234,61,36,69,169,74,68,22,168,250,1,42,99,61,48,81,251,209,208,36,255,194,145,13,125,101,65,149,155,230,22,117,185,136,33,89,194,167,17,156,18,202,142,24,195,186,173,101,71,242,239,166,221,239,175,66,63,7,202,7,177,105,95,183,134,0,123,21,97,189,177,223,82,55,76,176,223,79,217,105,158,14,139,109,136,65,51,102,224,108,182,188,166,7,235,69,36,138,52,54,49,80,10,205,226,39,111,178,215,50,53,7,215,55,201,112,121,244,138,45,190,90,75,169,228,51,61,219,17,154,99,66,232,247,201,83,181,144,254,248,228,50,239,231,182,140,11,143,2,167,185,131,120,128,82,10,224,81,164,9,187,203,123,91,226,50,83,166,221,50,107,169,215,122,144,66,209,121,91,204,230,3,227,221,20,183,163,232,189,127,214,146,62,17,170,102,58,255,178,153,41,82,231,175,74,141,6,155,221,100,182,187,134,43,18,190,154,45,85,203,146,34,131,17,188,147,82,244,33,119,247,143,56,50,243,222,109,127,152,23,17,88,116,71,29,152,242,58,21,177,146,40,58,167,115,131,19,234,82,197,112,17,163,206,35,124,41,162,42,28,41,61,244,140,208,120,150,15,59,132,45,44,231,249,196,99,133,30,83,180,221,74,2,179,163,170,241,232,52,59,204,16,56,232,201,39,87,62,0,189,41,89,170,141,63,227,134,144,170,255,252,255,106,47,32,78,195,100,129,43,45,116,133,80,201,99,106,174,185,228,88,221,20,243,18,167,163,93,86,208,191,58,61,68,31,98,180,159,174,29,133,68,239,56,29,135,167,91,90,134,46,16,126,245,160,66,15,217,122,122,154,47,95,240,41,111,189,181,199,167,248,3,2,235,42,139,77,6,250,0,233,81,10,206,162,99,168,236,54,86,227,69,2,221,103,185,153,68,56,61,245,81,247,246,182,35,3,185,225,237,27,176,137,158,152,155,4,156,31,202,126,91,171,205,103,171,9,211,92,194,162,238,13,175,222,57,40,94,203,153,32,152,22,154,16,221,100,167,224,71,0,215,82,2,238,7,192,154,5,217,108,191,205,161,36,114,126,108,178,236,71,54,98,173,206,113,139,101,187,164,234,43,84,218,76,23,161,240,2,172,104,118,75,205,70,221,24,102,189,142,101,211,106,110,229,59,43,23,1,105,133,107,20,121,89,204,113,160,15,206,115,69,151,33,125,117,87,255,73,186,60,11,182,158,201,128,240,135,196,105,142,14,243,239,1,197,134,3,246,10,165,33,161,1,170,51,81,234,218,184,66,251,8,74,14,190,133,65,20,85,229,83,181,103,172,248,226,10,238,8,210,137,96,216,131,127,97,176,217,115,162,17,213,130,76,1,251,251,210,152,59,51,20,243,16,173,145,146,182,159,28,19,201,158,227,191,195,182,216,96,155,148,43,95,208,82,85,194,119,129,105,43,236,236,236,235,236,234,241,221,87,189,215,126,107,106,243,18,165,168,76,136,42,143,227,45,131,62,138,38,108,247,109,38,34,90,139,12,74,160,66,86,206,124,135,95,198,156,17,204,137,41,146,77,254,178,27,153,17,100,26,30,104,206,10,172,5,224,96,184,101,186,146,24,120,220,39,111,117,48,219,188,71,125,19,135,60,50,106,174,186,225,97,193,106,243,19,165,171,69,156,238,62,197,118,136,51,85,201,232,220,231,31,61,29,67,218,208,252,215,121,131,59,89,249,16,158,24,102,77,104,243,44,63,82,14,185,129,173,228,50,3,60,183,153,15,162,243,29,162,25,170,4,209,103,194,179,232,58,64,17,158,249,248,18,179,222,25,32,77,199,88,165,191,113,90,236,31,130,50,40,27,156,240,49,74,231,184,83,233,38,236,153,12,182,49,171,68,207,17,149,252,106,132,15,120,235,182,74,81,20,137,116,167,239,223,147,49,72,191,8,84,194,202,54,201,99,172,188,111,142,200,0,89,172,196,108,232,68,48,99,188,159,170,182,73,211,52,18,119,73,212,50,100,181,192,120,84,151,42,73,37,64,196,59,39,219,11,188,188,52,167,198,156,39,115,59,64,73,4,151,8,194,116,246,34,93,247,31,136,21,241,22,154,201,233,177,172,12,162,48,79,104,84,127,37,131,101,137,63,18,169,24,200,174,243,38,102,162,10,245,49,115,159,24,137,55,48,84,250,250,8,250,166,120,86,212,66,222,66,171,89,80,200,113,100,1,237,15,221,32,152,165,0,252,176,238,166,247,7,165,17,63,52,87,193,123,71,141,65,19,73,9,228,64,5,239,228,217,251,231,156,202,126,117,249,31,51,74,35,50,165,129,224,54,6,226,129,90,198,104,150,13,173,226,89,247,18,190,189,168,220,84,5,246,23,176,229,34,107,147,41,125,114,159,1,218,74,26,168,253,251,0,223,61,66,48,103,202,144,34,112,137,51,63,63,60,32,118,134,66,18,161,5,196,133,69,19,185,189,184,177,200,172,255,216,80,249,234,25,140,83,0,210,91,210,137,83,203,157,217,249,155,5,65,217,81,254,94,238,196,162,10,192,180,188,181,149,122,4,88,205,64,49,139,48,99,192,132,245,231,31,143,35,74,242,250,236,57,82,223,59,55,46,77,240,34,128,83,218,69,19,189,179,222,65,28,186,213,112,165,5,200,123,125,151,63,49,99,217,70,255,183,71,216,39,58,1,170,177,156,38,111,146,1,186,101,190,126,60,189,205,113,44,253,131,71,43,82,166,81,198,155,44,102,98,201,173,216,26,125,99,146,155,52,39,153,58,56,6,31,140,57,238,124,247,219,129,66,43,39,105,119,242,146,38,45,157,3,214,136,106,190,201,156,4,199,150,71,46,112,175,232,27,133,130,16,61,8,188,138,6,201,22,22,23,114,115,94,11,201,167,252,206,25,153,51,84,188,131,232,76,242,167,138,218,67,56,41,20,209,30,136,104,97,22,47,213,88,159,20,233,34,109,115,117,128,130,78,238,30,122,106,154,28,127,88,216,84,220,96,202,117,121,130,79,234,26,172,252,223,55,53,63,77,20,151,16,184,173,208,103,180,184,174,208,111,189,180,184,173,223,55,51,61,61,60,30,120,124,140,72,222,29,26,183,179,101,81,134,62,70,0,141,96,110,165,0,221,91,199,147,252,71,156,143,41,45,107,220,63,56,66,255,131,61,29,151,13,138,48,72,38,152,48,101,173,208,140,103,192,177,192,150,24,134,65,37,143,77,11,224,103,168,218,91,236,53,86,254,236,15,166,227,58,77,4,234,245,142,3,165,192,110,101,127,49,102,176,207,76,219,2,231,3,194,65,195,174,178,121,88,37,8,212,127,109,120,116,95,110,220,73,251,204,163,221,70,106,20,49,0,193,88,167,124,13,251,223,86,242,29,142,77,29,170,230,66,52,79,245,24,183,202,133,102,203,230,30,139,85,245,22,164,2,203,130,121,129,52,48,248,160,24,114,56,13,229,227,59,80,170,59,192,36,107,102,191,224,49,95,203,101,83,204,112,158,248,201,114,135,116,152,11,182,197,132,74,251,9,215,77,238,15,170,251,16,193,189,205,118,118,149,66,41,121,123,96,177,209,140,74,217,66,195,63,59,9,115,93,242,184,197,160,254,250,234,44,51,163,137,200,126,45,107,229,45,76,215,74,239,16,214,114,178,248,26,136,58,64,70,34,163,36,144,35,106,150,37,147,51,106,162,246,246,17,181,180,188,186,166,229,43,115,121,105,168,246,13,211,101,174,197,134,87,248,35,160,27,160,248,242,39,149,74,31,145,32,115,124,114,170,238,49,32,12,139,14,133,31,80,190,115,147,255,207,26,58,74,222,243,221,100,41,57,24,141,46,106,178,230,42,31,8,208,114,152,241,50,174,139,201,98,174,181,134,75,143,170,91,166,214,53,140,88,243,26,152,12,118,159,18,130,69,186,90,234,253,152,238,50,207,130,99,150,14,173,137,74,36,65,198,144,74,235,239,63,23,162,21,202,153,42,131,77,242,39,148,61,65,61,26,149,64,44,51,51,239,187,199,101,95,152,65,190,138,75,234,45,64,133,53,111,181,196,95,18,180,194,83,75,139,47,115,147,9,238,55,84,208,132,35,21,16,251,19,125,85,137,235,54,27,62,249,240,255,220,100,201,178,249,21,157,1,243,28,183,234,65,16,163,236,30,150,37,127,55,200,85,174,165,192,110,101,129,121,119,121,77,214,16,189,130,73,168,131,235,233,155,240,7,178,175,32,22,170,253,244,228,47,47,255,42,95,183,149,69,247,250,76,109,36,39,74,188,122,1,124,173,202,153,59,79,249,12,207,127,102,201,180,219,82,254,250,15,181,220,126,216,72,10,217,124,146,47,97,175,215,122,126,64,16,84,127,249,192,21,130,80,214,52,111,66,30,168,163,80,130,222,60,243,26,207,101,197,153,250,147,13,171,236,14,137,53,48,77,34,144,35,108,163,236,20,154,38,129,80,226,45,97,228,65,66,20,146,37,141,89,0,10,228,44,80,248,19,198,185,219,100,167,221,62,41,124,119,143,55,92,218,43,79,151,180,90,157,126,71,2,192,117,168,150,45,105,164,9,190,174,170,60,188,47,73,204,143,122,110,138,29,120,109,162,17,196,190,193,188,164,237,47,105,207,141,85,213,87,212,92,231,76,239,8,206,105,156,3,229,35,107,160,12,200,160,255,224,45,76,6,232,61,59,59,44,80,248,18,190,190,193,142,39,95,195,166,244,15,135,216,39,56,6,157,216,39,56,68,239,4,119,22,53,14,45,58,41,76,209,135,191,118,96,183,175,229,65,56,52,1,100,186,178,216,47,119,196,26,153,23,169,188,193,218,67,43,104,142,193,1,25,130,72,5,249,21,149,27,159,246,246,250,15,190,151,13,174,222,103,182,221,67,19,201,160,245,250,4,199,131,80,6,217,72,253,227,47,103,188,193,200,169,227,47,102,196,187,201,162,236,13,190,198,156,229,34,30,32,21,109,14,151,19,142,12,214,225,73,14,150,14,175,132,87,253,181,103,171,250,220,28,184,170,233,66,72,45,111,183,183,174,221,101,225,101,201,165,226,63,67,37,75,240,180,96,87,168,95,164,236,3,172,6,110,121,128,76,7,178,47,41,82,146,208,135,38,27,113,171,237,253,19,203,154,0,242,216,247,106,237,62,0,209,17,70,163,194,17,144,40,79,198,135,68,44,110,181,235,56,52,60,67,42,129,135,107,147,26,100,63,240,221,23,104,119,73,210,131,88,213,56,21,83,250,231,72,4,191,183,180,205,50,87,182,191,115,2,45,163,242,13,173,224,13,223,248,105,10,67,237,179,220,79,158,225,231,254,115,87,171,174,164,194,104,118,76,201,82,184,198,112,187,211,98,71,160,232,13,76,236,195,52,180,233,252,217,254,141,80,202,47,39,157,188,28,241,142,10,91,228,56,228,14,99,4,212,218,40,76,243,251,2,235,60,41,33,3,222,72,20,124,145,144,9,209,102,77,143,188,94,102,80,192,174,181,189,68,34,47,222,35,108,122,53,62,183,50,196,107,136,31,189,126,64,252,216,99,129,123,124,49,90,134,216,55,49,45,31,128,241,134,198,99,158,222,146,70,41,119,129,82,228,33,80,125,54,12,138,16,128,48,32,79,192,111,98,200,107,204,161,250,129,244,236,2,111,130,1,124,220,113,114,172,215,65,171,122,118,128,221,198,132,77,107,234,84,153,133,185,56,14,78,9,201,48,42,14,3,218,217,91,208,125,75,101,140,73,253,134,227,192,82,138,227,6,220,42,94,98,200,59,187,143,41,67,218,77,137,189,33,84,204,83,31,87,180,159,238,34,67,52,83,172,233,218,222,36,106,129,34,117,18,33,245,214,70,230,122,141,86,242,17,162,243,245,213,238,229,254,179,150,237,231,250,194,106,113,91,220,47,127,135,69,157,158,238,251,130,73,172,121,228,90,171,206,26,44,241,217,203,96,184,160,211,152,203,238,125,235,243,160,19,171,138,28,57,130,105,82,249,5,205,141,51,82,192,3,177,219,73,164,136,208,33,30,39,60,60,10,189,66,30,24,28,131,31,149,103,168,219,42,80,236,52,57,43,101,165,231,33,136,58,38,110,148,30,164,21,150,20,171,212,90,201,157,34,109,142,56,67,37,139,63,34,105,156,39,154,55,84,246,246,242,15,204,172,2,244,28,126,89,200,136,86,228,64,11,222,84,167,239,165,117,119,67,42,170,225,51,35,101,165,250,21,208,140,74,1,209,117,164,34,148,47,69,5,203,109,144,74,27,132,75,6,196,141,50,86,207,101,164,247,18,179,222,73,16,189,194,154,17,165,8,240,55,82,255,225,52,90,249,27,165,10,182,177,18,153,234,175,160,205,70,219,29,86,173,236,6,201,9,80,189,119,73,210,56,8,151,40,76,43,130,95,143,132,93,197,72,108,38,79,24,61,57,86,235,226,198,153,36,100,147,103,48,88,223,65,253,213,53,111,137,96,187,154,37,105,173,152,7,181,205,91,251,19,162,135,225,35,92,97,172,131,245,112,181,165,32,163,251,186,1,232,37,40,205,3,182,189,178,216,165,242,127,56,26,135,65,50,92,232,35,52,203,136,74,14,141,93,46,9,81,204,112,110,89,210,252,101,43,54,38,70,76,228,34,99,174,153,171,240,36,99,215,72,242,29,115,132,248,204,7,154,225,11,141,8,149,239,33,96,239,54,66,229,130,101,174,144,150,169,199,175,118,141,89,226,4,106,127,74,24,79,49,211,113,146,39,75,234,246,44,83,3,209,89,233,30,143,244,244,239,34,95,240,52,64,173,110,127,74,150,15,91,107,14,220,46,133,116,135,23,235,40,100,107,5,93,168,234,45,103,247,251,100,135,45,79,232,60,61,67,19,100,59,56,58,63,250,21,5,134,218,48,68,242,205,116,21,27,9,154,251,201,196,124,89,189,158,253,214,72,27,121,112,51,25,32,78,196,97,139,15,130,40,118,98,232,76,0,173,40,114,133,8,44,231,12,226,222,87,252,249,181,73,38,141,83,241,213,132,216,84,208,83,178,11,70,23,161,250,210,85,178,245,246,26,140,38,129,85,234,226,42,52,207,66,232,246,205,71,217,36,67,229,255,176,220,39,78,124,82,234,17,94,186,187,185,141,176,104,234,16,181,226,73,224,76,244,163,142,191,83,135,237,7,61,49,93,146,54,23,169,222,229,199,20,85,129,255,205,152,37,76,255,180,64,115,210,100,182,178,209,56,47,96,202,151,50,79,18,183,118,26,106,109,32,22,166,12,171,102,3,176,247,214,107,152,181,85,104,89,118,33,85,179,83,182,140,9,147,246,203,77,12,167,233,202,87,104,117,80,191,114,88,167,186,193,121,121,70,138,151,102,169,234,22,165,191,146,35,151,54,49,68,27,130,81,227,61,27,128,101,209,141,68,7,235,61,58,234,53,54,89,208,92,224,55,68,212,84,207,148,45,74,32,159,22,87,232,1,233,28,41,250,124,30,37,20,118,146,20,159,134,217,35,68,227,74,236,23,31,248,131,37,63,240,29,112,167,154,161,141,252,24,236,66,254,228,142,166,121,40,72,195,100,68,180,6,191,186,213,108,160,24,190,196,152,47,114,155,20,190,206,140,63,58,87,69,1,230,91,239,21,170,212,55,199,89,164,193,182,192,158,222,36,38,123,83,235,156,150,220,215,79,145,158,185,138,45,125,118,100,228,40,224,231,76,2,103,10,100,205,29,174,188,172,56,168,116,55,28,69,223,211,5,17,156,37,158,44,97,212,127,130,94,218,99,193,162,16,202,164,247,17,195,169,234,56,82,10,199,162,17,196,153,43,124,146,44,113,173,242,14,208,154,30,139,85,243,19,172,242,33,140,63,55,80,88,202,132,104,197,165,245,13,174,201,145,4,189,71,147,231,5,72,138,209,8,100,182,110,137,84,203,127,191,20,49,0,192,92,154,161,158,72,251,20,199,149,80,9,206,164,22,168,21,182,194,178,230,56,94,221,83,20,189,179,248,26,157,52,163,231,47,107,186,190,170,236,14,136,212,51,22,108,181,193,154,233,2,142,68,234,25,127,108,125,238,32,169,207,245,209,52,17,151,64,44,64,80,228,171,133,116,140,200,230,207,139,229,86,196,145,136,184,67,201,101,107,109,40,8,10,181,224,94,207,158,38,120,160,27,151,64,63,45,132,114,147,76,21,170,6,219,87,253,68,6,211,128,106,166,251,228,39,56,5,160,206,68,34,84,192,255,73,52,206,243,158,163,1,254,200,121,130,62,36,208,225,201,56,25,79,191,51,232,107,151,67,42,102,195,175,229,52,87,240,25,153,40,122,129,95,214,115,155,19,187,197,242,251,241,32,144,52,79,230,1,104,118,75,204,151,28,137,30,100,103,183,147,34,78,115,241,146,189,72,46,105,30,84,206,156,26,120,170,215,211,14,214,100,63,128,1,246,162,30,107,158,97,45,229,229,16,106,111,34,27,210,98,224,79,254,20,196,151,45,108,180,209,157,35,122,132,104,196,153,40,122,210,92,207,139,96,219,83,241,1,207,65,234,240,221,24,103,121,132,48,97,194,68,166,145,34,104,192,97,74,247,80,226,9,212,74,0,59,159,143,231,12,118,74,144,206,182,175,235,52,77,254,0,0,248,251,6,238,53,68,45,120,144,51,96,224,85,229,73,34,144,54,87,246,12,193,173,229,167,221,75,17,191,178,205,134,64,244,144,255,178,153,35,91,229,225,204,12,126,144,133,119,96,191,0,83,116,55,27,73,210,249,147,103,155,37,138,75,2,239,53,99,187,194,185,219,82,254,254,240,19,189,199,239,4,214,119,170,252,239,32,113,96,75,205,72,214,120,121,116,92,168,155,30,66,167,126,2,120,3,121,111,53,156,219,57,91,221,45,104,33,209,130,76,4,201,73,188,209,81,235,122,228,193,81,205,50,23,41,3,25,133,97,213,135,79,7,239,57,56,77,20,173,220,97,213,111,150,51,100,203,136,107,177,217,134,113,143,70,41,126,106,184,214,118,129,115,163,6,209,130,120,154,21,180,225,94,203,150,59,61,50,109,169,233,55,83,11,196,168,3,247,254,250,20,202,133,103,196,241,254,235,52,95,223,70,27,132,132,57,50,166,96,76,177,175,142,2,104,71,75,241,39,126,107,183,213,119,128,125,132,89,236,55,80,244,27,164,254,234,57,65,34,151,48,87,247,15,187,202,139,68,54,98,192,192,192,165,10,212,106,193,184,188,195,180,227,61,65,60,79,248,15,212,218,68,27,183,220,79,255,216,137,43,93,37,227,196,72,231,229,255,115,39,171,206,143,95,229,53,90,247,15,182,214,136,103,174,237,67,57,57,76,39,144,51,95,237,57,55,81,17,192,163,16,217,194,140,64,58,95,216,91,221,60,254,114,87,169,178,228,54,60,4,177,128,109,114,148,36,103,148,154,168,95,69,248,217,46,243,243,43,109,127,114,3,41,122,100,188,161,194,81,18,143,48,171,80,125,29,106,92,152,167,137,133,74,45,104,172,241,39,122,118,146,65,48,84,245,22,181,196,168,3,246,3,247,21,173,12,223,70,34,149,66,28,158,28,163,249,7,230,78,0,11,219,83,248,12,32,113,147,65,60,64,35,133,71,61,14,181,29,252,122,39,76,182,140,203,30,201,118,144,71,34,128,134,116,134,97,212,127,106,200,172,226,88,242,19,201,151,37,149,51,78,26,167,243,44,117,138,105,17,158,9,218,103,175,221,62,86,195,150,122,227,194,76,219,8,149,178,106,226,44,116,160,30,137,90,237,59,50,97,218,118,129,116,154,27,147,62,61,135,62,42,122,158,41,104,179,188,243,34,147,56,221,27,5,93,152,230,253,4,214,93,160,221,252,250,205,94,100,191,173,214,218,214,245,29,147,212,253,77,211,115,162,3,141,72,47,81,175,191,157,228,165,21,86,120,109,83,219,10,134,205,6,170,18,142,53,157,121,1,143,19,96,141,201,36,181,253,219,83,254,4,233,43,109,141,51,59,55,85,13,221,92,220,66,18,196,192,196,169,243,250,232,90,135,214,60,33,91,147,35,9,62,160,214,69,233,111,174,230,203,130,122,128,59,20,68,31,140,57,177,78,139,91,217,3,97,232,215,95,229,236,120,10,69,8,142,71,80,237,14,146,23,136,71,54,73,248,238,30,121,108,147,49,65,17,163,251,5,219,102,174,211,86,210,117,165,31,169,7,230,43,82,245,36,160,41,146,75,241,0,211,110,182,201,164,238,8,206,136,101,225,106,185,174,206,136,99,230,90,229,35,108,151,25,187,195,139,54,71,0,215,82,254,249,232,27,98,69,222,19,116,145,9,172,122,125,116,130,212,229,197,171,233,209,248,17,50,106,187,182,179,172,239,254,176,130,94,231,230,121,0,238,48,20,188,50,106,186,185,171,196,168,212,47,4,216,122,28,189,62,70,28,101,150,190,177,214,92,73,137,219,106,172,137,207,159,177,193,199,141,253,237,250,0,227,24,80,104,195,177,223,251,15,192,122,89,117,139,72,4,78,121,11,217,95,111,29,180,115,125,147,41,252,106,157,248,234,41,97,169,240,247,70,155,29,162,189,213,17,161,40,107,53,189,163,232,26,152,19,147,51,31,158,129,72,20,180,180,115,19,116,82,183,212,102,172,179,165,164,2,176,171,82,93,80,19,158,189,174,174,4,199,153,67,59,79,32,157,1,220,124,142,84,15,204,111,103,54,11,141,8,226,58,48,41,65,207,135,64,61,38,91,227,46,96,121,131,49,85,231,53,6,110,61,125,143,24,170,167,215,195,68,1,72,151,186,85,106,211,32,51,66,128,230,242,224,187,40,8,137,1,175,94,148,241,219,29,87,170,177,217,44,54,177,66,162,28,132,10,198,103,16,135,36,229,163,125,139,57,237,28,83,224,52,81,21,177,228,77,25,141,56,96,208,136,97,222,56,60,74,28,143,50,34,88,139,76,215,103,151,190,172,133,75,255,239,200,119,140,67,219,180,156,229,163,107,39,142,45,15,184,143,82,248,212,76,156,22,167,232,163,121,9,223,77,167,116,175,130,79,29,112,245,229,66,222,49,181,109,133,189,57,212,8,46,225,10,145,252,185,131,36,66,38,72,239,178,212,109,151,150,159,153,50,86,140,197,189,89,204,167,215,225,68,22,170,186,215,135,111,76,176,204,228,187,117,86,88,81,138,1,172,31,253,6,231,60,201,147,5,206,16,188,97,73,228,40,72,205,117,18,35,239,233,14,142,118,112,154,16,84,206,148,51,12,146,80,169,151,21,8,79,185,137,190,31,34,57,3,25,1,189,134,83,243,166,255,196,145,198,156,193,41,67,13,153,219,77,140,181,58,9,173,177,9,155,228,217,63,63,48,21,173,142,193,122,103,138,5,205,9,62,160,214,72,226,134,105,179,69,156,218,32,78,197,96,141,7,237,37,87,238,211,163,213,74,246,233,6,187,161,3,238,54,102,204,120,108,165,10,226,92,210,91,196,203,117,156,6,184,203,118,134,14,165,217,108,141,218,95,155,234,148,152,159,38,101,104,171,182,255,71,229,62,17,82,241,184,180,196,160,182,173,235,36,25,165,209,105,64,47,47,58,209,119,132,81,104,41,249,16,187,91,88,0,127,70,23,135,86,167,14,200,115,115,63,48,43,70,173,227,63,31,255,102,66,53,74,175,92,248,168,221,115,110,251,212,97,25,8,86,146,9,127,49,222,230,110,210,91,211,123,145,77,252,248,224,84,208,109,52,88,195,147,202,84,112,94,149,240,36,95,190,42,215,230,253,183,136,36,119,113,162,234,19,146,28,136,55,38,105,111,168,215,104,107,190,174,195,123,31,158,11,189,135,209,249,196,99,132,109,154,17,133,45,11,205,79,210,229,186,151,223,63,52,212,246,232,210,74,156,91,104,181,222,82,201,129,57,224,136,70,2,183,225,33,123,203,239,160,179,166,168,181,79,146,106,153,58,63,40,123,130,111,149,50,89,229,52,85,243,27,145,62,59,79,248,10,212,122,116,149,50,91,210,122,130,108,158,24,176,59,31,136,99,218,106,164,253,218,86,252,250,201,99,49,214,64,225,55,75,143,196,127,13,153,160,39,4,179,193,88,59,227,208,82,111,131,219,220,192,20,196,162,210,72,131,225,33,64,25,164,134,224,41,15,149,173,248,129,82,232,253,111,153,21,174,184,27,66,165,207,104,135,16,171,111,12,53,23,132,44,149,246,217,49,56,67,202,15,130,39,57,65,244,226,181,75,226,252,230,63,180,84,206,33,95,78,28,60,78,14,178,192,157,201,12,194,156,26,114,237,204,8,167,225,29,78,242,155,135,195,109,129,54,120,77,211,66,5,220,48,112,157,223,35,243,145,15,118,121,133,226,204,100,93,170,108,187,56,45,86,197,78,252,205,133,104,168,202,138,44,87,204,115,187,186,193,198,182,220,89,173,183,54,199,110,90,206,136,218,226,36,30,103,53,105,86,1,245,254,222,67,233,225,66,251,251,6,207,87,227,34,118,109,144,93,182,186,213,126,143,83,244,252,223,80,21,192,200,168,242,251,225,49,78,8,208,93,85,175,162,202,144,7,170,92,85,197,84,222,85,113,29,113,54,32,11,218,210,89,232,57,7,110,148,3,144,123,250,254,255,166,13,71,251,218,67,18,156,248,242,249,117,110,169,247,207,22,157,231,213,121,242,19,188,150,75,246,168,213,25,160,218,114,152,238,244,128,234,5,148,32,146,188,61,18,83,199,21,189,51,64,244,227,45,58,233,144,17,139,67,34,51,102,187,135,42,221,211,75,193,151,42,242,156,246,166,206,255,11,93,172,230,25,161,228,153,239,247,113,48,73,105,56,235,48,30,252,218,37,253,184,133,32,155,15,176,167,201,56,70,195,48,77,187,92,228,30,25,237,191,142,82,193,129,119,116,36,87,223,34,131,45,158,4,201,96,175,216,118,139,244,156,10,132,1,245,236,161,28,23,145,51,87,201,124,46,127,103,102,247,133,94,225,0,9,106,141,84,188,144,75,241,152,15,186,192,144,41,41,142,58,222,101,72,35,91,214,112,111,26,32,79,193,109,180,196,146,3,179,122,134,66,53,60,22,177,196,158,191,176,181,225,42,77,253,234,242,37,122,97,101,185,156,132,121,89,226,221,218,222,49,226,64,214,49,216,37,62,243,213,49,28,89,240,19,166,197,109,74,14,112,24,37,36,71,177,179,13,183,185,42,221,107,174,230,48,104,168,188,137,240,44,231,74,23,163,225,73,242,131,53,60,28,146,215,121,140,44,253,6,212,114,85,239,205,3,101,102,131,254,204,195,150,28,227,88,234,14,160,183,219,88,201,164,20,181,120,149,34,111,70,33,104,165,118,10,144,253,182,141,8,149,239,44,93,198,102,140,238,35,49,245,8,206,30,37,108,81,114,86,21,45,190,95,76,136,252,191,75,230,116,130,87,78,73,191,146,31,166,251,252,3,209,26,151,19,180,194,82,215,255,204,94,235,1,233,200,26,29,118,20,169,159,52,197,194,126,113,48,225,201,112,38,116,63,86,97,144,189,118,75,204,74,209,60,249,1,145,198,139,0,141,83,208,244,34,3,206,126,119,107,134,206,103,182,154,254,227,20,133,95,225,45,241,24,179,212,68,15,145,30,105,37,144,9,167,111,60,118,94,94,145,208,17,152,51,200,113,113,145,0,203,141,40,137,20,49,28,89,163,197,96,144,255,253,234,31,91,173,140,73,233,53,253,206,228,211,148,34,216,214,129,105,179,200,158,5,164,209,36,193,65,7,230,5,181,220,29,174,146,210,113,149,201,34,116,56,191,110,204,246,36,32,141,41,82,225,2,12,119,35,125,112,56,214,88,139,196,97,244,127,128,229,46,96,160,235,50,66,35,56,43,77,246,34,144,36,109,176,215,80,230,40,134,85,211,90,198,145,69,27,165,34,45,240,14,121,33,150,7,74,5,240,40,87,123,139,71,26,91,221,48,99,117,102,28,42,144,48,143,85,243,243,241,198,175,219,63,65,61,60,229,78,248,237,203,146,20,160,132,225,12,139,13,134,28,89,162,21,162,247,212,66,205,133,41,68,156,174,127,83,252,209,94,75,99,156,28,74,233,148,195,196,147,118,158,156,22,185,193,125,99,146,177,90,160,205,71,218,31,81,187,212,129,78,237,17,73,19,127,66,162,157,178,189,192,134,64,135,91,174,210,6,220,35,87,100,85,137,55,79,216,73,201,138,190,199,152,38,113,165,240,230,12,90,227,31,40,243,213,47,33,76,203,76,202,80,191,115,86,245,240,175,224,24,119,3,120,31,115,155,243,250,116,200,37,91,9,233,9,194,244,117,12,112,112,73,209,252,138,130,74,19,186,206,123,133,107,170,230,65,59,84,232,59,70,23,157,28,170,82,220,80,7,231,75,4,224,50,52,103,190,144,26,75,26,147,38,72,231,222,83,204,161,218,11,157,141,42,7,15,153,1,199,251,106,7,161,214,241,4,165,125,222,35,60,187,119,80,50,209,95,190,79,230,23,185,163,225,208,131,95,155,143,26,116,138,24,133,97,171,171,5,170,193,36,22,70,0,244,233,23,10,197,175,235,15,84,242,240,53,30,63,1,98,171,132,154,250,222,47,195,244,37,132,63,13,114,171,233,21,193,189,187,103,185,153,58,16,105,133,214,79,150,100,156,249,225,174,64,82,192,125,240,178,115,121,137,40,89,61,60,22,154,173,235,10,190,42,240,224,16,127,48,31,82,185,131,38,61,249,4,173,184,64,195,63,20,187,148,21,39,208,70,236,165,146,211,88,236,0,209,225,101,79,215,101,156,26,72,149,238,227,5,158,212,50,24,172,200,131,219,219,30,86,173,236,7,198,18,55,10,144,253,2,218,79,203,94,121,129,53,54,23,97,58,244,123,19,161,234,154,95,78,196,97,138,92,205,118,86,189,92,224,54,90,205,101,196,141,65,213,109,111,124,28,91,232,21,63,31,100,50,183,36,154,234,11,119,102,148,22,112,115,92,90,161,203,77,199,89,163,196,170,209,14,194,112,131,47,26,16,116,251,146,38,90,74,103,205,139,43,75,183,200,94,184,145,245,126,41,220,240,10,174,79,113,205,252,233,47,56,66,34,121,86,200,90,194,160,32,140,19,154,235,229,176,148,155,178,196,129,214,224,180,198,131,9,216,66,22,34,7,154,225,11,140,10,143,0,238,237,247,119,5,181,130,85,242,155,160,234,202,98,69,46,226,51,26,113,133,51,255,80,210,71,17,184,111,177,218,42,66,148,172,191,102,168,247,140,206,94,111,115,17,200,255,206,132,101,175,182,121,232,42,88,118,12,140,11,141,8,150,236,236,52,51,233,51,29,113,71,246,228,37,66,243,41,118,105,143,214,235,237,233,245,208,61,246,204,73,211,53,15,193,117,115,95,138,193,98,51,235,26,125,225,191,8,159,215,233,49,9,162,182,206,9,36,3,173,2,130,68,15,146,24,144,235,45,69,31,133,49,1,28,17,182,198,140,28,120,75,43,85,252,232,18,189,160,8,135,58,5,94,148,243,214,45,40,53,15,130,41,52,17,122,65,236,234,61,44,92,165,206,40,117,24,205,87,193,128,66,125,75,29,117,109,158,8,152,50,84,211,14,190,142,174,252,210,117,44,75,134,180,74,190,148,182,1,100,165,233,201,149,65,42,43,255,226,20,139,83,222,79,180,181,180,199,170,239,235,253,101,59,17,110,143,68,166,128,74,172,188,54,87,79,220,89,232,38,81,167,82,201,107,129,61,72,20,124,76,120,0,196,87,213,113,31,19,144,218,50,213,126,241,5,165,210,98,157,193,5,177,179,169,6,211,219,81,225,216,228,3,165,190,116,83,180,146,248,198,94,150,51,51,66,190,122,255,177,156,219,31,83,183,138,16,127,49,27,158,225,68,27,152,218,240,183,14,220,49,74,93,58,189,92,171,154,224,207,20,231,28,160,33,159,5,233,75,18,174,238,60,75,2,243,49,103,174,231,56,66,30,159,45,119,125,128,139,100,185,205,160,35,124,132,124,144,50,90,224,73,9,221,116,168,235,54,104,202,133,97,203,139,74,48,115,139,80,255,237,29,159,42,128,98,209,150,58,54,86,5,229,53,89,251,14,186,203,168,0,226,76,11,201,137,94,237,51,74,19,181,203,130,114,175,221,77,16,216,116,135,98,223,93,203,151,75,36,119,147,80,21,165,11,231,140,44,99,224,99,185,191,151,91,207,104,100,135,215,41,52,18,119,74,210,58,70,246,3,228,211,117,90,217,90,219,17,76,163,74,38,82,233,129,207,0,148,4,142,3,101,80,49,64,59,67,30,170,4,218,112,161,5,240,27,148,61,67,37,122,148,52,77,28,162,2,250,6,213,130,111,152,49,105,180,205,157,32,134,111,171,230,81,88,200,139,83,255,8,202,140,50,137,70,3,146,21,182,171,220,207,0,175,162,200,156,248,246,132,204,9,147,246,204,137,44,115,54,206,6,144,91,36,152,254,228,142,167,119,45,57,238,228,196,51,138,55,86,231,47,111,171,228,80,9,203,153,36,121,149,152,11,196,169,248,7,206,129,80,195,34,71,216,37,139,66,25,108,122,38,124,78,16,143,247,156,220,237,18,13,157,51,81,8,193,24,43,99,178,114,95,233,11,189,5,66,167,157,233,222,18,56,215,156,254,253,10,232,45,114,159,7,225,75,3,236,52,73,29,156,17,195,171,246,2,246,32,132,108,177,207,135,95,199,168,7,206,142,85,231,65,38,115,155,33,148,44,126,119,128,116,150,51,73,28,166,241,40,134,82,5,243,13,215,122,118,147,57,74,6,221,80,9,209,112,169,6,212,122,124,112,169,3,241,17,195,3,199,150,73,28,145,59,36,165,214,91,42,211,244,184,153,207,63,178,104,232,25,175,255,250,247,19,196,180,201,157,39,130,93,225,88,226,62,61,74,14,187,199,164,3,220,99,211,124,111,169,3,247,0,246,27,174,219,103,200,158,10,216,121,130,94,224,97,216,93,223,94,218,87,242,34,133,86,247,30,148,40,125,127,133,87,244,38,146,47,105,197,183,190,190,189,178,206,142,82,253,235,55,93,214,100,205,146,54,65,52,94,220,80,7,227,66,29,160,30,166,244,27,172,1,224,88,247,99,168,234,52,96,228,55,71,1,20,134,45,95,206,30,182,148,14,101,129,117,109,53,60,11,59,157,115,89,75,141,8,150,237,39,66,4,153,15,89,135,221,163,115,96,140,187,212,74,14,98,171,102,19,45,23,138,200,168,128,105,184,218,64,155,244,232,7,157,72,142,62,43,92,173,195,104,212,89,240,11,171,241,4,222,6,243,223,79,240,122,30,25,29,94,76,111,47,60,120,168,194,163,194,219,42,42,199,42,104,49,229,217,42,239,224,14,133,33,76,201,83,1,223,64,249,211,24,185,206,82,79,203,140,58,155,186,69,152,238,157,124,8,179,21,205,57,64,14,164,139,70,34,156,11,129,135,79,122,254,181,142,4,163,197,96,142,77,231,204,159,30,164,250,60,184,196,173,155,60,237,38,92,184,79,252,255,3,213,37,153,24,67,60,210,124,142,67,213,235,65,60,69,27,89,216,105,134,75,153,56,82,6,213,172,103,186,205,59,92,141,68,4,193,51,79,6,238,20,102,216,92,119,169,160,17,188,138,232,73,23,134,57,238,55,67,8,231,75,19,96,211,82,229,181,78,197,95,144,253,182,139,13,213,99,180,157,232,219,114,169,191,6,179,242,2,100,249,192,48,205,171,112,13,67,188,211,63,47,81,87,134,226,194,113,19,25,47,60,116,87,103,122,64,239,226,9,148,241,36,100,85,239,233,14,126,116,95,82,215,69,145,179,148,51,38,106,59,74,9,213,42,55,96,154,27,140,255,115,170,18,162,127,202,247,117,79,108,193,116,109,95,209,73,146,21,136,199,16,139,133,75,234,47,45,161,28,84,207,146,56,251,252,199,150,28,77,138,102,222,61,175,58,166,103,119,244,42,58,29,81,250,205,7,181,169,100,59,11,250,218,105,105,236,59,247,237,1,0,243,243,241,198,156,227,33,69,29,100,67,2,195,22,36,78,50,46,88,232,53,230,30,110,168,210,102,51,212,49,26,96,143,1,170,176,232,22,62,51,33,137,18,236,248,191,9,100,187,57,205,23,186,193,99,212,107,175,157,22,131,115,103,114,44,44,252,209,91,185,215,108,135,54,245,33,133,67,55,90,230,232,60,22,153,153,160,206,68,226,9,148,241,219,105,167,235,248,213,19,196,158,11,161,97,159,32,107,138,71,14,136,98,196,133,249,251,214,213,156,44,34,127,130,112,126,6,233,43,110,96,221,83,237,222,104,187,155,250,171,255,237,9,228,82,251,166,1,200,133,213,238,229,0,175,160,206,69,224,91,207,112,105,131,9,221,56,241,135,100,194,181,221,86,212,98,101,232,49,80,194,199,75,11,175,191,47,247,206,2,169,179,149,240,223,17,123,136,72,7,164,208,34,138,40,114,145,28,109,80,84,153,176,183,77,15,117,35,73,195,163,182,192,164,103,172,210,27,159,227,50,227,84,230,7,169,228,239,56,236,183,162,139,83,168,138,22,92,214,27,61,99,165,148,246,139,14,133,30,85,176,158,212,114,67,163,140,216,246,135,236,22,65,135,120,41,91,249,221,189,178,205,75,28,16,171,245,11,179,177,211,0,191,156,196,179,212,64,43,95,181,168,96,87,82,106,137,40,67,196,194,74,247,38,85,79,226,191,47,35,70,219,29,88,165,192,183,169,133,98,159,14,188,155,241,167,15,199,119,101,104,181,154,25,154,26,86,125,14,10,176,246,229,48,171,80,123,34,91,138,15,65,187,239,2,239,43,99,204,160,30,139,86,248,4,215,111,156,21,197,166,245,38,134,84,9,231,49,110,174,222,102,194,159,27,171,236,33,148,68,47,90,249,23,159,28,167,249,250,11,227,91,210,131,119,128,119,154,47,92,244,39,113,168,6,216,92,228,79,0,227,76,25,187,178,225,88,229,53,89,246,25,156,53,180,181,198,162,17,211,107,169,215,93,42,82,248,8,190,138,20,217,95,200,90,238,153,18,193,166,226,38,119,21,126,96,106,230,57,56,10,232,194,119,118,40,162,230,208,102,245,30,160,19,77,204,8,149,239,225,12,139,14,132,102,151,31,142,212,113,102,182,196,157,203,30,45,173,199,177,177,203,219,192,45,12,156,197,95,83,135,142,39,133,119,125,125,137,100,184,211,146,60,48,103,197,172,223,89,245,32,132,105,188,196,154,41,123,131,92,227,75,10,199,163,20,197,150,51,92,223,71,35,146,70,20,186,196,164,249,10,224,101,180,217,107,183,190,186,212,132,87,241,43,121,119,143,84,2,222,91,231,75,4,233,57,63,40,128,120,139,67,44,115,155,20,185,203,154,21,181,215,118,130,110,184,217,90,230,69,47,86,244,23,166,242,30,156,40,107,180,219,98,189,190,190,192,164,12,212,110,154,42,137,87,222,90,242,40,107,181,225,77,254,254,254,241,15,200,170,2,222,91,240,42,102,196,180,214,100,204,147,49,80,6,241,121,101,180,218,108,168,236,41,87,222,169,211,115,153,11,164,199,193,167,240,227,83,106,157,31,142,42,75,6,102,140,53,234,94,179,106,151,84,197,109,159,17,85,203,145,24,149,167,120,69,223,17,193,135,72,172,205,75,116,17,124,59,254,194,156,1,254,245,247,5,235,19,141,72,164,4,188,204,155,40,112,51,212,51,20,115,162,251,237,242,230,224,78,176,114,119,124,70,165,246,240,159,82,129,105,191,173,183,182,155,187,244,0,212,64,69,245,255,63,147,179,122,82,166,189,58,210,170,212,128,128,102,205,144,58,87,240,24,190,204,135,112,154,51,81,246,37,149,40,143,87,227,88,237,32,160,99,168,238,59,79,247,10,182,195,181,205,51,231,24,153,240,167,240,0,94,241,190,171,1,151,117,17,48,71,211,121,186,174,201,95,177,189,163,17,194,144,39,113,128,86,212,110,135,62,26,151,58,62,68,18,167,222,77,17,197,182,228,71,3,208,137,91,246,45,117,114,126,95,188,196,160,244,251,247,240,8,189,176,195,141,52,61,75,46,117,148,52,61,30,144,83,20,197,188,203,112,129,48,221,22,107,109,166,168,137,51,71,229,200,140,45,216,114,255,184,155,5,198,160,15,207,112,76,130,96,193,169,188,209,209,33,8,167,224,30,75,253,124,229,169,187,152,242,68,231,5,173,197,156,242,42,110,79,147,21,163,211,254,235,16,46,112,18,183,195,119,107,151,203,129,126,50,240,18,197,121,69,63,18,156,26,190,200,171,0,232,31,130,133,116,167,11,197,132,71,0,227,73,12,220,106,174,143,212,82,236,246,147,43,81,107,183,65,63,59,12,69,50,106,189,180,160,133,89,215,105,134,186,148,3,222,84,108,40,55,9,147,54,249,150,13,187,137,219,84,212,227,99,101,166,24,126,202,102,173,53,178,88,141,26,75,203,14,84,37,97,210,136,92,206,139,85,229,72,31,139,100,204,131,122,140,67,60,80,247,33,156,21,199,172,227,90,242,17,210,133,87,249,1,225,82,255,234,71,35,126,136,88,221,106,195,160,41,139,72,40,196,133,86,244,35,152,26,155,19,198,156,198,48,62,40,68,169,233,23,26,177,91,215,104,144,122,254,245,29,77,23,42,107,171,183,217,230,61,60,18,135,34,253,240,6,132,114,150,217,246,235,33,88,110,155,1,91,251,157,253,20,162,169,232,72,194,198,129,104,199,163,26,195,181,183,183,220,103,202,146,49,64,245,142,3,165,191,177,134,240,254,230,8,93,206,104,39,152,200,125,147,20,41,108,157,23,115,172,36,249,252,236,40,64,53,126,89,233,46,60,184,30,194,136,55,49,99,207,103,163,15,207,102,166,229,57,41,88,204,128,118,134,99,177,193,165,4,233,77,22,193,153,8,208,132,101,199,180,214,82,225,56,42,106,190,209,145,67,47,82,223,76,24,196,196,189,203,115,122,118,159,17,102,79,225,61,5,103,174,199,9,232,187,152,65,46,119,118,45,98,152,6,175,54,24,156,239,195,34,231,198,0,139,31,115,139,94,210,36,22,140,61,3,108,159,243,133,123,15,149,43,76,9,171,66,205,18,159,187,164,175,149,158,147,17,203,140,31,172,254,1,203,146,250,146,154,94,235,218,242,247,251,201,26,150,15,48,74,251,5,221,62,27,150,19,159,2,248,233,24,108,40,55,11,143,65,247,225,220,86,231,39,229,179,93,227,64,205,3,251,130,69,56,71,45,82,151,36,83,214,64,133,43,99,153,195,34,233,191,21,74,224,46,41,242,216,38,60,71,12,185,142,21,85,239,204,46,110,123,92,145,187,94,198,144,154,126,70,234,38,123,247,136,23,106,112,157,195,55,40,105,129,244,9,182,59,84,135,90,243,19,104,52,81,253,215,58,114,16,185,188,168,200,116,86,11,180,223,61,21,181,186,189,106,145,23,177,187,78,18,178,218,27,155,201,56,79,213,77,192,45,8,199,142,132,120,140,40,82,163,5,181,237,62,34,9,92,181,168,124,92,115,36,229,87,149,196,130,90,173,112,147,25,17,172,229,62,114,139,179,156,239,9,188,193,174,240,11,124,241,20,165,254,190,203,226,238,161,220,67,247,191,159,147,159,125,64,8,159,59,2,179,163,228,65,14,76,15,201,115,167,216,64,51,49,74,156,30,112,140,222,24,36,66,231,249,4,143,212,82,236,247,146,46,72,133,118,33,140,91,219,24,48,46,62,60,228,116,9,206,125,103,140,38,63,80,230,73,1,202,151,20,173,153,4,189,192,142,213,125,113,155,216,101,107,81,4,184,163,188,59,222,69,21,237,59,66,6,185,109,165,211,148,73,255,112,36,91,180,88,200,47,240,127,137,255,131,69,20,129,244,7,188,41,103,181,205,198,143,169,184,155,6,194,172,235,59,44,26,25,157,10,207,74,37,213,21,45,56,46,53,4,208,0,87,85,183,162,211,161,210,67,244,240,28,179,182,166,1,201,129,248,11,170,221,237,237,166,190,117,79,14,182,187,134,43,18,191,151,53,60,24,171,214,103,100,192,133,118,129,132,68,10,228,243,45,61,82,241,231,238,148,183,221,76,223,197,230,95,156,5,194,144,241,49,54,229,198,34,28,230,1,105,114,88,165,192,111,97,141,72,195,72,30,105,144,246,140,235,31,135,179,64,60,70,34,51,102,187,145,89,250,238,163,139,37,86,113,124,21,63,145,83,163,153,1,221,35,12,192,144,173,217,93,219,95,15,179,60,0,193,147,30,154,34,150,27,76,131,94,200,148,251,18,13,155,55,66,244,198,11,81,14,185,151,156,179,182,195,181,205,52,230,27,145,10,90,215,76,122,158,181,182,231,17,17,133,72,248,236,220,113,118,37,6,96,99,243,147,246,204,74,209,60,250,192,193,167,208,131,19,227,21,138,52,46,56,46,98,202,165,41,89,241,10,175,231,34,131,24,137,25,32,78,196,99,132,35,70,219,28,89,164,195,175,195,56,84,235,46,31,144,234,196,130,92,167,128,100,164,113,182,93,171,233,17,186,123,146,61,20,143,236,59,56,42,129,125,123,39,125,85,222,203,13,136,22,109,102,123,60,250,193,108,105,114,151,255,15,214,89,99,75,230,20,56,41,14,85,81,17,104,74,240,17,137,220,82,221,199,140,70,31,208,113,4,169,199,131,77,11,207,143,46,20,42,104,169,242,224,100,23,80,124,74,249,214,35,114,26,10,58,8,176,168,34,79,204,88,195,164,29,120,124,139,75,185,87,201,134,40,253,236,12,58,96,112,132,127,76,97,161,250,76,108,40,26,115,65,233,179,102,238,10,230,68,22,184,228,66,29,164,31,144,53,89,242,25,153,43,119,138,70,37,143,79,248,17,204,147,42,121,146,68,25,170,249,12,193,181,223,88,222,93,229,83,234,60,86,234,37,137,98,201,136,95,227,92,208,135,98,207,120,144,80,13,189,192,191,20,149,44,139,93,206,132,87,250,254,160,177,228,24,132,26,32,48,79,245,107,12,159,225,65,41,237,167,186,127,49,27,94,147,246,18,148,31,37,69,158,213,48,31,150,9,193,32,12,138,17,124,122,44,252,217,85,187,70,18,154,145,83,140,75,32,141,248,129,127,128,121,127,44,129,224,59,26,117,75,63,171,233,43,93,168,210,59,91,197,173,211,81,0,217,94,133,64,244,143,1,171,173,169,181,145,252,248,211,74,138,40,106,146,222,60,54,73,221,193,52,134,63,247,135,27,94,147,245,208,61,248,18,170,224,24,116,54,80,220,91,222,39,84,81,212,84,245,232,19,181,145,61,9,192,58,71,244,247,13,161,232,53,25,133,37,253,182,139,12,137,19,119,74,27,145,45,50,38,31,163,11,192,152,28,123,113,107,134,183,165,255,242,232,242,27,111,143,206,138,45,104,183,155,230,83,138,74,8,199,106,115,60,46,80,244,244,177,89,164,195,102,123,60,251,190,189,153,183,217,93,216,34,155,36,117,121,119,106,166,204,69,46,99,123,145,81,21,163,157,66,47,85,218,85,209,113,108,116,169,139,79,7,185,174,183,2,222,170,200,134,169,86,107,82,201,64,239,164,148,100,165,6,228,81,240,38,131,101,180,218,104,189,172,239,37,133,86,245,22,168,236,48,102,211,107,181,216,114,142,74,23,1,205,125,122,131,110,154,29,113,176,227,34,101,84,111,97,140,10,145,251,189,118,77,200,87,171,237,243,15,183,194,92,106,73,90,246,226,56,148,149,172,143,20,93,150,173,120,187,161,19,191,172,231,88,245,4,233,62,53,70,39,145,70,18,193,193,181,197,168,15,205,123,133,115,156,16,198,175,236,31,150,60,74,6,230,82,2,223,90,247,31,134,100,218,110,153,44,127,123,114,161,38,146,46,103,185,190,169,250,12,204,126,124,144,72,11,217,121,126,106,186,217,121,119,144,82,6,208,137,109,177,214,138,93,203,150,66,47,86,247,33,150,34,147,74,13,195,196,175,214,115,169,0,227,78,28,165,245,26,183,201,135,98,223,90,214,115,167,2,229,93,230,57,94,221,83,19,195,154,41,140,93,204,149,68,32,131,110,186,200,147,82,5,213,120,155,35,122,136,103,185,184,206,155,51,75,23,190,188,181,237,52,71,35,160,37,116,155,47,101,181,218,124,143,53,87,2,1,225,83,13,213,101,200,172,231,52,111,174,218,105,201,162,254,252,18,207,117,152,64,67,27,167,20,200,139,86,0,60,29,143,85,248,252,245,247,52,37,78,252,247,161,209,249,196,98,136,21,112,95,146,250,193,107,110,162,222,106,165,23,138,53,97,125,115,13,191,164,2,176,229,111,133,102,184,161,137,169,34,105,153,34,163,19,206,146,71,3,213,138,95,238,50,100,166,229,44,78,252,6,252,29,175,230,43,82,239,45,129,110,174,230,34,113,136,58,56,78,9,216,120,138,58,43,116,153,38,128,114,125,91,196,196,121,116,224,177,88,138,33,54,11,80,144,112,130,113,168,12,191,185,203,137,72,32,151,36,119,143,60,47,104,181,196,174,244,9,220,100,191,166,8,234,39,127,112,152,54,64,49,87,223,85,239,23,173,53,49,84,10,229,54,74,243,12,220,108,166,225,94,230,64,194,38,60,250,191,112,94,149,238,40,83,227,187,59,254,179,148,243,213,47,34,148,37,112,105,130,12,216,105,199,137,51,74,224,39,206,48,221,221,229,206,0,129,87,126,209,155,191,151,69,58,57,154,246,252,71,125,244,184,153,206,66,168,136,138,127,85,233,75,36,120,132,61,56,24,149,188,185,110,34,13,84,130,227,215,87,126,208,155,191,153,63,237,55,71,207,129,66,25,240,129,232,220,45,20,115,23,58,116,115,153,49,114,142,73,25,170,229,69,45,122,117,149,61,78,249,9,222,82,239,39,134,113,145,64,53,88,220,97,218,196,134,82,3,244,23,161,11,146,184,135,24,102,125,54,13,135,100,181,191,122,79,164,18,177,187,144,8,0,206,139,66,248,223,184,185,142,20,161,183,244,26,149,27,146,25,151,250,203,166,149,47,101,159,251,212,179,145,184,135,27,94,147,244,209,58,0,173,168,182,185,77,215,84,157,109,124,110,19,51,7,87,207,17,31,55,25,133,69,3,209,22,190,177,178,222,62,48,38,211,63,24,128,105,136,207,125,146,21,37,64,240,1,212,87,219,244,231,56,53,99,172,64,248,241,224,189,18,48,227,214,131,104,42,81,226,23,39,57,4,163,197,95,144,253,184,135,24,102,170,148,68,17,157,234,150,48,114,135,57,57,22,118,113,137,247,29,136,56,48,16,188,156,248,134,6,70,38,118,140,87,211,65,13,133,118,88,224,62,23,132,204,19,29,8,174,183,147,211,147,213,87,6,162,226,88,230,242,224,60,73,16,165,231,51,59,38,99,191,150,20,130,231,249,196,97,138,15,129,44,43,44,41,51,64,187,171,156,154,200,244,232,6,202,47,119,23,151,217,227,222,56,55,230,35,77,215,34,7,131,195,123,79,238,193,199,54,48,36,81,178,88,126,87,210,1,199,55,41,128,118,109,124,231,72,32,145,214,79,244,187,174,191,197,141,26,77,127,76,118,145,25,118,53,49,67,243,146,247,200,85,175,163,198,91,251,223,23,38,59,252,185,131,36,67,229,71,249,149,61,46,68,243,208,146,62,18,149,218,96,154,26,151,36,54,220,241,96,228,25,147,131,200,21,85,194,85,173,104,72,74,243,31,170,243,12,208,136,111,153,46,116,154,21,186,212,104,195,176,213,117,141,61,61,64,69,22,183,214,100,204,137,74,29,168,237,48,96,196,167,244,10,225,91,211,124,124,111,168,246,2,238,45,127,103,196,177,212,126,116,136,102,206,125,131,102,178,222,94,234,39,131,105,168,253,250,247,18,187,180,217,179,184,186,202,172,252,240,27,132,153,49,101,194,65,33,155,29,111,185,183,225,44,80,17,110,158,140,68,21,175,170,247,56,43,115,144,25,33,226,119,104,149,19,176,235,47,104,200,157,1,215,116,148,59,70,33,111,133,71,19,201,146,72,3,203,134,99,214,121,140,94,197,133,87,241,45,121,140,89,199,130,85,206,111,173,242,49,113,163,244,253,1,246,33,165,5,195,139,53,73,39,119,154,6,255,200,134,170,84,111,70,238,209,60,188,75,64,17,196,159,10,223,85,230,74,20,175,2,241,22,197,157,20,210,142,64,77,99,167,239,37,125,107,169,214,48,220,26,95,145,253,184,134,29,157,242,16,188,74,14,144,54,66,33,64,190,77,77,31,105,164,80,96,76,176,177,136,20,50,234,100,171,13,218,90,240,35,129,140,97,192,178,223,83,235,49,103,202,133,99,206,147,41,118,147,58,53,86,247,11,198,172,239,22,175,229,66,30,152,49,101,180,214,119,149,36,135,97,206,121,135,101,204,129,112,162,10,198,162,13,197,153,62,76,1,251,84,212,102,191,177,209,120,112,151,103,196,162,20,192,173,209,109,69,60,26,168,234,0,180,185,236,254,196,154,29,48,85,0,237,255,7,206,156,250,231,76,188,180,75,7,205,136,32,149,96,177,223,74,233,177,51,130,71,254,237,50,115,163,15,198,139,50,80,11,237,61,65,44,79,233,32,125,150,66,16,168,241,2,209,105,194,161,241,3,209,98,200,176,234,66,58,42,96,232,71,57,83,217,70,4,6,179,199,232,154,157,187,143,236,233,180,99,249,230,69,57,78,250,13,230,74,5,233,81,10,199,161,19,185,184,206,147,69,22,180,226,88,221,95,220,94,201,156,40,214,79,245,17,189,184,187,188,158,238,41,82,231,175,96,143,1,172,239,255,222,233,247,112,27,93,151,234,47,43,65,193,155,3,54,192,70,239,39,141,7,38,138,194,140,89,242,29,157,43,86,221,5,15,57,63,40,100,148,15,133,125,95,221,67,3,234,26,156,204,107,115,20,114,88,165,190,117,80,189,189,151,40,43,108,130,95,93,172,63,213,138,77,248,194,166,223,185,231,16,189,99,149,206,107,86,255,202,51,93,191,92,228,46,86,185,176,231,250,22,120,139,94,185,191,171,154,28,113,47,104,93,177,224,42,30,146,14,195,82,200,54,49,5,242,240,221,137,200,131,98,161,7,211,101,145,25,102,156,244,23,135,72,139,202,80,191,113,90,160,207,64,55,42,2,233,254,219,40,46,213,37,234,198,138,47,205,223,103,190,145,25,77,6,167,223,27,88,87,157,129,2,212,81,101,46,150,161,248,2,191,173,224,61,11,172,175,193,133,100,158,2,94,82,185,132,33,75,205,72,216,112,127,3,227,14,150,154,155,241,206,111,162,139,210,84,140,29,7,238,39,85,203,54,75,213,65,152,160,226,252,229,64,177,94,174,127,69,168,40,232,25,176,237,44,113,109,136,48,98,164,240,148,177,155,222,21,181,173,212,7,159,122,255,176,157,216,119,139,77,242,24,107,196,121,115,226,171,106,84,196,79,191,49,236,93,186,202,158,18,173,240,43,126,110,175,217,108,164,13,189,193,185,192,165,9,227,67,26,170,10,211,107,182,217,108,160,24,183,202,143,89,215,108,167,240,42,137,85,229,73,32,154,23,176,230,64,37,138,96,212,104,193,197,161,255,246,14,187,196,163,1,223,92,243,22,163,7,209,135,80,9,229,81,242,35,148,47,86,247,26,159,8,225,90,44,78,250,4,234,63,39,121,102,128,48,59,44,225,178,98,188,175,213,98,188,175,212,102,176,210,110,154,22,161,254,233,40,107,161,0,227,59,51,75,2,220,79,245,3,219,82,236,32,131,88,218,85,226,61,43,96,194,156,13,187,176,211,106,164,248,252,239,20,165,243,8,202,132,86,225,64,33,127,101,180,200,139,65,31,132,86,225,64,255,123,112,132,85,116,3,110,12,250,228,138,164,65,181,194,156,13,188,174,215,92,206,119,124,110,152,25,151,31,134,80,243,10,196,151,29,140,61,43,96,193,158,8,202,133,83,234,37,116,135,76,254,233,40,107,160,1,224,67,25,152,28,144,51,73,7,205,123,113,142,55,61,44,93,202,132,86,224,66,29,138,67,26,148,38,113,143,18,131,89,211,63,255,148,50,255,118,126,80,115,29,6,179,169,105,39,9,161,231,81,252,197,115,43,62,193,42,198,37,126,99,97,34,160,230,43,185,37,254,154,243,194,104,55,218,147,22,183,225,72,13,208,136,93,205,140,80,16,180,216,115,173,222,90,229,144,33,128,118,157,37,118,139,53,51,112,88,101,128,47,35,116,29,104,161,153,255,8,214,68,17,7,60,185,104,135,5,159,145,204,189,153,40,128,132,88,234,64,70,18,191,190,177,210,128,123,128,99,203,152,49,90,252,246,3,235,51,84,232,59,79,102,158,10,217,109,169,232,54,52,54,48,199,96,161,242,255,245,17,200,132,18,49,83,232,53,25,158,242,47,96,121,34,140,27,2,108,113,30,23,86,107,111,186,82,203,125,81,170,211,86,97,201,142,21,143,41,21,163,23,104,79,243,34,101,100,159,41,60,31,141,83,247,11,208,131,83,217,94,224,80,1,239,36,103,161,216,228,3,166,189,169,148,40,138,223,47,122,119,13,60,34,65,47,153,17,160,219,62,36,161,35,166,22,191,155,1,234,81,19,214,134,106,148,26,133,39,94,204,149,72,46,123,149,29,124,114,164,27,180,234,68,7,192,145,4,201,144,84,17,205,145,58,48,66,35,154,65,60,68,28,125,93,186,192,120,121,113,76,119,23,9,98,167,236,20,75,245,243,4,115,105,173,197,157,210,86,4,226,30,177,170,106,141,238,21,156,17,195,173,166,202,106,145,1,169,202,156,239,30,168,246,45,43,133,6,97,188,151,159,154,142,26,117,4,86,123,87,207,75,239,7,209,132,110,177,202,118,134,103,201,157,252,222,59,49,97,199,156,223,222,73,249,22,183,208,127,70,22,142,253,5,210,79,148,71,29,118,29,172,238,18,192,150,187,191,120,92,152,77,192,176,180,213,128,121,125,29,154,249,3,233,33,107,181,135,108,180,128,124,118,132,96,152,57,70,248,149,66,52,79,176,236,37,109,136,15,194,124,117,32,161,16,193,185,177,173,186,55,18,171,220,35,83,153,34,96,241,15,99,161,254,199,48,78,106,28,118,162,8,160,225,227,24,52,208,211,255,240,13,98,31,167,208,111,237,137,209,32,96,122,64,174,116,198,127,123,143,76,1,248,12,191,186,205,124,137,104,171,243,97,174,216,112,185,206,121,127,89,199,179,145,187,127,50,23,139,181,151,254,219,68,39,124,134,75,189,46,92,204,138,26,154,254,12,201,63,208,128,62,153,169,188,63,181,123,250,192,199,43,62,34,100,115,122,97,65,43,103,138,50,64,208,116,165,191,74,3,241,247,174,194,193,116,114,135,106,169,216,78,254,219,69,6,213,84,214,81,240,40,112,166,202,14,134,30,86,224,239,23,189,71,246,36,120,11,68,12,132,102,245,254,218,47,66,8,189,179,224,83,9,223,80,231,36,142,73,37,141,69,4,199,127,108,193,171,0,209,67,4,204,144,56,45,80,246,242,1,212,109,140,46,74,4,235,41,124,94,155,252,222,77,19,201,183,232,74,251,233,62,69,65,74,33,110,137,57,54,81,245,19,152,238,13,203,148,56,82,13,183,179,218,104,185,202,154,4,197,133,66,24,69,32,144,46,106,155,25,76,231,81,241,159,133,70,214,113,211,101,167,200,119,110,163,33,157,46,117,146,33,124,149,64,69,49,93,187,165,226,15,162,237,31,150,47,99,209,136,69,4,217,102,192,177,229,71,252,222,57,60,80,253,11,177,164,243,53,92,194,146,50,61,32,120,132,71,255,213,60,42,91,241,50,99,225,75,247,239,29,171,4,237,63,42,83,217,74,245,0,128,67,31,110,161,198,122,151,39,32,21,162,228,184,80,109,125,76,127,229,207,91,172,197,127,53,13,145,15,90,178,100,64,130,241,25,146,212,203,163,219,77,85,82,117,52,37,42,47,226,217,152,10,218,115,153,25,176,1,252,240,42,138,78,251,10,237,42,101,202,174,62,23,167,21,179,202,141,45,76,37,57,193,107,108,106,145,163,204,94,190,157,29,152,50,70,202,8,207,116,146,2,224,43,132,98,118,44,109,119,237,172,179,90,100,110,32,78,32,59,77,13,190,155,186,165,224,194,166,245,224,46,78,166,240,48,29,47,83,2,195,72,243,46,45,86,2,240,51,93,231,35,105,177,239,39,141,78,18,157,254,195,36,67,230,251,240,193,161,31,31,109,191,167,124,240,8,145,64,102,171,211,66,8,181,179,210,143,80,11,215,112,135,71,48,109,180,222,92,190,153,9,201,160,11,216,74,215,77,0,245,30,173,237,16,166,2,249,28,159,245,247,237,238,22,210,149,48,101,210,98,175,226,107,200,150,53,95,182,180,181,150,16,185,210,139,89,239,43,86,215,118,158,31,158,32,115,121,105,151,24,68,35,135,71,31,124,118,53,45,127,102,63,167,224,7,222,140,58,38,73,242,254,238,51,117,162,13,212,96,178,208,140,105,198,160,21,147,29,123,68,7,211,129,132,112,168,1,220,65,37,139,103,200,161,16,163,237,13,145,46,134,104,157,255,234,24,144,39,119,110,138,52,32,124,102,202,165,21,181,210,97,175,220,105,201,171,244,18,155,0,213,82,232,199,110,160,236,39,53,44,130,105,90,102,174,192,35,15,49,49,46,217,214,250,218,48,58,31,87,83,192,160,253,192,124,30,146,14,183,85,193,43,18,181,230,63,26,41,82,16,189,129,92,198,90,91,215,97,74,87,255,192,197,69,166,238,2,94,94,68,247,221,206,249,147,14,167,249,217,85,89,126,112,40,253,112,63,24,64,6,241,174,217,70,253,168,248,182,176,222,42,95,31,244,144,228,20,94,148,180,99,248,231,61,66,49,79,9,233,71,13,207,152,55,62,60,82,12,190,188,207,148,40,124,142,170,213,104,200,167,238,33,113,128,100,68,150,19,111,166,45,76,16,184,156,173,190,153,33,111,102,157,252,246,37,154,59,91,240,6,203,167,23,192,181,219,65,18,157,222,52,62,69,57,72,23,145,33,134,109,198,185,200,123,96,179,203,156,24,178,190,151,30,24,27,132,27,162,63,32,116,95,179,188,181,216,116,175,234,61,38,98,194,178,233,81,4,234,21,150,16,136,67,54,87,208,101,184,173,207,107,176,214,80,229,34,88,227,69,43,81,202,129,76,249,28,154,5,199,146,30,126,94,218,101,163,234,24,159,35,131,114,127,86,181,175,197,150,51,105,200,162,9,193,145,53,88,250,21,191,184,170,211,92,207,137,77,12,142,0,183,144,192,141,106,53,241,128,134,49,79,142,24,37,37,124,144,64,24,59,34,135,6,124,126,69,131,234,249,136,219,9,79,195,195,82,7,224,72,253,143,6,68,223,26,114,46,53,220,214,192,56,69,14,95,42,134,50,73,96,49,218,5,177,136,22,45,248,56,40,125,121,129,97,209,134,111,151,51,101,208,116,156,38,128,100,208,158,26,149,54,84,252,241,33,147,64,37,133,107,194,157,30,158,113,127,103,190,191,194,157,19,155,1,6,152,165,192,110,99,167,95,150,1,211,91,227,72,36,111,98,119,128,63,47,105,164,216,97,169,224,48,40,84,10,153,10,202,155,46,104,192,183,178,195,177,234,52,94,224,50,62,24,151,199,153,37,110,171,217,96,121,95,233,41,247,126,93,145,65,101,176,197,108,139,50,80,9,232,68,62,56,52,55,66,48,115,163,30,147,25,137,55,16,159,252,0,248,39,152,59,37,100,186,198,164,29,164,5,194,140,48,87,253,246,29,123,68,7,217,131,129,134,112,152,14,180,243,50,115,171,232,27,131,72,221,54,60,82,5,3,5,235,22,144,60,83,1,13,232,76,239,5,198,146,65,39,126,92,189,170,145,47,115,36,95,233,40,250,118,117,73,22,228,50,63,255,208,93,189,184,227,79,17,205,134,69,16,219,102,202,160,12,174,201,120,127,137,83,12,174,178,198,140,104,182,178,194,164,232,32,121,145,76,237,13,172,179,180,188,194,171,210,96,200,124,99,173,225,47,68,9,205,155,28,170,212,59,36,123,131,121,159,33,144,46,74,7,223,100,225,94,206,105,152,13,149,173,166,188,122,103,59,57,65,230,25,185,193,117,87,61,157,152,242,245,10,172,136,253,74,146,166,225,63,211,92,246,199,119,161,11,164,245,120,32,135,225,209,244,180,186,89,187,219,3,212,121,108,70,255,229,224,53,109,136,208,120,120,134,38,118,105,203,141,245,176,227,22,17,65,243,153,169,161,136,25,194,72,253,20,121,104,170,144,37,155,11,111,149,67,181,172,3,175,194,140,66,51,102,206,164,14,180,184,190,191,196,175,236,63,21,147,26,149,57,63,57,16,59,252,185,131,91,127,87,6,210,2,86,216,71,251,244,253,213,109,98,164,25,135,213,110,176,146,86,143,41,143,54,214,219,75,239,5,213,91,185,192,119,159,154,246,242,225,48,83,151,15,221,72,197,171,249,239,236,2,233,195,132,123,99,66,39,133,20,208,30,122,156,11,122,138,93,196,108,129,109,67,47,217,68,159,0,134,42,239,226,8,150,27,45,61,51,49,89,158,241,49,90,135,223,67,2,94,93,69,246,226,192,35,19,143,16,155,254,184,46,46,88,213,58,16,97,201,103,176,112,87,57,152,121,23,157,254,195,149,212,80,22,171,181,162,158,228,207,254,72,161,11,189,81,84,10,167,233,129,205,5,133,49,8,149,176,110,216,74,24,171,234,38,133,107,189,172,244,37,142,57,76,24,169,232,65,72,25,152,48,109,172,226,84,2,235,34,147,68,37,117,153,52,101,183,212,130,199,125,108,175,239,48,83,243,253,218,123,57,192,111,97,138,50,191,118,96,181,183,207,131,116,130,41,32,132,51,81,4,211,74,12,168,226,42,59,27,182,149,27,173,245,24,175,247,248,241,42,126,124,129,123,98,174,201,118,5,241,37,77,129,126,131,113,150,248,125,112,144,60,240,251,19,187,146,8,205,134,248,212,241,219,30,83,229,221,86,237,22,177,198,151,212,80,22,162,138,197,136,16,195,220,72,253,197,127,87,227,75,20,189,198,178,193,148,53,84,253,7,236,13,174,200,94,180,189,193,193,198,162,5,207,107,184,221,116,171,242,251,224,53,74,39,121,153,7,160,238,18,202,161,40,143,87,209,97,201,167,11,233,75,34,110,137,56,64,70,29,173,204,83,222,98,220,65,20,172,209,101,169,254,252,221,59,36,103,173,138,69,49,234,12,224,68,165,115,126,46,105,234,32,117,92,186,170,247,25,168,0,1,218,73,26,177,224,89,243,250,231,30,91,197,163,17,212,133,89,203,114,145,64,57,91,240,22,144,37,99,143,35,108,165,11,218,105,207,135,73,249,255,0,252,3,0,241,255,213,87,223,90,221,96,177,163,230,43,136,97,220,102,192,150,17,185,222,96,223,89,222,57,38,97,192,182,199,158,251,204,9,146,248,198,126,238,56,81,245,246,227,75,236,230,221,75,31,31,110,189,157,147,53,93,141,81,114,170,250,250,231,17,192,139,8,120,122,146,213,145,174,178,88,167,185,132,73,148,46,98,133,59,84,240,195,49,61,202,134,22,41,134,25,136,73,180,186,221,20,142,90,224,36,116,252,149,43,247,144,183,106,151,195,125,132,215,88,225,34,135,83,180,115,125,117,152,239,5,211,23,144,90,192,39,114,139,75,213,105,145,81,250,171,140,76,218,198,33,83,121,8,131,225,13,230,236,44,35,38,100,224,23,140,62,213,87,4,210,27,145,77,149,13,223,26,140,93,247,27,161,243,250,250,19,213,126,115,120,109,116,15,130,40,53,68,196,138,107,162,146,167,230,31,115,140,55,38,123,57,32,164,232,180,210,134,18,214,14,170,11,192,55,185,177,188,156,17,168,211,114,98,223,217,56,44,50,62,38,15,151,35,99,196,95,174,252,250,168,126,104,148,167,131,212,72,236,161,127,2,195,114,115,118,80,103,131,87,217,45,53,243,26,136,100,175,192,181,186,186,105,178,125,253,202,15,36,200,218,65,128,196,187,135,54,238,207,100,185,170,159,127,216,73,17,103,83,184,63,39,27,160,204,78,129,42,48,29,164,245,254,189,134,255,239,246,32,90,69,138,186,80,239,170,204,35,65,9,233,50,32,96,100,147,193,41,200,33,139,61,211,204,161,227,54,154,130,229,229,18,100,130,235,192,226,42,123,154,43,99,202,145,61,46,107,179,212,104,189,193,189,171,245,41,132,88,238,47,117,134,100,204,155,18,190,191,195,154,39,125,121,120,141,76,90,195,154,41,135,99,188,187,166,225,101,122,255,179,150,235,237,231,250,191,147,174,246,22,122,252,14,213,123,121,80,118,133,81,250,182,170,8,221,42,62,43,106,74,245,241,129,50,45,80,228,72,25,176,204,58,183,194,156,25,109,160,235,67,37,44,10,213,64,147,187,132,229,194,85,109,105,191,26,117,138,232,3,99,134,27,93,151,233,245,209,109,71,24,169,227,75,247,5,138,47,122,119,13,60,35,62,56,128,94,186,143,34,103,169,12,205,148,51,82,225,48,92,242,27,170,241,20,152,12,177,205,137,76,11,177,218,12,99,136,207,118,44,109,107,146,8,212,112,169,216,52,65,27,192,209,155,50,94,190,152,39,159,54,107,188,181,178,188,160,243,8,119,125,138,222,48,117,132,228,183,179,143,69,80,227,74,11,163,153,250,229,60,28,93,183,182,224,96,234,78,6,198,128,106,196,181,232,77,17,160,246,240,231,32,136,90,224,84,11,223,64,18,175,228,67,45,130,100,166,224,53,30,17,122,65,235,237,232,246,204,113,29,146,54,7,181,231,57,23,183,157,202,29,154,15,44,78,248,168,221,114,85,206,157,23,113,120,41,33,111,150,18,103,41,218,69,20,82,222,111,129,228,60,46,100,139,70,249,25,162,180,114,156,235,146,188,130,235,176,140,199,89,2,138,56,97,148,23,157,184,174,255,224,241,16,210,7,182,226,17,166,5,233,65,68,44,88,207,136,94,225,96,204,109,142,41,99,85,196,158,240,28,86,201,172,235,213,246,253,213,229,201,2,191,134,212,232,199,116,96,77,199,89,165,29,119,80,125,54,12,139,75,227,80,210,116,167,249,37,66,64,4,246,219,196,12,50,231,41,250,220,242,224,51,30,115,128,122,132,74,249,252,224,54,58,76,239,5,196,147,52,73,15,136,213,46,37,65,43,53,21,49,57,100,69,194,12,224,34,156,230,160,119,242,167,233,189,148,202,86,178,86,173,167,186,190,137,102,136,186,41,220,235,29,32,107,70,231,79,151,44,125,118,63,173,230,62,21,128,161,133,91,213,94,166,217,39,150,18,197,141,35,137,61,50,10,177,183,199,109,184,149,205,58,2,87,68,123,0,98,48,139,101,149,66,245,115,254,92,106,161,147,17,83,190,152,245,14,193,178,219,64,73,229,35,237,236,254,220,66,44,109,181,188,104,45,97,191,177,165,249,224,101,190,95,112,161,220,192,52,26,35,9,127,237,233,84,158,246,252,252,148,23,158,181,182,233,17,51,79,244,18,129,100,158,44,106,93,120,138,32,244,150,243,152,170,158,146,248,17,45,77,205,90,129,137,50,51,90,189,167,144,5,94,147,246,205,135,46,121,81,98,51,192,63,33,20,142,220,38,148,200,154,51,82,179,95,160,232,61,223,130,224,72,14,178,171,203,81,27,134,106,156,246,17,164,253,169,212,78,4,182,220,41,18,108,109,22,6,51,216,219,199,199,175,181,226,20,23,20,28,41,100,76,231,208,69,2,183,199,147,59,63,20,204,91,190,26,102,144,37,102,195,168,3,212,34,0,232,41,115,93,208,90,246,10,124,25,167,201,249,137,28,31,20,95,79,195,179,62,8,209,20,150,33,46,77,36,97,67,30,135,88,174,220,55,97,201,62,211,120,86,81,129,50,219,226,245,140,12,232,215,81,24,98,229,30,110,170,206,113,48,34,6,155,221,24,184,193,142,86,253,250,171,238,251,18,132,199,3,80,143,48,230,24,63,214,48,60,39,238,237,27,142,15,145,224,77,220,74,117,11,110,119,0,94,174,206,110,37,203,78,225,97,203,52,217,53,207,228,135,158,246,96,35,157,238,21,252,93,84,152,249,176,159,147,198,208,95,211,120,223,53,70,36,144,76,1,234,22,144,12,184,175,228,60,34,115,154,26,133,73,2,244,246,241,225,23,158,6,167,200,59,60,224,218,66,203,83,83,245,47,237,215,208,22,72,162,200,85,204,160,14,107,51,42,241,126,184,10,177,47,182,227,28,139,155,127,239,198,111,79,193,44,251,47,67,47,118,223,51,73,22,181,224,69,28,128,83,196,146,33,145,55,46,79,2,207,106,152,43,111,132,69,228,12,188,170,188,138,244,18,144,87,211,103,185,66,156,96,170,6,219,3,108,125,247,108,240,100,162,93,45,127,73,2,52,182,75,178,171,155,222,214,253,42,88,2,74,242,13,209,141,81,239,29,126,88,179,197,131,95,226,89,251,29,160,253,221,83,5,241,47,113,173,204,109,108,17,70,15,181,196,150,32,130,93,203,128,99,187,179,202,131,89,216,92,207,116,134,80,243,8,203,130,91,208,113,144,51,74,5,212,102,176,210,107,161,255,230,49,80,242,11,193,158,7,206,120,121,120,123,114,139,66,29,139,65,32,129,95,198,144,51,73,7,204,127,102,177,209,112,146,10,90,211,91,191,7,75,113,31,159,5,97,41,196,244,88,59,147,0,209,96,40,242,149,177,57,194,238,176,211,107,163,251,242,12,191,165,243,11,194,156,16,179,200,138,69,18,173,219,80,242,12,189,171,224,67,26,148,40,108,159,4,213,99,184,186,180,198,145,48,81,239,21,164,248,251,241,15,180,198,145,48,82,235,32,129,94,200,140,63,36,119,127,102,175,212,101,178,204,125,108,158,228,11,192,157,224,29,59,59,227,218,99,123,112,167,139,187,100,55,39,64,131,65,65,42,57,23,64,0,123,251,83,126,115,133,251,86,2,190,165,77,106,47,8,170,157,214,237,184,249,229,69,38,117,167,12,193,184,197,152,56,76,1,251,90,195,155,36,130,100,184,195,140,46,126,46,227,6,155,221,68,173,182,184,86,201,170,239,249,243,97,47,225,242,235,216,37,1,126,168,216,110,176,237,27,166,8,205,142,57,79,94,184,196,196,176,212,113,129,79,227,173,174,185,171,211,122,129,119,120,70,201,139,31,143,73,5,181,202,109,149,16,137,49,114,97,171,215,115,159,248,239,28,129,84,220,85,210,91,195,154,39,114,156,232,181,143,0,174,213,13,199,155,12,209,103,182,119,101,215,95,85,100,171,167,255,43,94,187,138,49,59,40,136,116,179,249,22,154,11,222,112,192,208,139,49,63,22,159,19,175,228,38,70,254,224,88,241,54,111,185,178,195,177,232,80,34,156,255,215,80,241,30,140,76,239,234,25,172,248,235,20,171,213,89,202,138,54,52,53,77,207,114,133,14,50,230,155,172,201,133,71,177,194,139,64,210,110,183,89,193,194,158,151,159,248,191,180,9,193,145,8,183,169,217,92,225,86,246,33,123,99,190,185,204,151,62,24,139,53,70,38,119,145,31,89,210,142,79,28,179,195,147,76,22,199,173,204,112,129,52,59,65,49,99,207,139,61,32,146,60,65,53,82,219,68,5,172,216,125,65,29,132,18,38,10,47,242,249,248,240,172,181,177,220,1,76,128,42,13,98,176,172,45,74,246,219,220,27,94,149,31,34,93,209,88,228,255,207,153,34,94,240,235,166,218,6,205,117,134,101,197,95,160,233,19,123,228,12,190,164,205,86,144,60,16,209,80,144,170,84,155,162,36,73,240,54,76,210,74,167,203,25,31,230,199,151,24,65,131,126,77,249,81,93,86,146,11,121,67,167,140,127,86,244,30,172,229,80,246,23,187,205,126,117,133,107,187,11,176,210,123,132,114,142,66,16,163,32,75,141,8,149,238,18,66,248,242,167,215,129,105,138,64,124,223,208,35,87,148,241,157,169,38,93,220,105,195,154,42,137,105,169,253,11,212,102,195,184,209,111,170,1,236,30,156,41,113,144,71,50,189,156,17,193,174,231,47,97,178,189,152,141,12,157,254,219,98,203,154,15,113,20,172,220,89,173,225,41,137,81,168,150,47,50,191,56,15,69,163,178,85,176,247,153,244,2,194,87,205,105,40,117,138,32,110,142,230,49,111,96,103,173,245,234,212,78,26,105,148,32,169,254,218,71,18,159,250,232,47,70,0,211,107,184,195,174,177,89,164,196,99,180,113,155,32,124,128,89,221,0,202,168,236,174,90,201,76,14,252,232,28,103,154,6,220,121,152,41,117,146,34,120,164,25,167,253,248,235,21,147,253,226,80,8,221,93,199,131,110,172,240,39,94,189,156,226,46,92,227,85,2,242,8,186,184,208,144,81,255,213,87,204,82,216,87,12,216,78,237,31,120,112,143,82,221,60,34,129,124,120,145,35,105,166,160,4,245,160,236,64,35,9,71,2,161,14,252,233,24,115,116,115,131,122,142,44,83,237,12,179,188,179,185,167,224,68,42,107,181,180,156,0,233,65,50,102,216,107,150,23,182,212,128,135,105,152,12,175,171,222,116,175,237,57,83,221,61,54,108,199,166,13,209,95,184,169,192,159,242,6,233,26,138,80,228,44,85,244,245,242,253,234,51,79,0,214,81,236,188,142,63,15,192,107,137,105,179,124,13,202,72,10,217,245,124,33,255,208,68,131,51,49,58,4,159,230,71,238,33,159,17,222,24,189,141,89,183,90,76,110,76,143,93,172,207,72,246,240,25,181,237,73,44,124,105,153,30,166,27,193,199,162,235,17,162,3,251,251,14,137,17,131,45,235,11,237,170,147,154,56,28,173,187,77,114,251,165,133,125,73,217,203,86,223,64,247,217,7,215,22,10,20,161,189,144,190,20,92,207,79,115,63,15,216,101,135,45,255,195,51,211,202,27,155,11,103,17,211,77,246,88,73,146,221,40,34,72,150,189,234,21,195,181,203,162,9,207,158,38,119,163,14,193,195,166,248,28,154,26,186,214,104,206,139,72,45,117,135,100,200,145,86,253,241,44,102,182,228,69,25,187,24,138,69,37,139,99,186,188,161,240,58,250,126,52,19,119,108,17,129,62,28,130,110,166,8,195,100,111,152,249,1,243,7,176,218,60,38,93,161,232,76,211,99,214,101,165,230,52,56,47,73,15,167,225,47,68,152,37,122,81,221,63,211,105,197,93,112,145,73,238,201,113,179,158,243,2,251,1,210,95,201,122,106,152,32,116,120,109,157,35,129,118,112,144,223,70,48,236,6,243,10,83,106,153,219,96,255,213,116,141,33,39,68,242,1,130,71,9,239,28,127,89,219,67,13,176,219,65,18,156,227,50,105,183,177,197,153,8,191,155,27,130,75,244,224,205,70,221,24,136,191,129,108,174,187,170,147,42,131,244,238,59,50,220,208,103,114,155,85,221,60,8,183,175,198,126,237,57,79,252,226,31,151,6,136,193,124,123,128,68,13,106,166,16,79,223,104,156,150,42,123,50,100,59,79,11,199,130,63,53,45,36,35,122,147,210,157,144,14,67,228,3,166,240,186,156,32,137,69,14,174,213,41,232,35,130,59,26,167,228,60,228,32,164,232,179,211,129,32,170,140,36,136,80,238,19,160,0,166,112,139,71,235,10,213,90,220,17,222,203,92,90,161,203,77,249,159,237,45,96,189,124,224,34,114,62,22,137,40,103,169,212,125,47,61,78,203,110,143,77,27,193,197,153,12,175,218,109,190,216,134,110,137,55,48,81,255,233,53,50,74,171,200,155,23,153,234,152,252,218,231,33,86,199,76,129,99,185,195,110,158,243,46,100,110,67,40,70,129,239,232,186,69,203,9,148,83,162,233,35,133,249,232,38,13,157,18,149,46,33,104,205,133,51,104,139,220,197,2,144,195,194,125,69,250,224,20,111,105,135,242,235,186,60,143,204,139,61,209,211,140,34,119,215,205,4,134,45,20,114,26,50,140,44,105,169,252,11,216,93,227,87,235,33,145,63,37,137,97,191,187,204,129,113,155,20,190,194,158,31,249,231,53,108,178,206,130,80,227,97,136,213,47,34,71,8,102,131,54,34,112,142,13,115,146,231,22,196,150,175,86,212,41,173,216,77,211,86,205,115,164,15,168,224,73,251,231,33,133,67,9,187,182,222,84,4,197,103,165,11,212,88,205,128,84,218,78,14,169,216,77,237,25,53,21,126,73,251,238,219,210,122,145,69,25,74,238,61,45,234,165,230,241,84,226,46,48,61,32,153,47,73,252,242,255,220,67,29,122,102,159,217,66,19,190,189,187,204,161,249,237,48,103,190,191,180,182,177,194,155,33,132,98,174,178,85,174,163,197,143,211,60,11,163,239,19,117,24,124,97,136,50,110,154,164,119,114,79,59,45,77,212,82,221,85,8,231,72,45,109,143,48,120,152,53,102,192,145,35,105,123,94,196,191,187,164,234,41,88,206,115,161,238,8,187,183,224,78,25,138,52,66,186,135,40,76,245,2,176,124,92,184,180,143,29,174,217,231,173,208,52,137,65,16,140,43,83,238,49,126,140,82,12,185,168,239,46,136,110,171,254,215,79,230,4,193,155,60,80,227,46,94,186,169,226,82,220,63,23,158,26,154,33,115,122,113,46,58,59,27,154,219,57,90,224,251,89,37,111,83,205,6,60,228,55,23,26,86,188,151,11,147,241,229,19,77,216,243,147,140,214,109,151,196,251,20,137,69,109,10,80,164,211,33,75,141,217,150,14,202,146,57,56,81,23,166,241,41,147,59,50,95,217,100,184,207,140,77,254,252,6,225,65,57,98,205,125,125,126,125,110,173,247,28,143,72,36,152,29,159,31,155,20,186,203,226,42,101,196,181,230,49,89,202,115,175,156,152,229,255,179,198,45,47,50,45,81,236,192,138,103,173,105,39,97,128,167,232,29,101,160,0,10,208,101,168,240,3,205,112,152,10,184,172,180,190,191,185,203,152,48,70,0,232,66,47,103,197,179,185,167,225,46,86,149,46,110,144,221,81,205,105,105,144,84,214,234,48,105,104,210,32,140,84,222,243,15,146,26,100,215,239,255,13,202,162,243,181,203,95,177,157,229,190,115,86,173,206,10,206,132,88,4,222,83,242,231,254,98,181,177,191,169,224,43,106,108,134,114,126,241,25,176,148,69,165,255,241,16,219,89,224,75,221,28,10,189,153,5,215,86,202,144,9,224,189,147,50,88,199,92,191,160,158,233,47,62,49,23,135,111,160,186,29,220,76,189,144,189,24,80,245,221,201,74,224,43,79,199,1,182,191,161,215,57,231,58,231,193,173,6,199,1,117,116,71,183,165,22,198,203,79,197,130,105,106,174,184,229,53,202,235,183,136,211,45,61,108,143,66,213,0,167,137,19,236,104,170,233,235,53,55,243,32,122,112,107,156,36,66,62,255,200,12,106,124,88,232,76,18,135,199,213,28,116,150,9,107,43,46,37,63,62,39,106,121,82,155,27,104,145,213,74,158,26,179,231,2,196,185,195,111,117,37,79,142,194,253,130,105,164,158,108,193,130,88,51,183,70,193,126,31,79,130,249,54,51,111,177,214,137,91,210,124,125,124,120,171,4,218,116,168,236,46,99,193,167,29,173,228,103,208,123,156,35,130,133,182,177,210,131,117,133,95,186,165,25,94,82,185,130,41,52,17,122,63,19,46,120,146,8,81,14,212,124,117,92,83,239,21,174,153,0,4,231,13,150,34,135,245,244,243,125,62,8,190,156,30,150,58,46,20,42,105,165,255,187,183,168,14,195,82,150,46,51,186,70,229,194,43,26,30,85,10,103,134,73,17,142,220,64,36,37,103,212,47,63,73,18,144,47,176,67,165,165,209,40,53,208,17,239,79,230,50,98,231,75,2,232,29,100,64,238,227,5,158,213,48,30,137,247,255,3,115,114,174,217,230,177,196,92,221,143,48,69,238,5,203,160,35,140,84,226,52,100,215,110,165,227,46,73,218,70,24,184,221,87,242,39,98,178,234,72,22,181,221,58,38,96,150,16,184,215,126,124,134,105,162,238,30,164,21,183,211,124,93,190,152,239,14,215,109,142,46,95,183,179,192,190,199,124,95,185,167,230,195,131,128,112,177,198,59,55,25,131,27,123,147,51,42,143,56,193,7,98,133,220,19,139,131,73,3,119,95,204,103,182,135,55,97,201,63,141,138,63,226,33,11,45,16,181,157,135,16,142,196,99,132,34,166,222,26,29,87,169,180,208,84,254,200,145,79,3,8,155,53,28,117,41,77,148,55,91,239,246,241,227,41,112,178,226,82,9,229,41,98,222,94,223,100,205,107,146,252,120,71,217,36,142,55,56,17,139,242,25,80,140,17,143,46,91,244,229,208,190,144,85,239,234,246,143,33,171,113,61,155,54,26,125,18,145,202,150,63,66,253,220,91,139,238,40,70,130,237,239,167,126,33,10,146,84,159,32,146,49,65,225,204,46,40,244,209,60,251,9,200,136,33,89,134,91,136,240,246,183,219,10,4,104,147,77,8,160,254,224,10,75,7,211,244,89,249,210,142,16,155,184,159,160,21,194,184,153,6,233,38,98,121,103,183,116,35,61,199,89,25,223,69,27,101,215,245,224,58,220,62,42,242,141,46,28,157,71,253,253,241,242,172,195,139,74,243,218,65,27,183,212,89,204,131,76,245,253,12,219,65,18,156,226,39,99,200,125,95,217,110,138,57,43,103,156,253,222,70,28,147,49,66,13,189,58,181,182,132,103,242,6,194,116,122,125,118,152,10,157,6,189,156,17,198,186,221,108,172,217,73,13,210,147,82,22,184,169,216,77,255,5,221,108,143,10,187,190,154,8,207,102,165,231,51,58,40,90,167,230,81,9,186,168,238,11,183,184,208,99,170,215,77,208,98,195,178,220,106,187,190,156,7,230,65,61,68,27,130,75,209,248,198,93,152,49,77,247,212,65,206,131,50,74,251,11,161,3,233,12,162,125,237,184,233,1,201,171,238,239,246,164,211,2,101,20,62,52,65,200,239,55,32,127,189,27,27,65,253,163,195,38,12,254,216,109,181,232,45,111,175,239,22,183,221,98,191,189,198,155,19,189,189,183,191,186,202,146,47,107,185,199,142,76,24,180,202,155,43,196,135,79,6,233,61,43,105,153,8,241,213,236,234,239,224,14,132,33,75,241,131,43,66,17,162,14,198,170,221,23,86,226,24,163,14,182,161,7,183,183,172,180,175,249,204,117,150,52,93,227,90,208,106,186,202,154,42,126,88,205,106,159,176,223,82,230,65,21,170,154,254,10,196,38,241,3,159,21,231,41,90,173,199,130,116,162,239,8,207,102,165,230,53,52,57,39,65,27,186,209,98,178,211,92,194,147,56,44,82,219,37,106,194,195,178,226,95,191,155,47,126,129,117,164,230,35,105,122,113,183,210,137,92,228,42,85,238,63,57,84,9,232,27,130,78,233,39,27,146,76,152,3,253,236,174,89,203,69,36,187,173,207,79,225,54,90,244,247,241,21,150,20,154,28,127,88,201,96,190,152,31,154,49,117,145,56,48,71,35,151,66,46,112,131,78,234,250,225,55,91,241,51,116,150,27,139,95,228,90,254,242,253,219,66,33,160,12,222,55,18,153,15,216,125,94,187,181,181,183,179,221,86,209,96,179,205,153,34,152,14,146,182,139,13,136,23,105,114,87,206,4,221,87,166,216,126,117,101,204,94,134,233,54,57,175,197,146,216,77,34,67,2,255,239,205,26,90,113,92,17,248,251,247,209,146,195,116,125,17,159,5,129,82,21,143,186,186,178,215,51,79,223,103,183,118,44,109,120,237,174,173,107,49,8,83,182,233,211,92,247,208,97,191,82,223,109,151,202,132,118,27,122,152,238,21,211,151,70,31,127,97,239,66,65,42,83,220,61,43,15,168,18,171,165,246,222,85,230,17,72,242,47,118,156,38,127,12,152,165,190,117,80,189,118,75,206,117,33,97,199,118,138,12,166,19,180,159,237,194,130,245,20,195,181,164,208,251,190,117,80,26,129,49,217,35,70,219,92,129,244,21,205,115,251,136,61,237,2,153,248,38,114,18,18,66,231,182,132,55,175,89,192,196,189,137,64,185,147,33,28,121,156,26,75,159,203,31,81,50,150,34,132,43,134,231,10,188,85,213,82,115,170,1,245,10,123,89,251,252,197,122,26,121,17,191,196,180,166,226,61,229,76,14,188,159,160,235,68,34,53,220,32,99,180,204,162,218,240,106,148,28,35,109,112,119,23,133,118,141,244,171,198,73,37,42,164,147,24,146,188,128,57,29,58,29,173,229,11,192,152,52,40,109,169,203,101,53,197,47,132,47,126,52,20,142,50,206,237,241,15,178,163,213,18,183,112,16,75,158,34,107,54,32,214,75,38,124,67,248,157,232,194,36,214,246,12,184,96,38,147,12,186,14,38,249,169,197,75,205,8,103,237,11,216,119,138,71,38,121,120,143,69,22,185,206,123,138,178,187,179,224,103,188,177,217,75,240,57,255,113,92,153,227,51,225,26,141,215,69,53,77,223,66,118,240,157,188,140,246,202,17,76,62,23,178,227,61,79,23,161,35,153,28,177,228,59,81,19,175,248,26,155,50,177,191,167,0,242,32,130,101,167,222,56,174,170,197,134,66,44,108,184,181,142,241,18,138,77,15,178,174,222,49,72,248,211,84,11,150,23,185,214,141,90,234,32,124,139,97,236,60,61,27,132,50,215,41,53,16,173,134,93,216,86,241,4,221,1,199,176,210,252,112,134,23,175,26,142,41,64,13,176,229,77,17,205,153,12,175,218,105,194,177,236,58,36,106,149,247,242,36,159,51,116,166,236,19,195,196,195,195,178,187,163,233,250,237,57,91,242,35,153,17,167,11,229,85,252,12,174,204,111,105,158,28,165,15,216,122,110,141,79,11,223,96,200,123,98,176,193,158,183,191,197,45,67,61,45,234,166,230,247,14,252,233,25,112,126,92,222,84,217,74,8,188,163,238,32,115,123,96,156,9,184,196,183,213,128,136,93,192,155,49,105,200,175,224,49,66,11,149,28,172,246,242,1,228,39,99,176,220,63,23,141,21,160,239,5,215,111,174,239,45,107,155,1,226,79,14,210,141,89,199,125,93,200,150,36,127,89,200,134,236,255,235,9,210,52,46,124,122,39,11,208,53,65,51,232,162,175,86,203,85,81,201,109,136,28,3,177,207,113,102,138,243,19,97,73,154,173,115,95,68,129,236,217,133,120,78,196,127,138,81,169,109,44,64,37,111,172,231,41,3,254,156,140,214,255,0,208,8,171,64,20,178,174,212,192,16,61,220,43,25,98,72,167,43,81,6,232,52,76,19,171,241,17,197,178,224,68,41,123,141,62,57,57,68,25,173,243,16,180,221,103,190,169,252,9,43,80,245,26,185,207,120,131,75,240,35,87,184,188,185,94,183,189,58,180,185,124,126,171,220,66,246,236,23,184,212,142,74,0,217,113,168,16,191,149,22,145,3,214,137,90,199,128,103,160,248,239,25,134,68,7,161,241,25,180,212,119,149,60,35,114,166,252,255,254,254,215,80,226,16,167,6,255,12,212,129,90,202,156,62,81,5,234,20,149,21,148,40,248,123,100,123,128,166,236,16,139,53,78,3,239,6,171,222,58,61,80,19,207,136,98,177,202,170,3,254,254,7,188,160,243,222,58,59,79,27,164,12,219,76,239,28,172,5,230,69,45,74,246,241,227,36,110,179,235,71,53,77,246,247,24,186,216,123,124,95,181,181,194,175,220,93,189,125,65,31,128,55,23,77,7,128,253,215,181,73,213,214,187,44,167,185,131,37,94,237,40,64,250,137,63,10,162,160,13,183,49,224,3,55,97,113,12,88,121,146,28,35,88,57,40,116,106,160,90,67,163,169,197,74,208,0,127,166,226,90,243,12,221,103,177,231,53,71,41,128,103,203,228,39,112,166,9,227,58,61,31,117,131,231,173,206,61,61,112,140,49,42,81,218,73,32,172,8,247,26,137,55,65,57,97,232,88,244,245,243,253,236,48,89,233,23,114,120,108,161,18,199,171,5,230,37,105,186,209,143,91,227,40,90,199,146,75,10,224,51,30,116,125,132,109,142,44,99,171,214,84,234,19,153,10,201,170,240,53,51,29,120,115,173,247,239,9,205,109,144,42,126,121,103,156,255,228,67,28,150,18,156,14,71,143,41,44,110,221,70,1,185,173,231,55,77,235,251,238,14,207,157,32,158,2,210,133,122,133,96,179,189,156,227,53,107,188,160,245,8,188,164,235,39,93,189,155,228,38,125,150,61,83,14,180,182,205,167,14,228,75,240,2,205,76,213,98,184,143,17,96,206,50,182,235,188,101,81,239,143,119,103,207,127,58,20,73,227,209,249,87,115,148,33,40,208,151,1,218,174,72,149,212,69,204,75,144,209,175,195,176,245,17,178,228,99,222,75,18,192,195,154,39,125,126,105,188,207,137,71,37,157,34,127,126,147,66,28,165,31,168,235,57,101,31,115,138,89,254,10,199,152,13,170,11,137,210,56,5,158,245,117,85,197,136,60,64,50,102,169,178,133,85,192,170,250,241,239,27,122,108,139,24,131,123,69,6,219,114,158,45,130,100,171,221,107,178,239,60,53,51,60,31,129,11,206,135,73,23,147,49,6,186,214,96,82,110,140,4,232,112,142,42,61,31,143,65,56,41,59,35,126,130,130,134,112,159,251,231,71,52,112,184,216,74,247,238,237,23,201,173,248,38,132,74,245,13,231,83,7,249,8,186,167,222,28,131,110,166,228,44,101,165,233,30,154,30,120,106,152,9,199,60,46,118,26,126,140,64,178,78,236,227,73,74,255,215,55,50,87,231,64,18,132,80,228,59,67,43,117,148,47,75,248,13,204,146,65,57,40,93,188,130,85,5,242,255,218,91,196,139,54,68,5,197,131,46,74,8,228,101,223,111,184,181,181,199,168,26,187,196,172,208,99,171,188,57,4,162,201,122,3,226,72,211,82,16,189,140,90,182,127,1,239,14,47,70,15,99,172,5,155,250,22,171,195,150,122,227,197,70,239,204,72,151,185,246,239,41,131,125,108,177,225,81,243,30,162,28,143,72,29,157,13,206,146,159,243,16,218,108,159,17,164,231,44,10,182,231,24,29,145,46,98,144,55,37,149,46,16,92,221,41,217,232,255,118,16,108,39,59,89,145,59,246,172,209,151,242,252,239,195,141,100,176,128,100,214,252,214,130,49,76,37,131,77,241,21,149,24,143,70,27,128,84,192,45,38,59,253,235,206,107,202,131,237,151,22,142,40,109,147,19,180,142,33,161,239,159,17,198,81,24,71,255,13,188,67,148,31,116,117,133,76,233,51,32,169,146,27,124,103,128,82,232,200,106,172,200,147,240,250,24,166,163,119,22,62,67,7,96,162,91,172,198,125,60,161,150,31,119,140,28,126,70,18,90,225,30,122,70,240,192,174,185,191,129,10,225,87,213,97,211,5,244,28,139,40,136,255,254,237,41,121,99,159,239,236,1,239,11,201,143,250,12,175,180,194,54,85,203,111,157,145,5,211,102,136,39,31,145,18,180,74,144,178,64,145,184,69,221,242,43,46,66,63,47,42,67,187,142,207,255,71,163,6,205,35,220,112,117,126,193,14,66,206,87,148,241,156,172,31,116,149,53,92,207,138,96,202,132,103,196,166,241,36,148,60,48,102,205,232,24,156,40,132,86,233,26,131,127,44,231,248,198,92,187,36,74,229,39,97,209,125,133,77,183,64,39,107,171,181,200,115,173,230,233,211,121,84,86,113,100,71,158,192,42,50,101,49,65,243,235,219,65,13,60,57,61,7,185,172,141,59,79,192,71,12,215,69,194,132,122,72,6,249,9,185,172,228,40,95,184,190,153,11,154,158,211,53,14,180,114,152,40,101,197,137,77,178,183,226,62,182,65,20,109,172,33,122,102,138,47,77,26,193,199,176,220,74,252,13,234,77,31,138,51,60,30,93,184,178,225,79,21,192,179,197,138,88,236,63,68,35,106,149,21,164,12,196,170,213,55,54,93,234,63,66,50,72,4,244,37,144,77,11,176,197,132,43,81,246,33,159,28,172,211,99,217,125,149,58,38,98,177,192,160,177,209,143,208,92,242,15,70,147,30,77,12,2,215,81,201,115,130,118,145,33,116,138,55,50,64,42,84,216,74,215,79,250,10,239,62,64,46,76,243,30,177,246,23,169,216,76,238,236,16,186,202,151,65,52,80,232,34,145,65,66,50,86,208,103,158,224,62,22,151,52,102,196,158,3,206,144,83,8,212,86,207,102,180,228,63,63,26,133,79,147,11,200,116,144,251,217,122,126,25,19,65,189,199,123,6,177,47,48,56,38,66,230,18,194,124,119,159,18,219,35,158,236,37,247,137,197,6,62,174,98,136,240,47,47,69,231,36,141,67,10,185,188,160,248,246,29,124,95,150,148,251,239,18,131,51,249,1,145,164,124,244,154,206,134,249,165,235,93,182,229,63,249,214,4,181,92,86,65,181,207,111,61,144,84,200,133,173,75,140,240,241,199,88,103,73,70,254,1,3,221,101,201,140,88,225,68,53,95,202,161,20,169,4,235,37,140,74,7,235,60,49,110,187,183,214,102,204,135,82,5,228,59,77,17,177,235,144,34,129,128,118,131,100,168,218,124,52,208,62,244,212,86,85,182,159,250,232,60,60,72,5,161,187,182,158,17,197,144,19,178,182,185,167,197,123,148,251,231,76,43,129,118,141,47,70,21,194,202,165,11,203,114,126,87,203,1,234,42,65,13,177,124,111,180,146,211,105,192,137,246,233,75,214,87,243,20,151,16,183,177,197,134,86,210,96,177,205,40,106,195,51,51,108,158,150,161,242,208,130,152,9,216,98,163,161,214,60,35,29,119,119,158,35,106,151,33,113,132,76,6,193,147,26,105,151,34,143,67,42,117,146,34,115,155,31,151,50,94,184,170,215,55,199,88,165,191,149,152,246,12,205,93,195,72,10,226,216,67,60,48,225,192,151,227,73,75,251,226,22,142,42,84,210,240,48,105,174,204,97,208,93,131,206,86,238,41,74,251,159,7,238,180,174,251,226,198,154,45,29,161,130,122,140,69,8,174,234,14,128,16,178,235,202,180,74,223,207,64,238,227,55,230,23,173,225,60,40,94,198,86,97,184,194,121,96,212,92,214,22,137,105,153,161,11,219,19,210,21,137,87,225,59,43,87,217,27,18,166,247,218,61,61,32,137,11,240,151,249,131,38,59,254,235,213,80,9,217,67,241,236,2,132,62,57,60,44,49,194,127,81,131,98,199,123,58,29,173,204,7,215,117,67,67,194,131,108,165,240,227,171,194,134,229,60,56,42,59,89,127,76,16,185,180,152,141,27,95,160,141,7,152,229,49,246,231,64,40,101,134,197,117,120,41,83,210,76,248,246,238,47,25,128,132,41,88,223,88,243,45,109,170,224,52,75,22,185,218,103,193,142,42,83,232,210,84,247,3,214,51,189,139,44,243,254,191,138,1,100,188,173,231,4,221,53,102,187,105,82,251,204,238,169,188,61,186,109,36,67,70,202,112,140,76,165,227,54,221,44,102,154,30,80,218,118,140,34,130,224,205,249,105,22,40,244,209,22,191,127,62,16,160,213,45,47,52,234,3,114,20,7,99,197,141,227,158,42,70,11,27,1,106,86,191,93,150,173,119,188,157,35,150,44,96,214,126,138,69,42,130,117,139,95,199,155,26,150,47,93,205,142,79,248,12,199,142,74,101,163,3,1,233,42,111,137,54,102,118,10,145,252,185,178,105,123,77,219,70,14,140,245,12,122,95,234,39,253,107,150,226,129,90,199,103,155,11,223,88,204,115,142,42,91,198,149,21,151,12,146,36,145,75,243,252,243,251,229,45,113,128,83,220,64,32,32,84,193,128,86,221,14,57,69,48,104,176,133,61,80,244,149,164,233,232,111,145,33,87,200,127,127,142,80,17,201,131,81,11,233,60,75,23,141,45,76,210,104,212,120,107,148,43,83,221,69,44,79,229,39,72,148,243,213,48,77,152,236,249,215,82,233,245,152,252,225,8,180,232,43,241,145,36,54,131,85,214,57,36,109,178,244,54,109,182,187,166,4,252,30,182,214,79,232,26,104,150,18,177,229,72,29,158,30,131,74,11,217,107,181,212,106,149,20,151,27,156,18,179,188,159,1,124,65,252,207,105,165,200,55,44,70,8,147,20,202,132,229,180,187,113,212,98,173,179,180,193,193,184,216,122,105,152,35,153,47,114,170,213,87,205,78,228,42,117,157,35,136,96,190,158,25,176,241,62,69,4,197,133,90,248,7,237,14,167,234,194,126,113,121,129,40,82,14,194,78,111,28,18,63,223,84,142,229,44,166,201,110,132,39,56,17,144,214,60,199,23,255,123,125,103,86,70,53,39,105,1,78,130,15,148,222,21,49,235,96,177,221,88,226,67,69,51,81,23,167,239,39,127,111,152,45,111,156,15,198,166,251,250,29,151,29,155,34,139,68,41,130,118,128,115,162,23,158,25,173,232,42,118,152,119,107,164,14,210,118,129,105,153,7,243,231,41,3,171,189,139,53,64,195,129,130,95,85,100,171,163,61,39,95,159,240,13,220,86,209,99,190,155,6,197,153,8,190,151,241,12,229,64,19,156,20,153,12,187,208,100,167,224,50,75,181,206,141,49,250,251,205,103,111,126,139,50,214,106,187,115,178,128,110,174,207,33,134,45,72,217,120,12,167,18,186,210,99,99,191,131,70,222,56,55,218,52,78,227,69,220,54,99,197,71,132,219,214,244,193,172,135,252,230,106,204,107,115,254,93,99,185,183,189,170,228,54,65,32,131,89,214,96,193,158,9,199,140,63,38,113,142,57,56,58,52,71,12,190,169,231,46,88,218,83,234,37,116,136,75,1,224,65,30,135,77,252,239,20,165,243,10,196,149,35,122,115,137,71,13,189,173,221,76,253,236,31,134,80,243,10,198,146,46,54,215,94,187,163,104,51,214,239,131,186,139,47,82,116,244,147,170,131,147,28,0,110,16,248,147,43,98,187,176,210,107,161,255,229,52,71,12,190,168,235,35,122,116,134,79,245,4,215,93,202,131,88,217,87,223,70,15,182,194,157,10,195,152,25,151,28,143,53,66,27,145,46,87,221,75,0,226,62,41,103,174,217,87,222,72,11,192,162,251,240,17,175,213,100,182,193,160,3,183,146,43,94,159,225,238,34,53,199,16,100,137,105,148,224,58,180,79,168,132,62,75,13,143,19,76,219,233,176,52,219,91,205,34,224,102,147,37,205,235,171,146,9,126,52,212,2,27,131,122,132,87,237,46,117,140,102,184,186,196,166,0,236,72,111,133,87,244,38,147,42,109,141,44,134,22,41,50,25,100,177,103,138,60,201,112,180,209,82,233,129,207,255,149,1,150,234,178,105,229,34,143,76,8,204,149,70,30,138,89,250,3,218,107,201,164,246,22,193,174,219,104,208,219,63,37,138,112,170,231,55,47,69,2,79,198,112,135,63,54,78,17,171,175,145,51,37,125,129,93,172,230,26,143,37,76,232,77,208,106,192,182,179,189,178,191,153,12,199,124,98,150,169,179,149,238,20,80,255,244,1,242,4,222,253,211,140,62,183,62,28,84,247,64,29,125,69,1,216,119,160,37,135,111,145,39,137,105,202,151,58,38,100,165,200,130,113,169,20,206,152,21,152,47,112,191,205,152,9,185,167,193,148,61,66,15,169,237,14,173,209,119,110,138,52,30,185,104,24,28,87,133,252,226,22,241,1,207,117,50,78,22,58,30,172,223,213,230,38,54,80,54,59,35,82,215,84,255,252,22,195,162,247,245,28,165,26,189,204,110,139,50,32,110,144,66,14,172,226,45,81,228,58,36,101,165,243,30,144,70,0,182,183,201,120,111,156,2,210,95,202,117,120,107,171,147,151,160,201,48,251,227,17,254,220,63,34,26,118,135,54,74,203,106,199,153,251,26,110,29,116,55,58,46,90,231,65,235,252,212,83,187,135,76,251,198,107,82,247,182,77,175,206,79,119,22,63,116,212,117,138,23,133,118,140,20,132,248,215,246,137,167,131,101,173,130,192,197,120,120,213,211,242,190,135,6,155,159,163,58,36,141,96,220,80,9,238,43,100,200,154,35,121,143,101,210,110,172,0,2,221,96,236,64,36,142,92,216,93,227,95,213,100,205,162,85,210,117,170,241,16,186,168,220,118,71,151,232,246,205,106,23,110,119,112,132,103,189,197,140,11,125,111,113,151,49,75,226,66,6,201,116,92,183,223,24,144,75,38,147,84,255,224,57,81,21,199,181,213,82,223,52,65,201,147,55,57,72,1,231,228,32,164,247,141,189,160,198,159,74,0,212,64,16,160,251,13,211,125,146,62,34,115,165,12,209,149,49,63,21,149,35,135,81,254,216,46,83,11,219,105,199,160,247,237,35,156,41,124,138,84,214,82,220,35,115,170,243,252,226,64,21,154,10,202,115,124,95,155,15,223,87,207,106,168,221,65,18,176,193,144,38,97,191,84,231,76,153,255,8,203,17,49,68,219,96,6,202,117,93,183,183,226,83,255,255,225,59,85,249,12,209,95,185,167,199,136,59,58,89,237,48,120,130,81,235,68,43,113,161,5,196,136,57,11,174,201,143,84,247,20,202,127,86,235,66,47,104,174,201,120,109,157,36,127,126,90,170,214,106,203,164,34,168,4,203,126,143,87,9,242,34,109,139,51,35,3,164,194,103,160,144,57,67,227,35,155,27,67,177,189,74,5,154,157,40,50,60,47,4,202,172,166,216,125,119,97,187,9,53,204,46,54,250,192,46,246,65,90,194,157,30,157,31,134,92,193,142,55,234,22,199,120,254,236,29,152,240,23,135,113,154,205,38,128,61,156,158,219,224,210,37,253,184,228,241,29,82,152,13,228,11,178,203,45,79,30,131,8,205,156,170,205,158,220,69,47,118,142,68,30,124,94,206,148,71,33,173,250,227,45,53,205,72,214,44,95,115,124,150,31,25,19,163,230,31,135,69,251,251,186,157,46,73,145,58,75,195,197,66,16,217,87,115,6,202,113,126,107,154,252,249,206,153,171,193,146,1,208,115,55,48,122,112,75,24,179,195,112,118,141,213,76,32,114,22,171,248,188,217,5,197,188,171,155,40,132,78,206,92,219,251,8,77,231,183,184,95,161,138,16,127,48,77,151,254,240,252,247,196,127,137,82,163,124,242,188,127,133,63,225,57,185,65,209,23,120,98,168,188,133,84,228,14,148,214,108,127,143,45,217,40,106,1,102,108,136,108,170,185,149,198,109,50,213,195,48,94,195,66,130,128,68,17,8,56,196,71,235,218,32,14,85,34,107,185,224,95,198,167,24,175,216,109,172,238,25,168,255,10,198,163,30,173,222,90,226,67,26,166,4,250,246,17,195,188,175,230,64,54,65,49,96,37,98,190,190,201,153,25,163,235,17,213,41,240,222,20,115,119,241,226,29,128,84,247,12,216,85,174,145,51,39,118,150,31,104,178,181,188,156,229,28,176,165,223,67,64,53,91,204,123,153,43,113,126,89,201,140,96,205,155,2,202,8,233,61,5,91,241,42,123,119,86,99,190,168,245,197,124,146,62,6,172,227,69,187,160,2,138,57,96,137,48,117,143,23,154,110,6,89,135,44,23,105,53,225,126,162,235,33,151,75,31,136,86,211,66,166,187,124,59,48,255,231,77,151,5,247,255,116,7,194,96,210,169,215,111,155,243,167,210,94,211,90,165,223,55,70,57,99,221,106,172,210,102,218,130,130,127,106,149,21,147,253,232,85,241,3,206,124,97,181,186,198,150,17,161,244,248,247,168,247,11,188,193,150,39,37,93,237,28,30,8,191,106,179,13,182,177,168,213,91,235,63,73,39,135,65,15,187,201,165,21,192,183,174,202,116,95,193,141,45,98,212,117,159,31,146,39,93,209,134,95,227,92,221,58,37,103,180,233,50,110,135,33,111,157,44,139,98,210,135,65,23,190,213,133,108,188,158,252,223,30,132,75,24,189,192,170,222,60,68,55,82,9,184,171,213,84,225,220,48,90,190,177,150,10,232,53,252,115,14,106,117,163,229,237,19,40,242,191,77,212,76,234,245,154,20,154,245,29,195,128,111,94,232,68,34,101,144,47,65,19,81,224,80,211,89,185,206,134,59,198,174,223,52,84,230,80,143,70,245,13,203,125,90,129,52,69,15,140,24,75,13,146,46,41,5,249,211,210,245,149,100,159,39,148,96,144,3,199,152,219,92,127,223,249,236,5,153,193,110,128,134,37,100,187,196,163,19,201,124,101,197,161,24,184,171,213,85,184,171,233,68,53,88,243,22,156,254,238,54,97,213,125,121,104,144,66,3,124,250,194,106,113,160,240,30,75,12,113,44,84,114,118,158,13,93,139,231,62,238,1,4,171,204,111,157,39,139,85,251,13,176,201,164,18,193,185,209,97,177,194,153,34,128,108,142,12,184,217,94,185,171,230,35,112,137,82,220,52,86,200,46,226,7,152,229,254,180,148,243,29,121,23,169,152,148,216,78,224,6,122,66,242,248,5,132,241,3,99,160,31,140,224,2,131,105,108,137,138,104,125,104,214,133,125,140,69,9,184,199,187,216,133,120,151,14,160,35,136,50,54,225,201,84,180,148,243,213,47,33,75,205,70,219,113,153,231,10,185,96,1,212,112,155,253,2,172,1,184,189,125,9,237,246,104,49,224,144,35,131,46,54,227,21,59,187,18,66,39,105,78,91,245,232,40,196,4,96,116,102,105,113,28,43,161,239,46,97,198,183,208,121,157,41,111,192,197,154,54,155,0,229,73,16,181,206,106,148,76,196,33,75,204,75,206,69,222,21,112,94,148,243,212,50,25,99,168,93,157,234,25,139,83,249,17,169,163,124,114,138,79,203,135,53,101,190,97,106,178,168,92,94,156,158,152,213,238,231,72,138,57,247,238,6,82,248,2,187,160,248,168,236,61,246,167,237,52,47,6,184,221,32,109,148,67,57,89,242,27,134,64,42,130,125,143,82,251,224,49,65,36,154,32,165,206,3,164,194,104,119,75,206,68,226,7,153,228,3,165,190,115,135,250,245,36,18,148,74,7,93,75,244,202,147,101,162,14,190,137,229,23,141,68,5,163,228,39,118,158,39,139,93,212,98,173,227,85,2,248,23,170,212,89,200,94,186,189,199,156,38,149,55,51,67,51,86,250,29,165,228,40,95,182,188,89,227,71,8,218,73,14,111,125,141,60,189,44,82,178,219,140,47,102,182,163,152,254,218,95,180,150,11,177,215,122,144,85,13,217,81,224,74,32,159,41,143,58,35,97,152,9,211,26,48,71,153,0,254,237,188,111,58,68,220,35,98,143,34,119,158,31,165,28,173,208,98,197,179,224,98,225,77,234,20,151,28,161,5,227,42,57,41,108,189,219,117,150,63,31,118,135,107,209,148,53,71,254,208,74,243,21,85,95,119,113,118,69,189,122,73,240,230,34,133,113,164,22,176,223,58,46,121,142,89,238,49,64,19,157,229,190,117,81,189,121,68,226,9,147,245,209,60,250,194,105,114,136,232,10,204,103,182,136,51,107,172,190,211,96,63,248,250,81,118,71,231,182,140,10,144,255,178,151,233,243,214,46,37,156,250,227,10,79,194,104,117,78,195,100,130,111,127,94,75,141,8,149,238,40,82,230,177,159,238,17,48,198,101,177,203,87,183,109,168,192,170,17,188,75,151,27,137,11,154,19,155,47,105,181,221,69,172,253,243,242,13,202,152,250,119,240,168,235,34,124,111,151,31,134,80,242,12,190,168,233,38,112,147,40,105,167,237,27,145,48,81,238,25,151,29,140,62,40,107,162,252,238,23,156,15,182,191,165,242,12,189,171,226,60,46,88,219,81,238,25,153,25,152,25,151,30,138,69,18,172,222,73,6,209,112,145,46,87,222,73,229,203,130,79,237,154,147,147,147,73,159,6,208,113,143,52,69,20,166,239,22,161,0,225,64,35,121,119,126,103,173,220,78,249,247,253,234,37,116,135,79,246,0,227,56,57,54,64,35,122,115,136,74,5,211,104,170,229,50,76,254,232,44,96,196,151,28,143,54,65,31,134,81,241,17,177,208,114,141,59,49,81,240,18,139,24,152,22,119,87,142,67,251,23,131,15,148,232,47,84,241,240,109,133,117,169,33,75,215,92,202,91,173,138,79,173,127,102,166,135,82,218,218,10,163,85,60,114,50,52,105,201,162,18,189,72,228,53,53,84,196,113,145,58,207,143,59,42,61,197,179,217,67,19,112,162,224,76,20,125,129,89,157,26,113,124,134,105,184,204,155,240,149,237,255,12,163,176,178,144,55,58,62,8,50,117,46,72,36,133,73,14,110,129,130,102,103,96,195,6,129,78,107,139,85,231,165,187,149,73,237,211,72,205,128,97,202,99,31,161,150,53,233,16,212,113,102,144,194,147,238,207,84,136,238,1,155,249,193,129,133,58,237,251,179,205,121,131,55,165,25,61,20,95,201,91,175,113,121,154,46,87,207,37,76,255,217,106,151,53,60,22,176,201,142,245,44,56,30,144,206,105,182,150,2,225,224,42,61,61,81,15,206,144,67,181,160,252,0,194,118,130,101,78,212,96,143,71,223,30,98,166,0,240,240,172,176,173,214,48,120,130,64,18,139,43,110,120,21,119,90,207,144,49,67,179,61,3,217,83,193,123,32,141,29,184,166,18,20,85,209,83,75,233,75,41,161,206,80,242,7,162,215,12,201,106,201,121,58,160,96,51,200,244,240,53,93,201,122,15,140,61,38,69,237,202,143,24,128,143,186,81,216,9,165,141,2,197,181,152,6,196,171,3,236,62,65,20,150,36,142,91,229,85,251,225,48,68,25,174,224,54,21,161,251,199,105,87,233,218,192,41,103,140,178,243,114,204,102,212,142,114,90,74,220,78,244,220,41,23,168,193,122,218,11,225,60,225,110,129,130,132,28,23,106,112,94,222,51,45,81,139,13,135,24,101,157,47,123,78,247,170,214,136,19,146,79,0,198,140,150,144,190,91,176,137,18,58,211,169,212,122,146,62,40,127,130,102,176,227,83,254,234,55,90,241,16,196,178,61,26,150,56,102,205,124,121,105,150,237,231,248,199,90,195,17,81,217,122,127,30,50,91,174,73,153,235,177,94,130,230,254,18,80,202,127,110,118,35,105,154,154,180,174,251,253,163,163,8,167,93,92,162,140,208,45,230,254,17,93,191,206,76,239,226,10,146,45,21,189,189,175,199,42,78,27,158,193,73,22,125,219,227,13,74,148,223,205,72,50,6,235,50,82,224,6,92,116,175,195,115,19,117,80,191,192,163,226,55,32,120,119,30,83,210,144,90,177,206,36,104,209,55,40,142,66,0,224,156,124,247,173,184,114,86,110,53,129,76,20,202,151,30,157,40,114,143,75,40,142,58,72,47,120,124,130,126,123,113,163,32,165,245,24,187,192,164,9,226,89,217,106,193,187,177,226,89,69,3,220,101,215,116,136,85,214,80,223,189,76,232,76,8,130,7,220,42,214,240,229,196,38,41,241,220,103,36,88,224,230,31,80,191,152,158,169,207,152,36,46,4,229,15,38,2,176,97,80,173,102,126,144,236,44,38,30,122,156,226,45,89,145,74,20,169,216,246,234,72,22,89,130,107,125,219,226,16,67,170,158,145,251,26,76,23,175,217,72,166,26,132,47,224,15,129,43,111,102,136,37,94,217,100,149,186,158,44,134,47,86,141,47,124,53,43,132,98,160,253,67,136,213,20,131,17,123,253,136,137,53,91,252,16,180,220,115,146,46,111,186,189,174,241,55,76,255,254,18,189,174,241,61,74,6,230,86,239,21,187,214,187,160,3,235,60,62,43,109,142,42,50,25,132,206,25,127,136,85,155,189,187,140,175,102,133,229,196,79,126,52,115,67,7,200,150,198,127,48,68,157,173,195,189,184,115,51,87,184,42,245,214,241,159,189,51,22,183,58,37,69,242,197,133,32,78,248,180,224,84,234,23,55,38,146,54,247,168,249,212,215,239,234,181,84,158,145,253,25,81,219,75,15,81,24,138,32,14,133,31,81,13,194,129,77,216,67,39,75,152,3,252,21,128,99,101,165,28,86,201,171,236,1,220,168,89,97,111,114,69,223,209,12,252,219,88,220,101,206,137,73,30,168,9,202,156,43,115,138,90,238,37,118,141,61,65,59,65,34,147,66,122,98,197,186,195,156,26,135,61,247,200,120,243,171,203,165,254,159,176,224,29,253,124,65,176,99,115,17,125,132,207,34,109,102,124,59,253,222,205,28,118,164,2,149,208,130,56,172,110,107,48,226,246,138,16,203,2,209,46,71,217,36,65,235,32,59,77,14,190,155,171,203,165,255,157,183,205,89,74,151,242,156,159,190,49,30,163,122,106,88,2,203,92,180,148,154,233,38,108,115,100,101,198,132,111,144,29,157,0,232,224,76,225,70,144,171,85,120,240,178,240,204,32,124,114,81,248,174,191,101,52,161,238,34,46,241,250,155,34,107,65,186,90,164,127,49,26,97,202,59,189,95,190,125,236,182,92,28,222,87,229,22,203,46,76,38,57,31,168,244,189,75,251,245,202,141,239,252,175,88,41,130,104,109,167,207,112,236,142,194,78,216,20,114,25,52,133,141,42,100,205,170,5,211,112,99,67,229,255,178,214,23,43,21,157,226,189,67,183,12,12,204,133,52,113,61,29,179,179,77,255,228,66,241,20,143,89,226,237,179,181,109,172,202,35,22,64,48,46,82,132,98,115,53,83,196,6,96,151,174,105,97,73,212,144,223,55,101,123,141,71,208,125,34,39,123,76,112,35,76,143,198,74,140,12,232,228,67,224,238,11,234,214,235,237,231,248,6,137,213,25,146,2,94,95,97,12,12,205,132,55,88,103,181,205,66,5,247,7,127,252,216,4,232,25,55,216,249,5,177,201,32,142,27,173,190,104,68,38,106,15,210,120,60,59,228,206,102,80,242,211,241,44,4,165,219,75,130,38,70,241,167,162,233,73,4,255,222,171,71,179,161,233,73,25,138,94,195,131,106,154,26,82,16,139,34,6,151,130,239,68,60,12,68,22,16,235,7,215,63,43,225,182,52,220,195,56,93,162,220,217,31,234,184,235,70,237,163,249,101,239,5,244,31,156,29,46,62,57,32,125,237,144,202,133,71,7,116,130,248,9,170,230,9,189,179,219,96,140,76,225,7,218,227,89,231,32,122,30,125,132,85,214,16,155,53,47,175,82,60,2,7,176,178,172,119,156,27,131,104,207,59,65,16,196,131,115,96,226,81,236,4,246,191,153,248,210,109,152,239,240,195,166,212,149,30,21,114,131,252,221,78,235,3,44,151,149,13,223,95,196,137,224,24,153,20,125,71,189,181,117,16,127,11,196,114,118,242,253,245,231,88,229,30,58,29,14,50,48,102,84,207,151,48,50,40,111,160,169,216,100,103,60,1,125,102,146,235,158,52,186,137,70,13,144,13,107,179,190,195,148,16,194,147,49,6,219,51,87,125,253,244,239,206,128,216,125,80,32,110,37,70,120,9,220,68,193,112,27,93,151,232,72,16,162,26,177,225,247,9,169,22,155,157,217,79,151,12,195,140,33,209,168,99,163,57,90,237,26,136,251,12,200,75,11,163,38,94,84,183,39,254,253,225,223,45,154,55,71,241,63,31,17,125,98,93,185,187,164,217,171,26,245,211,83,227,188,34,83,231,41,60,8,121,137,58,78,241,249,9,190,176,135,88,179,179,115,108,61,223,196,96,27,128,53,206,68,226,8,226,59,44,51,36,39,119,52,196,255,144,34,227,206,101,124,224,208,1,74,237,63,250,224,51,78,16,211,150,75,34,118,113,148,63,70,60,90,241,0,210,93,207,146,55,54,201,83,182,142,75,237,38,50,88,145,212,61,158,162,243,251,139,39,175,198,155,195,11,95,224,108,152,208,103,60,66,17,100,202,124,107,120,116,156,220,112,116,181,174,250,94,118,110,126,211,81,255,204,32,13,136,23,107,110,100,131,36,128,19,27,49,107,202,124,35,110,53,94,88,222,35,113,56,102,105,163,9,177,172,212,2,198,179,213,69,34,28,32,138,44,24,161,117,168,157,125,12,218,125,100,108,145,205,149,155,244,15,81,19,63,2,213,7,160,142,5,158,211,53,14,132,34,145,29,42,110,74,118,32,159,48,75,182,179,102,205,12,193,122,107,73,50,3,213,114,116,101,170,128,129,110,128,74,186,190,97,61,147,211,89,60,195,135,21,20,52,214,204,103,209,123,41,230,153,195,136,176,103,154,219,195,39,252,89,175,195,110,144,72,22,147,30,142,41,91,199,150,16,154,39,88,213,229,189,119,73,211,121,95,191,40,243,212,50,24,165,171,75,43,250,173,122,117,254,55,103,91,197,187,121,95,231,57,240,143,158,178,188,19,63,20,110,10,82,123,220,39,114,132,99,157,6,41,215,233,217,52,254,179,87,121,183,172,236,41,110,154,37,136,98,190,183,201,224,48,88,0,3,219,90,187,138,72,255,179,222,41,148,18,207,223,243,248,224,142,7,183,182,66,145,5,211,101,137,33,48,101,167,8,196,127,119,114,146,225,74,230,92,209,228,132,99,179,121,104,155,139,159,40,77,40,98,99,109,108,3,79,143,28,161,244,133,38,252,187,125,56,82,235,31,92,169,153,35,89,221,253,243,14,137,186,18,22,231,23,105,28,120,157,24,127,145,36,26,71,222,172,83,130,68,41,90,86,4,110,118,121,18,149,98,223,81,211,153,17,59,254,223,231,29,144,37,87,49,136,170,109,102,123,61,66,28,138,25,113,63,47,12,100,138,201,129,237,7,210,66,190,85,205,158,20,136,122,110,36,67,17,81,222,76,243,237,110,209,229,93,207,153,50,74,246,177,221,40,101,77,23,163,6,152,37,84,236,206,128,102,130,207,210,214,168,212,51,168,115,84,179,149,46,58,80,205,38,47,35,244,107,4,102,49,195,211,139,36,160,248,160,181,149,135,195,50,50,95,187,53,92,84,5,240,43,105,104,154,240,29,145,68,46,71,51,37,98,48,37,84,219,68,39,123,137,65,218,217,93,203,140,18,177,183,223,81,208,119,47,95,202,84,91,48,188,246,235,237,143,67,246,251,137,82,163,165,3,182,51,219,37,4,101,107,41,52,111,57,14,177,217,55,213,125,118,67,35,49,250,3,183,48,229,8,89,104,100,64,239,47,204,97,199,39,151,9,153,161,203,79,194,167,210,152,15,90,136,27,246,117,27,120,140,49,209,151,215,120,139,71,1,137,95,72,15,179,212,40,83,13,199,109,161,176,220,84,184,46,182,41,175,192,112,6,220,42,93,98,199,71,185,197,112,5,101,134,223,212,30,17,123,155,202,157,27,149,20,104,55,228,80,253,175,225,247,169,247,217,201,24,111,36,6,136,210,56,99,114,167,254,237,14,62,179,148,242,217,99,157,53,56,224,246,210,209,230,203,105,185,171,99,219,226,12,148,13,122,157,183,176,250,223,201,141,57,65,245,8,179,237,38,40,17,132,220,72,149,13,193,117,35,38,124,75,250,140,74,188,89,230,13,44,238,237,173,109,85,107,110,179,76,243,187,204,137,10,206,49,251,255,192,18,62,253,124,255,159,142,5,253,151,16,218,7,88,167,185,130,103,143,95,188,83,155,228,155,135,229,27,164,234,166,16,69,7,164,220,248,18,31,86,193,148,26,167,252,7,200,85,156,16,143,63,59,45,59,56,36,111,130,51,51,107,172,150,198,102,56,54,205,101,185,141,221,248,8,168,230,202,98,199,152,38,139,76,194,113,136,109,180,183,177,213,84,220,66,32,114,93,153,0,219,212,219,232,44,83,217,215,85,205,90,202,121,116,40,139,80,219,236,59,56,37,83,219,47,237,42,73,10,155,5,218,100,195,99,199,98,159,223,59,230,3,11,203,67,50,76,241,199,115,156,253,232,24,95,210,63,249,216,7,238,48,11,175,48,207,210,76,211,103,168,192,125,28,160,246,26,142,34,140,52,78,175,225,33,178,221,1,180,102,70,118,42,49,156,204,161,215,92,188,116,175,87,154,65,246,209,249,196,97,138,90,193,61,55,21,163,233,238,64,165,176,254,183,167,44,129,105,138,115,132,228,4,206,26,131,93,190,140,146,102,40,137,87,199,120,49,89,175,213,83,174,1,99,118,172,171,203,165,14,184,174,136,91,186,173,93,85,176,159,210,119,95,245,253,119,76,246,161,238,29,128,68,105,224,185,160,38,122,76,255,212,45,131,220,11,239,206,3,167,186,128,117,111,159,198,155,196,32,107,187,130,6,177,48,66,40,27,254,89,142,31,19,161,137,68,252,200,118,95,130,114,131,17,198,136,71,230,41,124,61,79,167,132,101,220,70,132,235,20,103,95,172,238,254,161,9,169,19,173,83,57,68,15,101,164,229,174,54,99,108,12,46,15,154,161,247,135,75,230,8,181,163,191,140,78,224,59,178,86,174,165,190,180,160,236,198,115,40,28,12,135,166,221,27,95,174,209,240,134,38,110,148,254,196,70,35,109,180,192,139,83,222,79,170,238,207,223,148,57,44,207,7,149,241,49,7,88,134,18,239,6,219,242,128,9,226,88,247,224,19,51,21,111,96,217,86,221,32,92,126,115,59,196,153,31,80,129,33,228,32,165,254,190,127,197,234,169,189,37,14,122,37,66,169,140,113,156,225,137,88,207,109,61,25,128,61,31,143,237,166,157,205,190,154,30,41,218,251,11,218,111,124,152,208,112,121,151,24,121,48,212,55,14,67,230,253,183,199,69,156,184,124,178,189,182,97,52,235,59,76,26,124,138,140,104,92,194,149,204,168,150,20,207,62,19,205,134,52,106,148,231,154,115,251,110,255,242,234,30,31,144,229,197,149,44,42,244,202,235,61,53,6,165,23,128,95,31,246,140,241,238,208,62,181,96,3,200,159,44,124,110,176,0,251,243,32,166,251,243,26,163,9,201,160,45,113,146,68,62,62,41,125,147,61,44,111,171,75,240,26,189,193,161,7,180,159,9,190,180,120,12,191,173,166,126,44,205,75,209,90,207,246,115,94,198,140,19,133,3,234,22,185,175,189,188,164,252,164,3,187,180,66,121,240,151,182,200,161,234,34,155,227,92,163,0,252,196,248,111,80,244,23,154,236,144,153,6,220,1,105,100,77,233,183,211,21,250,30,155,4,184,170,240,244,0,91,193,106,41,14,157,238,189,175,217,23,110,34,73,212,50,100,180,193,118,92,125,118,96,234,66,55,28,45,23,124,209,88,252,250,206,86,71,194,189,170,153,130,23,79,127,34,16,159,149,56,229,137,114,160,247,18,48,109,166,178,214,56,22,7,132,120,120,44,155,79,223,42,89,91,92,155,222,19,181,153,29,165,201,231,161,186,183,207,113,102,32,237,69,205,134,52,83,133,59,83,243,225,28,245,184,218,82,160,108,89,137,210,39,2,200,25,175,131,178,247,15,170,249,123,126,70,11,91,222,252,121,51,223,49,222,96,111,236,74,24,141,18,200,148,233,50,46,84,63,147,179,121,86,153,226,203,32,194,137,94,240,28,143,76,40,133,85,250,31,153,25,176,254,86,207,124,152,53,69,27,97,72,213,46,36,131,47,90,239,236,128,213,28,144,66,24,112,4,64,60,118,170,157,13,142,21,95,75,25,92,248,168,222,112,91,186,216,100,153,17,39,92,153,156,181,169,204,35,126,109,80,13,199,80,254,200,177,239,49,45,251,175,182,49,121,36,105,207,39,246,203,77,200,148,250,250,14,141,156,131,18,174,234,32,89,73,113,170,46,131,19,172,176,174,150,167,2,160,43,14,170,12,170,104,175,212,114,97,195,131,126,117,101,218,115,165,211,9,130,59,161,28,18,56,197,94,147,244,18,130,99,212,60,143,169,161,1,240,14,144,164,97,218,156,56,243,11,149,0,175,143,80,4,217,74,174,241,147,47,83,244,201,112,182,203,98,227,89,243,232,203,62,7,62,80,170,253,252,243,252,114,21,111,98,136,84,199,170,190,82,170,178,73,111,251,129,222,190,227,93,160,9,226,19,12,52,1,226,78,244,221,190,19,196,225,106,93,206,76,218,18,50,97,129,79,208,124,116,155,41,87,6,175,196,8,155,241,2,207,134,94,226,55,247,129,100,182,205,81,244,239,55,72,236,71,44,120,87,123,44,61,157,36,238,186,223,50,28,92,182,185,57,170,187,176,205,80,205,42,117,118,153,15,158,27,136,81,166,252,160,150,2,150,17,43,55,124,144,21,199,143,72,207,38,116,67,233,177,156,219,30,156,250,147,53,38,149,38,133,24,74,7,142,96,105,142,57,70,36,84,125,139,81,216,67,208,143,59,33,156,43,114,66,45,69,14,58,190,115,84,179,213,69,55,61,62,235,209,115,74,44,5,188,176,224,86,193,57,33,161,31,160,27,162,128,236,234,241,218,103,155,27,82,246,179,52,179,116,51,226,182,37,12,185,212,77,199,126,115,64,197,106,45,243,156,171,76,180,229,26,206,73,213,120,112,71,34,116,131,50,69,40,54,100,152,73,244,41,208,34,105,139,171,200,155,249,153,160,206,69,223,16,126,53,14,205,104,72,23,87,130,53,204,22,52,229,157,193,190,146,103,127,52,47,150,67,36,91,246,1,244,203,48,85,151,60,63,14,160,184,218,92,159,226,50,246,72,19,147,44,108,176,117,165,212,148,17,210,214,14,166,213,210,94,212,24,4,65,201,52,224,188,18,69,13,215,67,227,60,74,19,143,61,6,169,147,57,32,123,244,144,253,182,140,78,224,60,176,91,157,217,36,142,56,55,19,133,3,229,228,164,88,47,230,86,193,33,255,192,14,73,85,203,164,2,192,199,141,77,192,83,236,224,96,84,234,0,218,217,225,11,140,9,210,78,19,131,3,151,235,156,117,230,190,41,220,136,110,74,114,240,105,57,93,171,97,64,253,85,115,225,47,48,92,214,119,157,251,25,116,132,5,214,129,251,217,122,118,17,49,66,225,79,58,46,75,219,60,30,140,90,255,253,0,242,7,190,173,245,45,114,162,11,178,191,148,250,233,57,76,26,163,4,204,112,150,52,91,237,43,106,147,28,127,57,36,113,183,229,94,237,53,58,38,122,157,51,114,175,236,15,166,225,67,58,64,66,11,149,16,162,2,243,30,163,22,178,194,146,68,44,120,149,50,61,29,127,108,192,173,249,222,113,125,61,181,145,252,185,215,103,142,73,194,213,64,9,183,165,209,100,193,167,253,221,94,186,204,119,101,196,140,69,210,90,186,191,87,76,99,16,68,60,14,57,184,149,142,199,243,70,140,44,121,146,60,65,0,208,88,234,12,183,94,152,165,191,112,93,214,55,37,28,114,43,20,38,59,137,53,21,114,118,122,247,112,104,168,229,8,165,163,12,177,233,33,105,185,172,229,234,48,40,71,134,174,99,160,169,202,6,188,146,120,157,227,37,28,107,144,55,216,98,110,239,63,59,223,21,44,43,45,39,131,70,174,243,15,194,100,192,89,123,113,131,240,22,143,186,105,134,172,56,127,13,214,106,103,186,142,37,28,108,142,62,197,155,195,240,61,64,213,140,228,29,140,78,12,158,161,27,156,208,125,66,8,116,101,163,254,132,94,122,202,173,242,190,208,44,104,142,68,178,182,0,5,223,39,105,1,78,131,10,162,179,149,177,109,220,62,67,61,43,119,156,16,204,156,14,205,152,29,159,18,174,242,40,108,176,43,82,239,45,128,114,142,65,7,232,54,3,230,10,178,119,91,193,163,149,46,11,24,198,167,158,49,9,207,89,228,208,91,17,209,122,86,221,165,98,72,189,138,251,187,62,196,213,83,255,241,19,192,179,204,151,48,86,250,11,196,180,225,69,46,95,199,166,6,211,132,188,156,16,204,166,247,253,242,242,44,109,133,60,227,86,231,27,173,248,10,121,136,53,62,170,111,98,136,23,181,195,148,252,200,57,65,2,235,216,86,188,24,66,139,41,138,80,214,135,50,2,188,114,144,49,92,175,61,80,153,1,153,26,102,140,195,36,65,234,240,39,90,114,173,251,23,159,168,13,159,20,92,203,93,52,237,145,21,206,124,144,61,13,183,21,18,55,238,246,184,134,221,231,109,140,83,254,254,234,58,75,10,197,167,2,238,25,171,243,22,161,18,200,174,219,101,203,161,1,243,30,156,16,199,163,92,189,171,241,32,146,46,96,168,11,210,86,200,43,236,234,240,223,16,126,53,15,193,130,99,56,179,61,194,20,71,48,54,59,137,181,77,173,186,107,107,46,246,63,20,193,186,185,219,107,165,22,197,154,50,89,221,106,182,194,179,226,70,24,193,189,176,247,32,135,113,173,225,99,206,125,141,80,246,31,150,36,147,55,61,58,59,52,93,227,67,33,160,15,186,213,115,139,87,245,12,194,177,218,90,245,19,173,246,26,153,59,76,3,250,22,164,18,185,188,206,138,69,42,126,113,147,73,32,133,116,168,241,47,98,192,191,178,209,141,67,29,169,250,251,21,190,171,247,22,168,240,51,102,181,231,73,9,221,100,190,175,251,15,187,206,137,78,31,166,241,37,147,143,36,121,139,87,254,233,47,72,250,20,191,187,193,68,230,185,131,37,63,241,220,25,98,219,88,201,165,16,194,61,182,140,10,143,69,253,230,177,89,162,200,85,238,250,247,120,214,218,216,242,20,192,143,53,98,143,89,177,188,87,187,160,7,104,180,121,205,164,11,114,125,119,97,188,7,60,184,106,130,20,114,26,50,139,47,110,180,198,166,10,197,171,249,249,10,220,81,1,231,48,104,193,161,22,18,155,18,193,194,168,236,40,91,162,135,24,101,126,136,84,201,150,218,157,33,124,83,8,137,112,133,108,151,8,221,67,33,60,28,96,77,199,90,161,205,73,213,48,106,164,242,226,25,72,37,121,49,62,70,24,135,104,193,162,196,127,135,105,165,202,96,190,98,225,35,135,2,216,52,175,124,232,27,157,226,40,20,133,68,27,45,100,103,4,1,246,178,229,171,195,161,154,6,220,37,96,110,119,107,164,145,55,239,107,204,148,215,115,8,206,39,62,178,151,233,245,208,62,245,208,135,59,207,129,54,44,7,170,210,112,46,98,110,240,61,66,207,156,181,172,225,79,7,171,122,149,51,51,52,254,7,212,85,0,255,245,184,202,109,150,161,136,22,108,106,112,95,144,253,1,204,28,169,236,43,42,128,102,93,234,51,51,51,232,180,145,251,188,122,65,235,237,231,250,192,109,167,208,119,249,82,101,56,213,107,184,165,242,45,45,127,62,19,82,201,119,130,249,1,146,131,131,111,68,6,219,53,64,124,221,212,23,122,43,45,232,198,208,102,213,124,116,165,4,219,117,162,1,254,249,253,7,216,95,236,63,43,129,113,148,68,116,116,137,103,206,123,123,99,169,243,236,25,240,130,229,228,20,94,149,178,107,225,49,112,161,7,243,33,135,117,156,23,193,173,227,95,45,76,6,237,31,145,30,89,98,135,26,96,141,7,153,226,8,149,240,223,80,215,102,49,198,2,114,1,127,157,34,137,97,216,101,168,232,213,154,27,127,126,127,106,118,115,120,153,48,104,186,90,166,121,68,228,3,164,193,106,111,166,214,100,192,133,63,195,182,198,126,130,114,144,252,216,154,56,91,235,57,71,169,6,224,42,76,157,149,239,226,8,151,234,241,220,25,99,134,29,151,253,237,151,122,237,160,157,20,191,144,49,111,104,205,82,215,7,172,204,129,251,250,166,71,56,79,164,231,56,29,136,163,104,53,245,225,247,199,25,53,131,74,33,140,67,55,81,245,34,144,55,95,223,74,42,131,98,223,79,250,22,188,180,229,155,0,231,73,31,136,84,213,51,212,51,22,109,104,118,76,202,148,13,190,179,174,198,46,117,138,49,104,194,160,201,113,208,150,49,47,49,82,246,156,45,107,139,42,5,93,151,232,247,202,81,189,120,70,221,22,107,171,194,160,126,195,17,51,227,64,57,34,124,141,14,219,41,85,143,21,147,44,251,251,164,77,38,135,255,215,106,136,70,106,19,51,252,205,51,22,46,244,69,3,239,51,87,222,93,233,73,9,220,107,182,194,179,233,75,2,240,46,116,136,97,222,93,206,140,92,241,18,195,183,46,71,13,205,153,56,59,56,41,55,198,92,156,219,28,91,159,210,124,84,232,51,45,71,172,254,8,240,19,75,54,71,251,10,219,87,175,188,152,91,244,18,143,50,164,101,60,222,37,43,44,236,187,241,254,252,13,212,103,193,191,195,153,41,133,107,162,15,210,136,76,17,200,149,36,136,98,32,113,146,63,59,72,12,201,110,185,198,120,100,86,106,113,91,157,216,39,57,3,164,193,108,107,171,194,158,131,180,63,170,125,114,164,226,59,80,198,181,157,248,163,215,77,1,124,118,50,163,36,139,242,253,8,208,95,224,90,217,41,57,193,107,109,102,124,58,1,172,240,251,234,166,121,66,233,243,212,51,22,109,115,138,56,84,229,39,54,90,233,12,156,8,174,204,108,97,213,95,139,82,224,101,179,166,217,101,147,192,193,182,122,131,46,51,70,191,180,156,239,29,51,116,49,61,39,39,119,96,208,14,207,114,169,242,243,0,128,122,103,145,60,29,56,195,101,128,45,109,132,79,150,241,221,52,63,168,95,92,208,103,174,150,63,222,95,182,168,16,193,191,191,132,112,182,220,58,17,74,215,131,65,63,65,53,73,15,121,150,59,59,2,189,159,229,202,158,14,109,187,192,140,217,116,144,32,106,155,226,35,133,48,78,145,62,13,194,159,3,171,203,50,227,56,44,49,117,106,196,178,228,62,50,18,192,151,212,116,22,189,187,194,110,185,209,107,128,80,180,230,64,11,92,226,48,78,230,241,245,34,144,235,65,48,58,206,136,32,99,192,58,83,4,244,30,159,1,241,254,174,228,197,178,220,58,41,30,171,251,230,43,72,25,119,95,157,11,188,132,50,254,251,227,82,229,29,155,8,210,33,137,254,144,57,78,12,71,64,146,79,201,131,54,224,40,40,133,112,108,53,185,101,132,223,18,121,68,45,91,206,78,211,26,158,233,41,9,200,133,97,54,143,77,246,134,158,241,51,83,189,166,205,27,119,57,81,13,150,184,48,4,242,48,220,26,96,144,73,246,159,15,153,61,29,77,105,6,67,153,129,128,114,118,105,71,153,228,2,170,177,154,224,15,191,123,109,119,28,115,69,46,117,94,97,54,244,38,250,215,74,237,18,116,111,184,143,39,114,163,17,211,136,90,207,102,181,218,110,194,192,166,223,21,44,42,50,25,98,137,21,112,169,229,46,45,54,239,33,55,228,69,49,55,214,252,158,240,53,25,143,75,11,180,188,186,166,230,43,126,87,173,100,130,40,55,9,148,243,214,108,126,105,74,5,207,130,211,184,210,102,53,160,46,9,192,186,169,135,118,45,91,240,174,192,196,151,172,95,185,125,122,175,198,161,5,182,95,169,217,98,171,177,186,173,255,5,239,48,88,207,101,188,210,139,89,229,63,21,149,20,124,97,201,165,10,239,57,75,245,253,10,221,114,158,20,149,18,124,249,196,99,134,29,87,169,179,211,74,5,118,129,91,223,188,252,4,207,250,79,24,50,41,96,106,203,45,103,187,173,235,23,165,169,180,175,248,250,132,216,79,188,191,233,35,106,124,89,200,146,73,32,147,53,75,246,247,25,178,221,87,226,44,83,219,94,129,6,225,94,178,102,77,184,172,180,185,192,196,193,198,162,23,147,34,160,45,129,113,167,220,66,12,145,36,140,99,221,121,151,19,154,26,172,5,246,38,117,114,124,112,175,162,8,170,229,213,100,179,216,210,186,202,126,237,119,161,149,254,223,237,68,198,146,74,160,208,92,240,18,58,180,186,120,139,133,77,236,247,232,21,154,42,123,157,49,116,129,87,244,30,181,230,78,231,29,124,113,172,232,71,254,193,155,53,252,151,44,124,88,117,32,49,37,97,148,23,163,20,206,155,55,85,222,57,60,70,54,99,218,103,156,254,219,65,243,251,245,24,187,219,106,154,10,218,117,174,239,5,197,130,49,65,34,141,76,11,212,126,100,167,241,32,149,50,99,200,124,96,148,175,161,204,76,203,76,202,80,254,200,140,225,62,34,137,192,241,39,104,47,176,252,151,242,187,215,9,212,117,126,120,112,152,207,66,232,18,208,116,22,32,119,67,41,171,221,60,7,186,160,249,15,213,125,155,51,69,11,218,116,162,42,128,81,223,56,65,66,39,144,35,132,13,99,202,161,232,196,50,10,182,150,13,178,237,58,39,97,197,134,71,3,224,51,57,42,106,200,152,62,24,112,127,97,237,63,58,86,2,208,99,197,192,197,166,5,223,53,53,55,63,57,61,60,47,114,151,254,234,199,140,57,69,140,142,80,236,162,86,10,110,111,68,62,213,99,215,248,200,87,197,183,192,50,204,113,83,248,62,34,111,110,131,73,12,214,136,116,168,254,227,44,100,207,159,48,117,152,10,184,169,192,156,48,9,111,165,18,149,190,69,196,110,132,42,81,225,69,41,136,111,168,229,37,122,141,95,236,44,78,232,28,139,76,2,229,37,98,144,42,118,114,129,99,170,218,72,15,166,227,41,60,43,142,100,210,120,112,132,96,239,62,69,47,69,4,167,119,73,212,50,23,106,114,90,224,34,125,14,186,176,223,189,249,15,174,93,39,145,222,102,172,204,79,28,58,64,48,77,11,183,196,77,229,87,222,214,225,50,16,195,221,69,6,170,209,90,205,149,59,90,231,53,62,33,152,51,114,158,12,175,198,131,89,228,58,64,17,185,110,64,51,104,146,197,47,18,156,225,54,88,229,37,103,178,192,153,13,193,142,44,79,202,125,142,84,218,74,11,180,187,170,2,243,251,226,62,71,25,119,126,11,192,158,22,23,235,56,51,205,213,137,248,25,148,21,116,174,133,84,4,113,120,157,13,75,129,83,174,233,109,151,15,142,35,101,171,248,3,202,119,129,80,231,36,127,84,215,81,241,35,127,120,105,128,92,242,196,61,58,82,212,255,129,15,139,46,46,69,12,223,105,205,137,60,32,137,103,206,154,30,120,106,151,27,158,13,196,138,51,29,132,105,154,7,209,98,178,192,168,220,67,10,152,15,203,156,0,214,103,159,251,229,58,36,102,129,233,244,209,58,1,171,173,168,245,228,56,221,75,252,251,104,249,15,174,92,40,151,213,76,236,37,28,180,114,152,39,105,186,172,230,229,28,178,207,5,83,221,16,195,220,74,247,213,78,232,49,106,197,177,234,69,14,169,236,56,90,242,39,139,49,65,15,191,92,119,141,88,196,49,236,217,72,223,63,70,41,126,126,115,126,90,221,108,181,220,101,188,160,246,240,231,37,145,71,29,155,25,139,49,87,253,3,232,68,34,107,145,49,108,171,196,153,186,179,197,162,117,209,135,72,144,143,100,112,123,95,204,39,152,201,136,107,61,19,204,128,240,148,26,88,234,104,164,232,2,201,121,126,130,106,185,220,92,201,119,132,110,164,11,233,52,54,51,58,15,177,242,196,61,59,80,220,232,197,66,242,248,206,114,166,248,237,17,181,180,186,168,248,255,212,87,208,97,146,24,138,79,37,154,36,151,56,48,79,38,152,43,131,112,131,72,252,241,44,103,202,116,91,201,168,9,186,169,235,19,159,251,5,227,40,91,163,131,38,62,246,205,71,217,35,132,55,61,204,126,100,195,16,0,249,241,147,133,124,30,125,99,98,227,228,66,43,93,220,68,28,67,230,26,182,193,45,220,65,228,71,81,234,22,122,96,186,216,136,118,165,11,182,178,214,132,129,137,106,185,166,228,39,69,13,181,238,58,39,99,194,142,45,80,249,231,32,115,94,181,188,201,144,35,108,164,232,30,125,113,128,81,226,63,61,51,97,174,172,212,126,138,54,52,74,247,243,7,239,6,192,165,15,191,133,84,137,72,4,227,177,30,159,254,108,250,29,60,34,116,49,122,36,120,152,182,170,8,203,17,49,69,218,102,245,254,219,42,80,233,59,67,13,176,214,82,226,47,91,193,145,31,89,194,146,61,50,63,27,158,252,228,42,116,145,30,120,108,159,27,153,42,84,186,170,249,10,182,180,202,118,118,117,136,57,41,86,179,186,189,203,166,16,213,136,68,6,214,126,142,88,252,252,221,58,5,92,153,227,5,158,212,52,19,180,168,236,192,163,244,21,26,226,82,229,182,27,186,95,178,229,71,251,214,229,73,204,165,159,16,191,161,17,165,251,169,210,144,51,216,219,69,216,105,234,31,120,82,215,78,2,5,253,19,213,123,103,168,19,212,141,104,194,141,46,72,221,64,53,74,245,247,1,209,99,174,234,47,69,6,193,115,132,124,121,107,150,36,104,160,248,0,209,98,172,179,192,194,184,171,213,106,151,19,162,26,169,215,77,253,7,153,227,69,245,5,117,130,87,234,155,96,217,80,119,217,129,8,184,211,124,91,182,69,41,44,135,252,239,52,224,44,130,94,89,89,203,71,28,209,105,153,241,4,223,79,12,175,174,210,88,204,130,117,168,5,229,42,92,232,79,25,181,180,182,179,202,152,34,143,38,68,20,199,127,91,215,79,236,19,173,203,117,114,97,184,215,118,160,42,122,104,156,23,187,204,157,48,113,126,88,170,110,100,130,41,52,17,123,61,55,32,132,248,250,238,38,233,118,151,22,35,211,146,230,53,23,121,53,203,152,221,112,60,57,69,13,205,113,149,216,38,88,252,239,164,118,116,77,12,2,216,77,212,91,219,93,225,47,40,85,211,110,174,245,34,159,16,168,225,84,2,252,20,184,169,214,83,233,54,70,32,116,91,189,156,20,190,198,189,206,138,64,18,177,231,75,47,121,134,63,20,153,25,175,222,95,181,152,7,197,180,230,33,117,140,47,74,251,12,203,113,128,84,233,66,38,135,78,22,173,190,170,133,83,229,67,146,121,142,50,209,201,178,135,79,199,105,101,58,75,198,186,98,189,202,30,84,207,153,25,39,238,11,134,95,8,198,130,52,59,60,58,74,245,221,70,12,235,77,40,143,78,238,9,210,151,75,46,117,141,44,81,224,21,147,47,115,175,254,14,210,103,159,12,219,118,169,13,210,92,193,145,5,193,156,54,86,211,94,205,110,142,48,108,183,174,200,125,108,179,210,126,57,195,102,123,61,61,17,179,211,237,165,191,112,94,147,246,205,71,26,107,158,228,212,75,189,198,174,178,101,43,18,202,13,160,242,246,248,194,132,121,76,240,23,180,236,76,37,134,71,4,238,58,74,45,107,144,2,101,127,48,31,81,186,127,49,102,174,212,60,8,122,129,56,21,38,98,122,134,71,243,172,206,130,48,41,255,241,0,223,158,61,233,24,59,225,41,139,22,139,60,85,247,13,200,135,75,39,126,125,121,103,157,252,235,45,96,204,109,111,141,86,239,8,191,175,200,127,90,236,59,33,81,122,64,238,227,4,163,198,91,220,46,89,120,122,112,160,122,194,180,192,37,207,161,177,201,158,253,140,105,86,224,97,90,190,202,134,224,194,143,249,8,7,190,186,187,147,200,110,136,84,213,52,51,59,59,84,255,2,250,255,218,78,29,166,14,206,141,44,81,223,26,127,92,237,60,33,116,142,41,93,194,180,220,63,21,150,29,150,35,129,49,218,31,80,190,117,79,192,110,164,214,97,97,191,162,12,56,137,93,198,21,255,9,95,162,246,171,9,115,149,50,71,30,128,106,90,162,230,82,237,171,97,180,139,80,54,59,34,85,206,101,174,249,8,190,157,15,166,229,38,117,115,121,106,171,4,226,95,182,205,84,193,33,111,83,251,233,12,97,174,171,209,118,160,38,138,84,248,240,9,228,88,244,21,176,195,140,45,46,79,11,204,112,134,84,216,81,229,66,34,109,139,68,51,85,195,154,181,194,150,46,208,193,182,187,54,156,51,223,33,120,36,160,175,213,131,245,207,95,234,39,253,108,146,241,31,201,129,80,203,110,143,81,10,211,135,113,139,56,86,252,253,8,232,26,135,62,2,215,128,57,17,50,62,229,68,12,163,144,9,181,206,77,211,2,232,25,149,125,161,189,154,182,113,104,152,237,16,196,166,225,52,76,239,9,194,186,165,228,42,85,183,174,223,96,221,99,209,127,97,176,216,118,154,43,121,130,75,245,244,219,72,43,137,99,220,94,194,148,71,52,97,222,89,198,129,49,218,34,73,211,54,11,140,9,210,78,250,149,34,119,140,182,13,210,103,48,173,5,124,70,193,199,57,66,43,93,221,65,39,36,68,228,33,163,250,132,215,81,182,209,179,198,131,49,59,39,126,132,123,148,56,53,55,79,15,219,118,142,42,89,200,148,253,198,17,160,192,179,193,133,246,240,230,29,133,114,175,246,29,148,34,117,161,33,159,34,128,82,222,59,52,101,191,195,136,29,134,124,143,38,101,184,171,213,90,232,46,72,250,245,32,143,23,158,171,226,55,76,118,207,139,59,180,32,171,138,26,68,63,212,104,202,32,77,199,119,161,1,109,27,134,22,176,23,154,8,164,226,49,100,218,123,158,35,110,138,71,33,163,32,175,236,15,167,220,40,101,214,57,18,46,74,195,170,219,53,218,44,76,8,159,220,230,59,33,125,195,205,56,43,3,136,34,107,119,118,160,35,108,148,44,79,234,32,160,241,0,214,79,200,133,120,137,95,230,71,2,205,134,115,151,52,103,194,141,46,71,225,55,92,228,40,93,209,98,178,192,182,210,92,190,122,253,183,138,16,127,49,27,92,218,54,66,192,163,244,21,26,225,85,221,208,206,156,189,202,128,79,196,188,90,223,83,228,71,5,220,6,186,214,98,76,128,86,166,1,37,112,134,42,80,234,61,75,47,119,120,115,163,24,198,174,199,129,79,255,189,134,209,96,127,119,117,104,80,228,11,186,211,129,131,122,123,102,162,6,239,45,128,132,93,188,161,239,232,33,153,51,98,220,113,137,61,68,50,104,217,120,108,143,54,92,216,58,53,228,55,56,71,132,164,12,183,65,122,152,202,165,239,2,173,5,129,97,222,228,30,171,225,205,251,229,248,11,5,207,104,132,67,4,203,148,60,62,65,52,60,32,134,99,208,131,115,154,4,198,130,91,223,73,21,148,254,226,95,157,230,178,190,101,195,145,20,62,0,207,128,56,19,65,43,80,238,113,196,82,220,239,197,105,148,251,226,69,55,93,224,101,205,114,136,111,179,223,107,180,183,172,209,95,154,255,215,100,210,151,70,56,93,193,151,59,93,245,42,131,73,247,240,18,188,179,214,80,197,126,94,216,98,175,203,138,53,57,51,99,169,216,75,3,242,20,187,130,230,251,190,117,80,192,111,97,203,97,191,70,16,174,231,164,67,48,77,127,191,210,38,88,199,148,207,157,184,200,153,17,193,150,40,32,108,194,159,150,163,238,221,92,18,167,225,25,131,71,9,231,61,70,28,132,71,22,193,175,238,35,104,155,4,218,116,146,74,243,19,129,57,185,168,168,252,230,20,74,244,219,63,23,166,20,197,171,4,234,25,144,85,2,243,43,116,119,108,145,48,98,192,175,196,105,147,35,163,23,142,43,102,161,243,4,251,1,207,103,160,4,239,30,156,17,204,138,36,119,30,135,71,27,9,22,183,184,63,129,141,243,242,250,252,152,66,201,137,103,72,244,43,100,70,145,35,62,56,126,98,173,180,179,180,182,199,165,7,246,31,148,26,141,83,253,21,194,173,204,111,135,76,12,194,171,210,68,17,209,71,231,175,199,75,18,163,223,221,33,109,168,193,120,17,187,162,251,74,55,250,228,217,6,168,216,45,86,5,224,53,56,64,21,152,22,189,154,4,201,120,79,231,54,100,216,104,186,203,118,121,157,46,104,186,201,120,109,139,22,144,54,80,0,252,17,188,162,242,28,157,39,152,49,64,17,127,238,228,3,166,187,124,58,1,234,4,215,0,225,58,66,148,118,153,19,46,178,247,175,202,124,24,193,76,12,206,116,151,20,173,145,253,213,134,83,121,247,241,213,114,209,106,149,252,218,63,22,164,15,212,118,149,26,139,88,247,14,203,113,127,87,225,91,217,113,127,63,34,160,215,53,218,96,179,199,229,102,108,141,220,254,193,141,14,170,241,60,88,253,250,232,38,156,55,79,2,203,113,129,78,204,115,158,35,109,144,55,48,72,254,238,8,190,151,241,250,228,58,75,36,161,29,149,31,119,131,111,184,229,91,242,251,224,53,69,40,114,159,9,229,62,9,200,44,94,194,169,95,20,188,167,113,234,78,169,220,69,187,219,255,230,80,141,36,154,22,47,214,83,173,236,99,179,187,137,51,52,65,67,48,113,169,245,248,234,47,122,141,91,234,47,70,2,207,116,152,32,148,21,175,171,184,81,250,229,49,168,31,67,9,105,87,179,182,148,30,164,26,175,230,75,251,231,73,41,135,123,137,56,44,79,202,129,142,101,222,112,166,229,37,127,148,81,28,183,207,103,161,239,234,15,172,250,17,201,174,239,15,173,249,20,189,202,141,42,84,216,90,232,50,92,160,139,14,133,32,78,197,96,144,63,8,204,32,131,84,244,128,177,230,44,227,147,82,151,9,224,85,207,89,93,224,6,245,175,226,74,1,242,3,223,250,221,109,156,157,140,51,15,196,218,79,232,5,192,153,49,111,182,215,106,159,251,10,228,86,245,10,181,181,180,161,251,19,125,66,179,213,82,234,124,161,187,161,160,177,166,221,30,132,124,130,128,125,130,81,225,74,41,121,154,40,119,108,142,43,82,192,153,46,116,157,29,160,254,223,92,232,63,57,73,247,241,1,181,176,195,161,35,163,23,192,156,255,238,59,93,242,44,78,232,29,137,85,233,50,78,22,171,194,158,171,225,58,65,150,111,173,212,234,126,145,216,71,38,131,70,244,141,81,178,246,176,213,131,243,242,48,85,115,9,187,118,145,114,136,61,3,196,134,91,252,22,180,240,49,68,17,216,129,114,182,222,57,42,83,244,218,43,250,0,209,109,244,59,237,12,97,123,97,148,22,166,7,220,92,226,82,224,58,75,17,190,189,191,150,18,155,228,34,116,160,19,154,8,208,100,170,218,107,177,191,149,21,164,7,212,114,92,89,164,195,101,128,47,35,71,26,118,129,2,220,73,23,22,238,49,74,135,168,21,92,210,63,1,156,148,59,245,40,22,173,233,36,137,62,46,13,135,53,102,177,94,74,249,187,193,227,53,55,23,137,60,69,59,66,41,98,176,233,78,6,213,85,215,76,216,87,1,179,160,153,34,108,154,109,207,49,62,202,51,31,114,96,178,215,134,102,191,195,185,172,219,120,144,66,55,65,14,167,224,50,33,107,153,53,113,184,209,147,37,107,191,209,150,57,88,202,117,119,132,120,133,115,121,75,242,16,200,171,3,237,35,116,119,130,115,171,7,243,15,165,227,60,75,12,160,4,120,122,110,165,108,237,49,73,138,159,46,18,176,165,208,47,220,100,121,161,175,216,122,14,132,64,71,15,67,154,8,144,65,100,178,189,131,68,8,213,140,104,211,138,102,165,237,67,66,69,53,100,166,226,44,104,126,65,183,200,123,111,238,75,191,150,194,88,203,84,220,99,203,144,70,31,127,92,227,76,14,205,134,65,17,158,219,74,35,148,71,42,95,191,195,176,232,51,56,42,53,205,73,213,49,97,167,232,173,102,124,59,254,245,218,82,202,35,95,130,119,157,230,200,3,140,89,103,177,170,221,244,46,6,209,141,214,72,46,90,99,60,36,60,61,110,147,26,109,135,62,45,107,174,243,43,87,212,118,143,74,8,186,168,219,37,106,194,196,194,190,159,247,3,249,34,170,3,200,124,93,159,245,10,222,99,199,161,31,127,86,230,73,35,138,89,244,247,241,255,241,228,51,37,18,144,238,50,106,126,1,86,147,72,148,11,174,193,152,236,240,224,42,95,72,126,0,228,102,105,36,112,55,74,21,143,43,147,241,152,229,255,177,155,221,24,101,172,118,92,198,44,42,48,31,82,184,134,27,121,155,224,61,196,150,18,97,187,93,214,109,74,227,41,50,25,101,129,44,41,51,35,123,101,203,117,102,188,138,46,56,209,123,70,243,226,50,86,250,188,205,137,49,44,59,5,181,134,112,162,239,9,180,140,80,222,84,169,250,218,72,15,194,137,83,221,72,150,170,177,155,221,22,109,104,119,120,35,152,36,88,234,25,158,191,114,87,168,211,141,9,187,63,63,251,222,12,156,0,176,160,207,64,239,226,9,147,246,205,73,226,62,28,169,241,31,150,24,162,243,230,203,10,144,255,176,159,209,58,0,224,228,23,167,233,73,222,22,110,101,126,51,50,110,102,177,79,57,22,143,1,171,174,166,189,119,73,210,56,7,154,224,13,134,40,105,154,49,89,230,66,20,174,206,82,167,220,94,164,216,57,26,170,232,241,220,79,117,197,79,129,44,42,49,28,90,161,203,125,26,179,195,133,20,114,88,167,185,132,35,99,221,24,141,175,187,174,204,69,41,127,122,124,78,234,241,219,29,87,169,179,148,254,232,30,162,4,230,65,21,170,220,40,3,100,130,40,55,9,147,246,205,118,48,112,140,44,86,157,21,143,32,12,86,202,167,202,149,57,80,14,208,100,132,35,68,226,9,149,240,221,23,105,116,81,188,136,73,249,17,185,200,156,5,219,72,229,239,4,247,27,156,238,177,225,43,108,95,228,71,246,154,41,81,204,80,222,86,211,118,51,210,56,7,153,228,2,168,181,186,78,244,195,37,11,142,3,164,193,107,110,130,126,53,35,126,108,149,1,208,61,247,201,83,183,139,15,130,39,58,1,172,170,190,169,220,107,172,239,38,103,180,189,136,251,16,190,150,55,80,224,3,239,0,148,67,41,71,250,215,65,13,194,135,89,160,19,152,43,102,99,222,110,167,11,213,40,83,13,179,67,155,134,165,1,199,173,247,19,175,116,15,129,45,40,53,16,128,47,80,153,7,158,226,255,113,39,56,5,159,208,90,247,218,100,203,148,23,105,116,83,181,144,254,181,142,4,161,202,79,193,107,110,113,144,38,140,72,25,168,225,71,5,173,150,17,192,127,71,238,254,0,230,75,198,176,233,223,87,191,130,83,145,85,139,50,30,99,124,248,125,245,207,66,232,246,205,72,214,85,119,101,94,182,215,112,126,42,47,33,76,231,80,18,199,164,5,123,99,135,26,95,145,252,188,123,60,250,192,111,96,143,2,180,197,133,111,159,22,178,195,160,249,210,27,172,237,47,67,46,99,163,214,250,14,184,88,249,8,180,98,177,105,163,180,81,136,88,183,167,203,98,83,115,84,179,150,237,233,244,210,108,82,232,15,212,98,156,198,18,116,83,181,171,4,242,23,112,220,95,187,171,134,62,26,133,32,79,193,108,107,111,99,135,26,109,156,1,250,255,246,17,167,245,249,210,29,171,251,240,16,134,112,162,240,9,111,134,96,161,226,28,113,165,247,196,176,215,109,87,104,117,79,193,108,108,107,109,144,197,135,36,93,102,123,60,249,194,104,120,100,216,41,141,64,11,213,68,45,101,161,17,154,197,187,185,189,174,220,70,237,11,156,15,168,6,218,100,200,128,106,154,239,208,97,221,100,191,137,88,197,41,125,96,181,153,254,132,108,146,52,96,208,78,204,24,183,189,73,39,125,84,129,61,83,33,153,24,150,253,210,6,90,161,202,79,194,197,118,90,229,89,231,4,183,195,48,94,168,240,184,225,27,144,219,64,30,65,40,77,9,106,218,110,163,222,86,134,64,67,40,94,239,252,32,118,111,148,206,95,198,158,28,50,58,40,91,193,24,125,115,24,195,125,117,68,131,40,93,227,49,57,72,255,237,210,120,92,245,234,219,48,22,163,247,9,166,88,254,141,71,31,115,129,64,70,232,58,78,204,192,242,25,84,182,73,211,54,12,210,89,118,153,28,155,217,100,112,55,61,31,29,145,31,11,119,92,44,186,251,153,55,78,225,40,34,155,24,139,95,225,79,172,247,253,222,247,14,161,248,146,4,215,81,14,211,116,98,176,108,188,180,167,208,95,205,101,171,187,76,31,158,194,169,118,143,18,155,43,123,129,112,173,185,79,6,181,203,151,224,205,70,219,28,152,242,26,176,167,47,164,2,142,32,165,254,191,180,227,15,248,75,14,107,189,182,131,127,159,209,248,197,95,145,59,9,215,121,77,63,116,146,238,61,195,116,125,7,183,224,78,210,125,135,34,191,245,15,118,163,143,17,168,132,112,157,205,134,51,70,104,24,37,36,84,159,208,255,131,153,5,229,72,20,168,255,5,237,27,165,16,195,155,37,148,64,36,138,101,209,114,163,29,161,0,247,32,238,6,210,127,117,138,71,25,103,54,11,142,5,223,39,83,23,33,26,123,33,94,100,127,79,24,164,215,65,76,131,244,237,204,94,100,125,67,7,161,235,27,179,231,32,118,134,66,17,163,2,205,108,146,47,109,164,234,151,166,188,123,62,63,35,117,90,175,132,97,161,6,142,40,201,49,68,157,202,40,27,123,149,74,226,45,214,69,30,24,131,125,118,88,235,61,0,39,190,179,136,59,47,11,190,141,90,207,83,162,126,49,57,90,241,29,95,14,200,126,95,104,151,16,163,249,175,222,43,111,50,54,99,196,120,118,218,196,32,50,41,30,82,121,22,224,48,102,202,168,235,51,91,228,56,77,16,192,163,11,213,202,114,141,75,19,189,174,225,50,61,29,198,122,151,69,76,225,103,121,0,174,164,195,177,207,114,99,149,210,119,48,238,37,51,189,18,234,196,204,238,3,253,246,225,71,203,113,237,194,143,187,110,60,236,57,92,66,167,184,133,32,154,19,166,198,107,82,248,219,83,95,45,38,128,55,106,81,231,169,175,94,51,50,111,106,199,100,198,173,178,16,1,235,227,91,107,155,204,9,96,170,37,151,54,62,26,78,224,94,212,41,59,84,190,182,219,38,180,23,170,165,18,69,13,117,15,77,227,122,152,46,57,20,159,174,248,148,32,61,183,94,154,158,212,49,28,164,228,214,108,118,144,76,210,174,40,119,63,67,173,196,65,12,213,118,110,89,1,226,95,225,64,23,78,23,174,194,134,6,220,48,86,89,66,231,60,5,0,144,44,220,22,42,208,90,247,9,158,24,181,151,96,18,183,126,134,230,26,62,23,183,209,91,146,57,19,163,145,79,16,202,147,196,177,219,21,182,159,224,68,32,30,154,253,228,183,48,219,29,89,164,13,187,175,172,184,105,177,177,216,212,203,43,60,207,24,119,252,128,181,171,4,227,15,148,202,98,84,112,243,160,12,185,93,46,122,87,217,177,62,179,123,80,171,171,110,54,128,82,254,246,9,202,155,49,101,183,211,133,112,148,60,79,23,158,30,162,87,203,130,108,179,227,60,56,44,79,28,85,110,100,130,41,52,18,120,69,0,86,179,168,222,58,69,32,155,12,121,251,246,0,237,239,27,124,147,53,250,159,21,129,209,255,185,71,158,192,44,44,118,245,227,64,199,126,87,95,208,120,87,201,124,28,144,82,184,95,195,178,178,123,91,244,217,78,14,212,133,104,184,175,198,150,52,97,224,86,236,14,171,208,98,62,34,117,147,18,42,81,246,217,64,29,101,143,62,67,223,46,122,148,65,53,83,144,12,74,210,58,1,170,177,156,219,80,161,1,0,127,80,22,161,143,182,180,141,76,66,25,138,28,122,97,179,217,105,196,167,3,205,108,161,15,200,168,252,1,208,97,176,216,125,119,160,242,225,60,85,245,245,248,1,210,97,179,205,107,149,20,122,95,188,206,162,25,177,203,120,156,59,79,8,185,166,225,61,54,69,30,119,80,233,67,62,63,65,40,95,184,193,188,212,123,141,68,6,193,145,31,124,254,207,155,31,165,234,208,121,85,209,48,59,85,189,222,40,78,39,242,167,214,18,141,215,49,63,33,28,111,155,249,1,168,210,142,67,203,247,131,223,216,19,184,98,106,158,79,207,0,175,161,203,169,210,62,179,148,242,215,104,138,91,179,209,144,63,84,182,226,32,141,184,31,46,52,233,204,93,74,150,127,86,179,192,190,212,134,108,190,158,250,250,16,223,102,197,151,13,171,179,84,179,149,238,35,77,205,11,172,10,85,146,157,45,63,47,208,214,11,156,176,118,94,73,153,115,89,98,137,20,116,146,13,196,83,216,184,98,176,88,151,193,93,232,186,182,156,7,103,150,67,36,91,220,203,230,217,52,233,203,95,70,163,56,176,94,149,239,226,71,226,29,47,50,230,186,20,60,58,46,0,70,50,47,81,71,124,247,175,180,126,53,210,10,2,203,152,39,116,173,245,9,236,64,41,137,83,241,49,177,190,169,250,12,223,70,23,143,36,156,235,252,239,7,230,39,79,230,247,9,152,242,229,29,149,234,49,34,92,121,1,171,172,170,178,153,227,6,191,24,109,123,102,162,13,200,162,245,190,44,100,181,207,75,7,183,223,80,171,141,75,220,190,58,9,87,110,83,116,84,19,98,169,226,73,173,202,114,14,194,161,220,59,38,30,138,98,134,246,255,254,208,34,101,215,50,61,54,101,200,163,14,214,85,222,110,173,243,30,165,227,44,57,193,106,113,93,153,228,1,171,225,239,23,187,76,231,81,239,165,117,118,68,37,184,182,179,163,230,28,127,105,186,211,130,116,168,230,33,130,112,176,234,60,75,240,3,204,131,118,139,95,181,151,10,186,206,142,42,89,220,64,22,152,41,88,204,113,141,72,13,197,130,48,63,27,162,10,182,181,200,123,102,166,247,237,11,179,207,149,47,115,120,84,226,41,88,225,86,243,35,157,31,122,108,180,215,121,156,19,155,2,205,128,132,96,224,53,50,72,181,206,134,74,22,151,36,46,67,61,43,239,150,19,110,168,46,84,217,47,65,16,184,213,135,101,209,119,120,108,164,15,215,116,163,253,219,70,1,178,196,182,234,59,87,0,220,69,48,124,134,118,159,245,245,242,224,57,76,22,209,154,47,81,231,67,50,123,156,36,102,162,235,244,247,3,241,34,142,77,9,189,161,22,180,217,109,159,244,247,241,255,226,219,52,78,225,73,207,94,235,43,67,34,248,93,116,98,94,107,127,230,193,253,198,26,96,143,1,8,183,143,169,113,90,159,210,120,43,252,249,184,46,190,230,208,167,105,210,28,134,105,158,156,248,28,153,237,25,144,250,123,118,134,218,169,11,156,48,52,80,110,253,150,253,141,222,38,239,167,76,239,33,88,233,65,244,72,89,228,247,27,38,101,138,41,15,166,251,201,151,55,18,240,98,201,72,46,238,245,252,150,18,174,103,47,72,206,135,137,56,76,3,186,83,206,105,176,193,112,125,96,212,117,119,119,144,37,103,163,11,205,107,149,20,124,102,199,171,13,229,75,252,230,70,45,131,109,162,236,15,167,222,73,149,164,234,232,58,119,121,106,125,89,211,138,79,230,36,122,102,165,231,51,58,38,96,150,13,174,221,93,225,77,10,215,89,200,141,76,19,184,206,142,41,86,211,111,180,207,145,30,91,205,161,27,181,227,72,255,213,109,194,183,224,99,201,120,109,140,19,149,21,170,1,246,17,210,141,47,77,23,182,210,148,71,254,217,72,12,215,102,197,133,66,241,10,220,65,22,170,215,82,224,71,253,219,33,242,150,237,230,251,252,160,157,23,95,57,156,76,158,61,168,14,79,210,101,78,225,97,201,93,171,131,54,215,230,144,200,150,27,56,158,44,65,26,238,137,211,27,110,80,190,55,219,143,36,139,94,228,57,79,19,188,174,239,51,75,20,184,188,194,183,223,71,36,146,53,70,39,136,85,228,76,30,156,18,21,147,43,111,165,5,213,110,140,45,130,36,0,175,161,203,76,203,78,197,131,205,77,220,65,17,191,179,227,52,17,104,173,185,192,182,189,141,65,8,195,135,38,91,246,213,83,245,42,121,146,91,238,15,179,241,36,145,95,226,44,83,218,70,159,13,196,94,178,238,36,87,246,225,254,129,110,145,167,222,72,185,172,7,148,14,219,91,169,246,27,103,241,94,212,39,146,197,112,138,235,16,178,122,104,210,86,99,189,169,242,227,63,13,223,82,165,157,25,114,252,127,56,203,17,103,53,16,219,253,222,112,101,163,251,159,248,35,117,49,81,14,84,206,155,228,33,111,156,47,128,124,140,76,244,255,5,253,7,242,36,101,162,239,23,178,212,124,74,143,1,171,173,167,185,130,39,109,73,249,30,136,223,192,155,0,208,116,127,78,2,165,220,113,129,233,50,100,118,169,149,23,196,150,180,65,23,139,49,82,228,31,144,8,235,183,160,246,213,82,236,204,115,178,199,71,36,144,42,59,21,175,111,125,143,39,247,9,224,3,3,134,66,68,18,103,197,173,212,59,20,178,116,158,139,45,229,46,253,218,81,141,28,149,13,196,94,178,239,33,98,197,13,32,45,56,222,236,252,111,38,206,81,121,68,227,4,254,212,56,174,97,139,14,131,113,142,52,30,101,101,191,133,123,127,49,161,47,226,201,5,65,145,24,190,179,161,16,206,77,64,115,148,231,86,130,62,51,67,58,11,219,92,143,65,3,213,190,25,34,44,59,233,241,156,171,32,114,163,18,186,182,214,123,215,76,255,249,24,172,224,74,212,239,224,13,135,100,164,147,53,29,155,43,53,133,162,8,138,104,82,10,204,97,207,106,171,151,41,68,18,69,30,97,207,144,8,13,12,201,72,44,5,241,24,125,125,97,199,68,65,35,155,28,114,137,161,109,36,40,73,191,113,30,39,173,21,146,46,108,182,217,88,229,27,176,225,40,83,159,16,148,76,10,144,132,133,224,205,247,106,22,137,106,174,175,229,79,201,202,211,117,67,60,215,124,119,96,212,92,212,29,103,179,192,172,193,156,105,23,38,33,93,132,32,16,80,48,63,51,89,233,41,119,141,76,255,245,25,183,190,184,202,150,33,141,74,101,161,1,246,40,130,95,209,85,190,173,209,122,86,6,221,23,239,69,159,144,173,72,124,128,77,246,130,231,248,197,94,211,28,42,111,85,88,65,92,109,208,239,62,209,69,180,177,244,19,127,67,189,137,224,203,227,208,127,98,101,24,189,143,49,168,91,92,127,69,204,72,151,187,239,9,230,58,59,90,243,18,217,117,141,101,198,151,60,62,46,125,126,111,187,200,146,86,255,237,68,127,86,227,78,9,200,149,23,142,95,139,202,79,192,110,102,125,54,13,171,85,180,165,230,34,141,72,36,112,93,132,89,179,209,132,83,201,142,35,115,119,85,205,158,221,65,50,81,225,50,80,227,46,77,4,198,132,71,0,112,152,36,63,15,217,97,159,32,100,117,30,153,19,33,111,149,208,101,219,24,130,127,113,111,187,190,115,219,128,239,159,128,207,242,252,239,194,143,94,180,74,9,197,157,225,69,251,20,176,138,238,39,74,117,20,122,5,99,113,25,102,219,12,202,74,178,193,200,93,187,177,125,93,244,2,137,71,43,253,213,135,34,117,155,35,156,43,115,132,79,14,203,163,18,183,172,208,77,133,30,85,176,159,208,63,242,12,107,149,74,4,108,25,145,29,122,118,121,97,202,78,226,95,183,69,29,162,189,214,14,170,11,193,53,190,160,240,2,222,64,11,203,89,251,136,44,79,202,117,132,3,205,164,244,194,181,221,68,237,254,245,160,236,65,18,54,74,28,80,27,63,24,193,155,203,151,54,56,17,147,54,235,58,184,166,120,116,41,87,217,244,232,50,52,80,186,158,45,103,144,59,171,69,190,133,245,165,208,241,160,97,155,156,217,36,68,64,13,139,180,79,193,106,113,154,197,45,103,109,15,27,206,23,210,234,74,180,230,44,75,196,127,137,81,196,116,40,70,168,115,235,183,201,131,1,68,56,29,136,164,102,57,231,12,119,72,152,185,248,233,61,85,6,210,128,118,144,52,89,232,67,27,164,13,219,84,248,8,36,101,180,214,117,166,242,21,150,16,216,54,47,201,88,186,167,224,82,250,14,178,152,212,106,129,103,195,152,253,243,241,8,185,144,28,176,166,233,74,30,123,102,180,183,177,197,156,255,217,72,6,109,124,116,111,159,206,98,224,77,221,84,96,37,30,100,87,129,62,169,120,206,162,232,251,124,57,3,166,8,202,128,56,20,87,233,218,198,3,126,114,70,220,162,30,168,13,121,95,232,54,21,129,2,186,75,138,165,137,84,227,226,161,33,99,182,26,3,100,104,138,254,181,81,140,126,86,243,37,130,93,227,99,216,91,231,80,13,188,195,188,188,174,238,56,67,27,164,21,188,176,230,83,3,217,108,195,182,194,179,233,47,86,247,39,220,61,49,117,166,242,21,150,15,219,23,38,60,252,187,124,59,255,178,185,41,56,25,139,51,91,223,93,196,81,114,144,49,90,168,239,0,6,219,10,112,161,220,191,55,16,66,171,153,159,210,148,202,92,201,146,12,99,168,216,220,90,219,45,71,3,136,75,33,76,165,243,34,99,105,144,85,182,187,217,106,149,22,165,229,40,94,206,103,159,224,204,74,209,59,253,184,135,25,150,205,123,145,203,105,202,132,229,179,189,113,159,65,15,199,147,10,100,156,1,234,18,124,91,201,156,36,154,56,54,53,88,241,39,116,117,119,110,109,141,72,50,97,229,83,228,39,122,157,35,163,15,165,226,46,73,3,117,101,187,155,26,93,181,230,59,228,208,126,42,217,190,229,211,157,136,112,67,58,48,63,244,223,206,67,229,0,12,169,183,71,218,32,77,6,178,226,29,147,74,19,217,41,139,242,125,222,238,33,59,255,60,82,13,222,19,154,232,22,147,47,108,187,196,188,210,104,154,26,171,251,4,255,1,207,100,169,235,60,57,80,196,31,80,190,115,148,251,208,22,126,255,110,249,142,69,15,92,50,110,123,110,242,123,250,164,211,32,77,138,226,122,100,206,153,54,72,44,95,223,100,185,205,142,57,77,18,179,206,143,58,78,3,253,236,52,178,187,187,218,99,186,191,151,12,228,253,117,80,190,117,80,191,114,87,203,245,214,65,18,158,26,163,18,167,187,109,159,226,69,40,103,142,62,16,171,208,72,242,47,41,96,229,89,231,66,48,71,254,241,50,113,161,21,177,191,151,12,187,93,214,110,146,61,32,137,254,209,146,45,235,162,239,219,99,255,225,48,43,78,235,45,131,120,153,60,61,33,124,150,62,70,53,82,221,63,22,116,114,130,113,175,253,11,224,62,30,157,43,134,100,197,131,72,253,241,49,89,248,235,245,244,17,214,134,108,178,236,19,164,29,178,232,63,68,7,192,147,252,217,71,19,198,179,215,106,179,197,132,91,237,62,54,78,3,201,121,107,161,12,193,168,222,57,54,239,23,190,69,254,12,191,53,196,138,11,210,176,207,104,130,72,247,249,34,146,65,61,38,108,200,159,27,169,215,79,233,45,123,123,145,30,97,186,160,254,4,199,132,100,169,222,64,48,66,11,179,207,151,40,137,54,19,153,30,163,17,216,126,128,88,209,135,99,226,96,216,75,244,245,214,86,246,20,152,14,188,160,249,236,35,106,149,22,123,251,190,115,85,174,163,196,98,174,102,183,200,83,211,141,69,197,45,74,164,246,197,28,173,163,234,38,31,121,159,205,100,217,98,147,55,88,176,20,245,15,118,165,163,25,145,27,84,1,234,231,56,29,136,164,101,61,219,46,17,123,253,136,136,57,74,22,169,233,58,70,34,126,122,132,96,198,164,7,222,75,22,180,217,89,235,54,77,254,252,255,245,3,236,57,79,248,14,203,149,37,134,100,196,153,43,116,151,30,154,35,140,65,50,97,46,72,12,209,142,74,6,219,69,2,220,252,225,104,149,167,241,15,193,117,138,46,123,125,34,38,126,68,136,220,33,14,72,196,31,81,25,69,5,251,197,131,91,128,87,6,202,51,75,33,26,126,140,20,162,37,149,21,152,31,119,116,124,127,114,125,93,165,126,51,22,108,105,115,85,174,216,6,196,191,165,138,193,153,4,196,153,14,161,9,143,31,169,215,230,59,74,199,184,103,160,41,103,67,149,28,123,95,199,132,63,49,38,145,197,118,115,92,189,170,144,37,154,17,105,189,195,146,1,193,172,121,95,232,29,21,174,241,209,153,197,134,121,114,70,38,136,66,242,239,35,34,148,170,210,246,249,155,2,217,245,227,63,15,192,106,142,93,216,13,86,236,223,186,26,208,17,228,179,237,202,163,244,243,215,56,195,100,131,37,156,251,194,16,61,248,198,92,216,11,93,216,26,9,44,155,176,7,74,49,8,179,183,196,48,60,83,246,214,62,203,95,95,79,85,121,130,88,128,199,177,177,202,220,190,51,251,208,43,44,235,190,230,30,159,50,109,158,29,161,13,188,192,183,212,103,194,182,222,73,27,170,88,201,137,86,247,30,137,80,229,35,159,227,40,222,28,111,137,59,65,44,118,122,65,218,86,188,183,211,102,144,57,33,119,107,120,99,222,30,127,123,145,77,35,140,57,45,113,178,235,73,19,153,11,177,203,32,100,189,150,43,40,83,13,197,119,134,202,232,212,65,193,65,254,105,57,140,105,148,246,137,19,116,82,4,213,96,153,241,191,176,168,197,39,81,166,206,228,188,41,150,8,236,40,62,7,114,106,59,187,20,61,53,61,209,210,143,23,154,109,9,80,163,214,23,104,55,217,150,17,195,170,243,10,204,129,116,165,21,165,9,226,70,18,194,184,28,126,106,181,215,112,148,50,64,19,207,59,188,123,61,248,200,88,167,185,165,102,130,60,33,113,160,17,199,134,11,69,24,153,35,77,255,207,152,37,85,229,170,78,195,168,192,206,37,108,28,85,107,11,206,84,224,219,92,134,251,1,187,33,17,133,229,196,78,129,45,138,254,212,97,204,26,174,228,249,1,150,202,148,3,75,147,254,120,10,125,243,214,122,246,245,195,137,52,199,151,34,90,193,147,216,92,238,226,226,60,71,244,183,165,22,117,111,142,86,248,235,22,166,227,48,71,18,157,250,229,54,94,211,135,38,249,195,102,124,57,3,166,187,176,128,99,218,241,250,24,154,164,120,111,90,229,112,132,105,175,184,89,188,159,15,166,193,139,47,71,19,200,179,238,57,79,239,6,215,123,153,61,75,10,180,184,174,218,104,176,230,31,89,200,142,75,32,176,252,7,195,144,69,49,127,141,70,1,208,101,162,247,167,248,8,199,159,250,252,166,218,118,128,240,146,32,70,33,195,147,26,109,134,71,41,121,104,158,15,168,223,58,58,36,106,148,251,236,67,40,121,133,90,201,121,130,130,109,172,238,28,126,92,191,130,101,189,195,138,29,135,59,41,130,136,116,171,255,224,55,86,12,233,72,26,132,70,2,224,97,200,163,237,11,189,73,232,49,57,66,228,31,167,247,176,110,163,186,40,208,174,120,176,78,37,44,72,247,3,129,59,189,120,69,223,111,131,43,234,240,222,21,173,189,195,121,126,136,88,9,152,62,254,193,50,48,8,169,83,111,16,238,8,157,247,237,31,157,47,127,130,112,136,63,61,80,29,170,255,212,86,211,103,186,184,194,108,41,52,19,119,137,28,110,58,16,73,144,148,189,181,189,82,81,18,142,52,160,112,28,63,3,147,246,143,211,167,220,100,217,107,163,17,214,109,159,24,166,249,248,18,219,108,159,27,179,226,61,66,67,55,62,61,84,6,208,137,107,173,221,98,234,151,13,187,198,183,214,98,199,128,83,17,117,13,135,26,98,137,19,117,78,230,164,201,103,160,244,22,173,244,2,169,160,6,175,223,89,211,73,13,164,238,7,164,222,106,120,110,166,246,242,255,234,24,144,39,118,113,130,77,247,169,242,26,142,72,255,236,212,80,21,165,131,219,70,212,118,197,143,40,66,7,196,172,251,23,178,227,53,57,76,27,182,211,121,102,163,234,247,232,35,155,44,80,231,49,64,24,143,69,28,126,88,205,125,128,105,186,163,206,114,171,254,253,254,220,63,46,120,151,51,91,193,145,32,88,215,135,106,150,21,170,215,81,227,62,25,134,68,7,203,46,88,250,144,28,178,206,7,78,236,226,76,66,24,141,21,143,32,115,145,79,12,214,141,88,208,109,187,200,163,40,135,62,23,143,57,82,246,26,132,46,84,211,102,214,113,175,252,250,232,26,159,42,117,161,32,138,53,51,58,56,89,224,95,181,151,28,189,211,151,67,33,117,117,143,99,224,112,193,193,144,37,100,138,63,74,29,177,240,8,186,190,204,149,74,33,110,136,61,4,96,141,8,151,233,245,209,60,31,17,182,201,79,222,107,173,142,208,96,97,193,103,54,94,144,33,127,19,157,51,16,154,54,74,229,55,181,43,44,111,108,202,49,70,140,6,87,73,20,130,85,123,123,83,229,140,172,104,93,170,156,218,226,217,151,11,215,127,124,110,173,251,249,0,12,204,128,122,154,32,130,114,175,225,65,52,109,185,185,205,161,21,174,2,234,37,137,109,178,204,146,75,13,187,198,181,215,94,222,114,171,225,85,2,231,47,107,198,246,240,24,184,193,159,14,160,28,153,216,101,149,31,223,180,80,163,216,18,118,14,87,30,119,146,81,4,217,110,193,194,157,33,163,23,159,25,184,205,125,130,133,113,153,67,48,83,254,17,207,119,147,76,18,172,244,45,119,127,124,146,56,60,68,55,82,238,46,128,209,93,209,145,64,36,126,91,170,111,98,137,21,112,94,149,238,23,73,250,29,119,0,230,47,97,148,42,77,31,143,237,198,159,227,172,113,100,69,164,176,92,155,59,236,45,35,40,94,240,231,29,139,240,6,248,247,172,222,103,73,239,57,11,172,207,122,134,103,212,132,109,144,42,121,143,93,234,56,41,87,207,115,150,37,125,69,157,216,40,55,9,147,244,210,109,73,250,27,144,198,10,189,155,1,225,56,37,126,47,61,77,235,170,238,49,16,219,253,222,111,148,187,44,86,206,105,171,217,65,42,58,87,114,110,137,27,128,93,103,142,63,15,191,110,130,128,110,73,162,9,137,189,16,238,185,237,151,75,188,153,5,218,251,203,11,141,6,155,58,33,79,104,52,18,120,70,28,63,191,178,141,176,57,116,38,166,109,197,68,9,190,68,0,4,225,19,136,236,251,138,205,220,228,66,23,67,126,141,32,127,189,26,31,56,25,78,195,38,14,246,239,46,122,118,154,47,91,242,36,124,138,79,246,15,192,165,11,208,118,152,42,103,199,166,245,30,233,23,164,26,170,231,57,42,84,14,126,242,217,35,70,220,26,95,146,27,5,167,206,108,146,60,59,73,1,172,153,25,115,146,66,25,119,132,64,26,130,51,50,113,101,166,248,24,192,191,193,175,203,122,149,74,34,153,40,91,196,134,68,164,253,247,198,120,157,23,78,146,26,50,77,193,38,142,255,214,97,108,147,83,178,180,232,53,37,111,238,135,216,12,155,201,82,122,19,233,97,174,222,109,176,212,110,138,51,72,182,179,243,245,134,86,225,75,213,103,149,69,30,63,209,126,67,137,216,45,234,180,127,237,232,85,158,21,106,82,223,110,108,143,52,243,251,24,148,212,103,205,22,138,104,127,99,229,75,244,251,247,238,12,180,214,101,164,235,253,118,76,202,80,190,116,81,186,180,116,120,161,255,122,239,14,167,219,83,226,37,125,52,47,120,108,40,117,155,209,152,200,126,143,53,215,216,82,218,68,25,143,30,147,255,12,106,148,17,168,189,155,18,91,197,186,176,140,86,248,244,221,45,103,71,247,33,113,25,163,17,112,188,90,199,181,192,93,227,82,228,12,160,14,98,211,235,15,63,32,37,100,179,102,145,55,37,125,52,47,121,130,63,45,215,194,71,235,196,57,22,31,22,254,194,39,58,255,176,251,222,25,10,78,197,94,148,49,1,124,124,49,197,248,56,219,135,201,177,122,99,211,126,86,196,29,161,181,174,252,249,206,88,124,75,154,156,112,40,116,129,6,51,108,128,95,31,244,146,223,36,45,37,0,126,167,221,96,203,134,110,181,201,172,250,251,17,189,171,242,27,152,59,65,36,149,48,88,252,253,239,56,89,221,107,11,175,214,114,153,38,113,150,18,156,52,12,72,214,43,45,41,52,18,121,102,35,76,222,61,29,156,27,169,224,253,111,155,16,190,126,110,130,126,115,66,200,154,239,133,229,8,90,101,110,35,71,38,230,17,181,103,156,250,120,154,42,62,175,244,34,147,49,39,240,24,153,34,63,14,219,100,150,251,244,15,91,172,105,114,88,165,191,112,94,149,21,48,89,226,4,190,204,139,36,145,15,116,33,144,45,209,95,197,65,17,216,35,97,225,73,233,42,220,184,133,98,146,89,132,78,117,76,135,185,196,114,134,231,55,33,123,201,247,136,252,203,58,0,111,50,140,50,116,155,25,197,182,196,176,228,64,78,14,193,195,162,4,255,245,12,237,57,62,75,9,209,153,120,105,169,246,11,194,164,223,98,201,74,14,156,11,27,0,109,77,219,11,142,198,45,155,0,249,16,182,213,109,158,29,159,8,228,171,208,117,164,25,152,37,101,142,195,101,129,45,40,53,14,132,85,144,37,155,253,112,150,31,144,8,209,89,250,255,197,149,155,123,59,63,250,32,47,77,122,61,178,56,73,229,44,245,13,114,55,75,222,185,71,224,210,251,169,112,95,237,213,114,83,150,20,207,61,71,24,93,213,27,59,63,0,83,122,73,151,174,146,182,142,97,108,146,85,184,169,230,222,60,86,220,254,235,65,186,157,46,44,74,249,13,208,101,166,244,248,239,10,212,111,132,69,6,213,132,98,220,62,37,17,144,57,31,142,1,201,169,242,238,33,249,91,124,74,166,147,8,74,149,131,53,207,66,231,249,33,109,109,36,66,232,247,7,175,237,251,248,26,162,43,50,112,69,174,228,247,113,245,64,195,207,242,53,236,11,216,108,140,34,1,246,195,138,23,138,54,68,42,133,114,173,247,248,236,34,144,81,17,208,126,90,197,133,87,247,5,233,248,133,32,77,198,155,231,0,112,125,153,166,158,120,157,191,66,42,38,228,157,73,168,31,2,6,124,93,229,71,250,217,221,97,128,52,186,64,239,224,14,196,71,169,243,201,252,84,34,28,194,25,194,86,229,8,168,166,117,153,204,103,208,125,65,255,135,42,252,120,221,226,71,8,112,246,36,90,208,202,242,149,211,71,199,89,99,87,30,119,142,76,5,211,124,140,92,207,137,106,190,168,254,8,216,90,228,73,22,161,21,197,164,248,15,214,109,156,34,155,30,137,91,244,35,123,134,114,248,232,44,114,156,23,158,18,160,243,48,26,32,80,191,113,91,157,215,41,84,88,172,191,152,12,207,131,114,134,12,65,35,121,130,49,85,204,161,11,122,31,148,1,79,135,34,11,81,167,118,76,38,20,126,98,198,112,54,47,67,159,38,136,36,253,11,223,93,209,72,142,62,38,124,49,55,95,214,64,254,236,41,15,143,191,113,90,160,206,69,224,15,167,121,126,113,86,202,167,247,223,96,164,180,97,207,111,12,175,212,19,157,51,18,149,70,26,120,119,215,206,3,138,35,48,28,26,49,143,36,136,104,199,143,72,38,135,79,5,237,59,50,96,218,97,193,176,234,132,70,22,194,174,219,91,198,129,95,115,124,150,13,64,39,110,164,202,137,49,113,155,201,49,94,164,102,65,242,157,156,199,24,105,210,24,140,102,131,73,7,122,104,211,99,103,174,248,151,7,240,230,32,140,97,209,136,103,167,221,84,8,222,102,204,111,138,53,62,196,118,134,57,64,235,10,230,58,23,165,109,255,143,16,84,139,32,2,111,245,221,214,44,43,44,135,56,10,77,199,89,164,1,193,183,159,14,216,103,220,31,169,152,180,211,43,214,199,204,32,184,54,106,94,203,84,194,88,96,217,24,137,27,139,98,203,116,121,123,100,171,219,105,151,13,141,198,92,154,223,79,168,134,91,146,160,104,230,208,168,102,218,14,188,129,59,0,157,39,127,104,156,170,207,153,33,84,185,71,247,43,242,185,38,146,223,225,76,192,24,0,31,37,167,105,209,42,104,126,69,207,251,6,145,32,141,242,184,202,97,47,231,2,108,46,18,52,19,211,34,151,46,92,191,105,53,244,217,204,8,151,232,245,13,156,23,92,189,9,111,137,204,59,214,31,155,144,55,228,33,164,31,77,132,35,70,221,23,106,113,93,189,38,84,239,165,220,113,156,231,60,75,215,159,85,240,208,77,133,30,84,178,151,233,242,217,87,135,62,37,45,99,155,30,34,101,214,114,128,124,102,153,40,97,200,73,42,22,21,44,221,184,106,56,134,63,47,42,110,181,137,208,74,59,194,4,88,192,183,169,134,106,168,246,200,148,6,216,24,137,166,154,8,79,180,108,92,247,164,223,70,31,151,251,136,106,180,176,187,104,182,162,0,92,42,222,205,21,169,254,212,102,208,70,53,38,121,53,51,168,146,31,9,132,251,174,199,151,207,235,170,98,41,22,52,148,22,171,183,197,175,157,148,252,36,7,53,199,117,147,18,165,139,81,216,85,135,39,247,202,80,189,120,72,216,39,106,75,234,40,122,134,235,10,232,59,37,141,51,49,95,188,182,127,83,209,122,38,3,186,109,141,184,146,109,190,136,82,169,214,192,74,246,134,15,91,137,47,103,150,26,57,16,60,251,189,120,163,198,3,100,131,38,62,52,248,150,43,33,243,111,211,10,248,117,173,150,35,75,222,6,85,249,187,212,10,212,134,91,141,195,185,212,125,115,81,19,44,89,194,124,54,125,239,30,141,54,32,108,109,197,135,101,173,196,166,230,55,250,225,37,127,59,15,49,174,99,159,170,197,18,151,1,43,133,53,74,194,140,158,178,192,39,43,5,140,38,130,69,12,94,152,163,197,97,140,72,189,72,23,93,63,138,128,2,16,47,126,17,155,41,121,99,157,145,68,218,121,26,162,27,156,203,9,230,77,17,182,134,113,15,174,194,125,50,138,201,143,58,46,54,42,53,110,138,92,200,116,151,20,175,149,17,128,236,234,240,222,19,116,82,185,203,109,57,66,253,237,147,145,248,10,154,65,206,112,15,126,241,122,148,53,43,75,162,133,31,80,190,115,85,176,158,212,50,25,99,195,125,116,8,67,139,215,212,8,238,239,36,145,5,21,244,19,105,202,26,113,136,230,11,198,134,91,180,193,248,105,50,254,199,69,221,216,246,62,24,176,236,48,89,246,7,213,133,91,211,128,124,127,108,188,183,195,188,196,153,46,116,153,31,172,249,252,17,200,145,83,248,255,11,228,57,77,21,180,206,152,34,129,128,126,112,187,213,105,204,144,56,91,236,37,156,51,76,91,192,167,10,219,85,239,5,166,123,60,250,193,106,113,91,156,218,32,77,199,170,236,14,213,130,110,57,192,109,103,120,70,220,26,97,209,87,215,223,208,64,239,225,11,140,10,145,59,20,172,93,66,142,206,240,179,235,5,209,201,245,140,238,245,187,123,255,130,154,1,242,41,128,99,206,152,43,100,205,156,23,159,26,182,209,113,164,27,164,246,21,199,158,10,218,124,137,73,30,176,242,14,206,158,36,118,151,65,45,93,226,97,215,102,219,101,180,220,118,159,6,231,80,2,229,94,45,74,6,231,87,242,14,195,129,57,59,40,118,88,233,65,243,77,76,9,136,109,50,39,101,79,207,121,109,167,208,109,245,116,18,94,165,171,173,106,66,90,195,173,245,31,138,100,210,109,174,235,42,105,199,171,228,78,9,202,162,22,166,12,199,144,73,24,157,40,133,85,247,23,178,207,137,97,212,104,191,191,9,182,194,179,246,32,131,96,179,155,156,220,27,93,152,229,254,179,225,63,34,81,201,55,89,219,9,183,207,97,211,43,74,41,133,84,189,133,80,171,12,177,233,33,106,183,181,203,63,19,122,254,182,141,7,155,222,19,117,80,189,120,70,26,119,164,216,7,213,87,171,115,129,255,188,85,154,98,104,145,36,97,203,141,80,238,207,95,111,135,31,95,136,223,79,15,190,132,78,209,17,210,70,32,156,228,123,194,167,173,0,137,56,11,156,210,246,151,56,68,215,112,116,97,183,104,209,23,143,8,164,187,60,211,88,229,10,210,134,37,182,17,187,115,170,126,100,112,29,48,67,37,71,221,206,152,31,228,99,58,215,84,246,250,174,181,147,178,152,231,248,197,95,145,251,2,198,137,231,255,111,97,140,10,144,255,178,152,47,65,188,201,141,71,213,125,111,65,63,54,41,80,168,246,227,63,166,106,25,46,205,27,181,168,231,133,194,38,34,89,144,254,116,34,186,164,13,218,111,157,40,107,180,217,94,229,53,91,242,13,208,143,54,81,248,252,1,238,26,173,5,232,51,105,170,246,0,242,24,155,37,135,84,2,227,84,233,61,62,48,84,253,21,7,188,176,232,73,20,167,246,231,6,212,93,234,59,61,68,50,89,206,118,40,148,20,187,124,98,173,253,7,230,65,195,129,112,123,109,30,18,122,65,234,53,45,84,136,27,4,96,142,3,165,18,182,163,9,132,161,21,159,234,67,214,138,55,86,218,62,56,48,89,150,15,135,215,41,50,24,103,122,64,237,50,74,255,187,142,233,71,34,105,64,10,230,79,11,200,148,63,26,106,144,252,16,137,86,251,197,214,178,217,24,192,83,8,198,125,99,118,138,48,60,184,91,162,135,25,100,131,38,61,246,204,148,20,69,44,98,202,77,28,163,230,202,146,9,193,55,72,226,74,30,93,15,4,225,0,7,125,138,64,14,121,152,42,77,229,211,243,214,45,39,57,2,167,186,129,42,48,29,163,247,249,206,83,153,50,81,168,217,109,136,228,32,164,18,172,182,156,9,127,143,41,127,95,175,229,40,112,81,221,51,104,178,187,206,149,50,2,231,15,214,92,161,138,70,231,129,121,184,63,21,161,190,177,189,151,168,168,123,129,101,149,186,145,39,41,232,73,45,85,130,128,58,68,48,38,178,28,155,211,141,234,67,21,144,252,213,117,107,155,178,157,151,235,239,226,7,154,225,12,138,17,124,60,69,2,123,140,67,198,176,228,32,107,89,249,10,175,110,128,134,101,157,163,10,172,216,219,220,27,93,153,229,0,173,166,1,199,135,207,255,178,153,226,8,150,237,233,61,24,56,90,232,22,57,87,236,6,184,89,97,141,8,149,240,224,15,128,45,38,59,253,2,220,74,217,49,255,255,232,227,41,134,96,189,196,139,212,80,21,192,161,214,58,48,9,240,4,239,14,162,13,178,212,37,97,143,191,114,89,164,193,106,113,92,154,225,13,137,20,114,88,166,14,191,147,69,48,99,110,162,221,107,156,225,204,127,60,132,111,214,231,28,139,0,237,8,192,81,231,70,6,175,204,85,214,48,212,133,120,115,38,170,248,228,219,67,12,72,20,190,106,208,35,113,167,226,29,129,56,46,59,241,53,69,189,202,14,149,246,203,46,74,17,131,74,246,138,79,12,127,142,231,39,133,71,238,16,139,51,45,10,197,178,118,168,152,28,173,139,97,43,72,43,127,55,201,84,178,153,226,7,152,230,253,184,133,30,153,1,217,247,206,3,164,194,104,118,78,198,94,149,238,229,0,248,231,204,154,26,67,40,72,4,111,160,180,56,173,128,109,87,169,60,81,13,222,21,200,39,78,254,209,120,67,58,68,1,202,59,59,226,172,79,154,29,70,222,158,41,134,114,90,245,152,14,142,29,38,90,248,26,163,241,38,100,72,29,117,124,241,155,222,19,116,81,186,128,45,109,132,79,118,10,143,0,174,233,15,175,120,76,114,23,106,112,95,229,61,251,207,105,79,51,62,49,90,193,182,145,83,203,174,195,188,24,74,241,243,120,107,172,192,172,158,249,86,136,61,176,144,214,24,107,44,41,50,24,165,171,136,81,4,232,179,252,94,236,255,237,218,69,114,52,56,190,103,83,161,208,251,189,118,76,10,124,216,169,250,233,150,178,149,242,48,50,84,165,229,147,208,101,56,249,155,203,83,92,87,168,183,138,30,137,59,64,248,219,86,120,151,50,97,172,205,142,65,245,19,157,47,89,209,119,108,98,202,90,198,157,249,184,169,94,169,238,220,231,25,123,97,209,101,172,121,76,241,10,172,1,255,255,237,2,6,150,65,55,71,31,119,45,95,57,20,161,240,116,250,81,81,91,162,135,26,98,138,91,191,67,37,84,228,173,129,101,74,152,158,181,183,98,162,21,24,123,119,64,187,157,239,5,228,44,88,118,105,204,82,215,84,255,6,252,11,213,94,191,191,200,182,220,95,180,182,179,203,150,38,119,156,29,116,113,48,219,30,86,173,166,187,124,57,79,243,6,166,202,51,84,157,177,204,120,133,243,203,134,15,146,202,5,78,225,99,209,99,155,32,51,140,50,52,34,105,148,24,161,22,182,208,134,111,143,37,122,141,81,0,243,16,163,233,25,149,47,89,225,46,99,155,14,44,3,223,218,231,179,117,117,42,73,32,249,216,96,135,231,26,119,107,177,196,143,207,78,234,248,44,106,120,196,167,225,56,221,55,37,78,237,39,77,3,152,12,30,47,72,143,244,170,163,35,45,87,194,188,170,196,80,118,81,223,22,41,51,21,112,95,146,248,197,179,209,80,3,148,95,163,225,49,54,32,166,168,145,45,84,242,173,155,22,95,161,155,147,176,195,173,207,142,50,52,86,213,106,99,167,211,115,59,197,117,59,35,246,214,160,37,84,240,210,94,40,17,163,127,36,27,75,233,58,31,129,1,176,93,151,233,245,21,140,58,183,48,220,27,92,155,28,101,156,183,160,162,174,87,168,66,11,148,155,154,223,17,122,137,52,228,66,0,234,159,105,82,202,39,16,144,177,97,33,172,149,28,155,249,212,91,110,185,198,122,95,102,57,2,167,184,134,27,94,148,48,52,79,111,248,164,210,13,94,168,107,51,171,250,103,128,66,17,161,16,191,189,164,177,83,239,20,178,162,2,198,178,215,22,76,14,147,153,169,188,62,185,114,23,107,201,42,60,40,116,100,55,199,90,159,208,62,244,210,56,70,240,45,55,231,235,240,141,161,100,70,144,167,38,146,16,188,40,206,33,91,114,47,52,198,34,219,66,248,3,230,76,240,58,16,160,118,84,199,128,85,244,21,187,172,154,151,33,125,119,83,239,255,9,210,36,33,141,23,14,74,217,232,186,108,39,57,79,108,127,106,61,85,208,66,167,186,128,46,37,62,244,211,116,106,171,97,54,180,93,66,190,204,86,240,44,50,142,136,87,159,40,0,190,161,154,237,31,124,120,93,199,230,161,139,244,229,234,240,160,160,65,15,205,155,36,128,135,85,235,73,36,126,137,85,237,68,41,110,191,187,184,222,97,197,182,214,97,206,213,83,236,58,77,254,242,251,194,37,63,241,219,30,85,174,164,11,175,117,143,237,164,135,231,199,100,52,176,95,127,145,85,199,171,102,160,212,84,204,157,26,124,87,146,56,15,146,165,80,123,87,131,58,179,180,172,43,132,56,67,215,78,87,134,66,161,188,82,164,221,92,184,180,73,146,249,196,97,208,92,201,10,55,198,93,152,230,79,254,217,117,160,18,98,199,110,159,194,140,158,175,199,18,106,73,197,171,95,201,25,102,153,18,46,204,79,233,64,27,121,135,68,30,61,54,34,162,225,246,224,5,215,91,221,42,202,158,139,56,23,125,53,49,34,7,152,230,252,1,203,141,254,242,189,35,53,80,164,219,65,54,36,197,157,244,13,150,10,232,249,10,165,32,108,193,8,120,105,141,170,211,62,21,155,47,110,137,59,55,47,75,246,8,185,168,221,77,18,180,218,69,235,27,139,105,195,140,49,83,219,71,2,227,41,79,4,189,100,193,83,126,76,184,171,94,160,67,60,16,225,44,130,199,61,25,125,8,134,4,80,173,233,217,58,35,145,18,252,249,223,76,21,46,63,53,45,86,98,141,38,107,34,239,229,37,140,55,38,130,83,239,203,140,34,164,221,2,187,115,141,58,64,1,69,59,218,66,23,88,228,24,184,218,34,158,234,66,229,213,62,201,35,14,114,66,11,203,51,202,75,252,220,90,208,44,48,220,27,93,152,36,89,221,202,251,100,76,117,35,157,239,53,14,89,179,106,65,182,122,41,88,230,226,190,114,137,52,81,235,218,37,66,4,207,247,114,91,195,178,197,124,127,92,212,27,157,238,62,15,108,125,47,90,210,119,91,55,93,102,167,151,3,206,85,204,140,29,43,132,56,81,211,118,105,56,25,79,198,27,95,146,247,27,152,10,224,96,211,30,146,12,204,29,28,150,9,128,105,29,173,188,197,121,132,62,183,154,205,75,207,95,191,38,229,203,130,78,248,165,218,73,230,24,106,139,61,197,148,24,79,242,184,198,159,181,158,240,44,102,176,187,187,119,156,29,112,118,72,23,129,99,144,39,117,148,53,40,137,71,182,168,224,33,104,123,164,247,242,199,117,150,17,173,201,78,7,160,214,65,203,161,23,85,209,202,255,67,249,198,131,113,137,49,96,186,189,98,198,114,178,177,134,47,24,159,4,224,33,230,90,128,74,249,213,75,209,147,220,236,40,36,83,213,252,133,203,81,122,66,233,242,32,110,53,78,169,134,91,139,30,117,27,37,225,105,169,10,209,83,25,147,183,139,58,214,79,248,238,250,69,74,123,145,64,11,171,152,38,84,25,167,163,207,21,54,163,163,199,218,19,206,44,253,246,187,143,34,21,55,179,176,228,30,129,225,14,161,249,122,231,252,226,85,220,56,75,247,5,138,79,216,127,74,188,142,250,248,247,8,168,81,7,81,14,207,99,115,139,21,130,1,205,75,139,14,134,29,168,241,254,6,236,47,12,200,65,167,128,253,133,42,227,164,132,17,219,119,95,227,192,146,252,218,37,65,7,200,12,49,231,46,76,239,169,255,225,239,53,79,238,56,70,248,10,227,252,229,51,240,233,11,92,239,43,25,165,201,99,182,111,173,221,87,228,208,146,61,15,146,226,87,230,43,61,213,66,237,15,207,110,130,110,144,59,233,51,44,133,57,238,249,187,181,195,165,209,214,123,237,10,221,100,199,159,227,38,64,173,168,182,142,79,227,214,121,124,122,60,57,239,185,183,177,102,181,179,81,165,209,203,218,153,191,198,160,234,12,115,166,247,238,54,92,223,253,253,211,98,61,180,146,247,202,143,236,192,161,243,159,10,179,78,173,187,14,18,242,180,175,249,9,167,199,144,59,181,54,202,80,191,113,105,168,222,105,195,182,209,38,130,76,16,160,30,179,218,67,16,176,115,164,245,231,181,76,201,83,182,219,79,203,92,202,60,89,201,159,255,206,137,62,47,19,151,5,222,0,106,53,222,226,17,45,197,33,57,100,221,45,132,0,210,60,87,189,136,79,0,133,58,70,251,236,190,121,235,172,169,180,147,1,222,58,68,1,255,174,234,21,182,173,245,218,108,152,21,189,184,162,247,233,232,75,17,155,12,132,102,147,51,95,156,39,98,142,21,41,241,220,26,96,211,87,233,234,49,51,110,103,1,81,106,200,28,139,230,44,249,232,53,23,158,249,161,240,216,21,154,229,192,202,138,242,34,114,66,50,68,21,125,102,198,93,239,199,248,130,94,167,98,227,160,76,230,63,13,116,161,254,190,130,88,145,90,200,163,244,241,33,116,140,252,218,59,60,3,219,66,198,129,37,47,76,206,3,0,232,241,78,122,110,159,232,48,85,222,40,84,181,177,184,204,102,169,135,51,90,188,169,105,48,29,87,168,9,208,67,246,245,174,18,141,49,44,63,240,53,246,106,42,100,148,152,64,138,143,6,69,158,213,48,29,100,183,177,236,30,112,141,29,128,96,101,196,109,124,116,30,168,251,228,45,72,32,70,234,29,171,251,244,218,48,236,51,46,53,62,12,179,183,211,46,119,134,47,241,14,94,176,211,120,140,29,36,131,54,58,205,137,25,112,135,233,178,151,233,244,26,130,102,114,151,1,232,176,107,137,199,36,0,223,103,167,218,22,144,61,2,223,22,23,76,213,38,6,129,132,102,106,185,171,152,48,74,0,187,171,246,205,159,229,97,171,3,67,200,120,94,52,46,105,144,236,41,64,36,70,133,1,182,132,236,206,158,26,91,248,161,232,43,112,165,210,6,187,214,129,120,146,61,199,158,242,7,81,123,63,242,216,123,122,69,243,255,142,115,107,149,255,199,86,4,183,234,15,215,197,66,9,173,71,222,190,52,19,116,81,200,137,58,83,2,250,2,109,187,193,137,228,83,250,1,188,167,216,240,36,104,194,148,14,201,127,109,163,191,198,165,171,237,247,11,236,45,73,252,234,196,181,219,97,178,200,57,75,246,6,196,120,112,143,215,125,124,90,206,60,77,3,170,194,146,199,158,240,17,158,204,152,32,144,67,5,199,139,205,5,160,208,64,59,48,78,206,83,153,33,86,232,45,69,235,209,206,24,50,54,98,205,111,174,209,89,232,32,138,3,198,119,141,35,116,9,80,190,115,85,237,254,15,155,200,105,107,165,240,30,105,16,215,1,236,48,65,23,115,85,175,162,199,119,161,16,164,14,178,182,210,99,193,93,184,161,28,149,18,202,162,13,113,168,233,25,70,34,101,172,97,74,209,58,1,235,4,252,213,25,118,68,26,147,52,37,217,113,17,165,209,81,177,156,217,34,71,217,65,67,35,80,250,247,232,2,140,158,167,111,31,81,189,121,132,58,89,190,96,162,191,170,227,70,241,120,164,160,242,7,134,91,181,224,98,130,39,86,4,224,27,153,24,133,44,13,26,51,204,9,147,247,203,141,29,176,184,112,113,82,240,17,187,143,156,55,232,19,159,227,34,67,229,0,175,161,231,79,255,188,182,196,130,52,247,94,105,40,243,212,49,27,155,245,41,76,180,165,181,198,142,67,247,100,215,248,242,183,165,232,9,176,224,32,26,124,144,67,12,215,87,198,162,243,17,110,132,61,74,12,174,244,34,141,242,30,104,135,82,247,152,43,74,254,106,45,38,60,251,251,211,143,27,72,233,235,36,115,149,2,67,49,211,136,98,170,158,11,147,5,111,98,164,25,168,221,99,178,182,209,101,186,115,118,102,207,126,89,245,31,149,218,104,138,30,139,75,157,27,123,108,31,14,131,38,61,55,33,166,214,23,124,48,86,222,84,198,248,31,43,75,186,182,148,3,115,86,173,168,210,144,77,250,231,200,19,117,80,190,180,155,242,161,179,182,228,54,106,158,108,3,126,62,244,211,54,11,140,39,145,73,5,198,43,212,240,222,20,116,157,250,147,51,252,109,68,214,91,143,188,50,203,56,16,94,146,111,186,87,228,61,41,67,231,225,61,35,122,96,132,63,100,217,97,163,32,104,99,154,216,93,200,149,1,56,90,228,32,108,83,244,184,57,225,0,220,11,69,149,161,182,150,202,77,61,77,157,20,172,218,50,28,66,26,138,68,2,158,240,54,90,210,94,120,138,44,88,92,87,169,181,144,78,248,209,74,1,151,72,252,7,197,123,129,85,234,227,38,88,230,9,168,120,113,85,155,240,179,109,132,17,197,210,235,17,201,161,16,196,117,112,120,138,45,86,128,50,27,122,110,26,9,93,202,133,83,233,40,106,164,247,254,232,42,99,184,187,178,203,129,94,200,137,71,14,184,186,180,199,141,58,53,69,21,164,245,3,218,86,225,62,40,106,165,242,13,188,173,218,83,234,37,116,135,78,248,250,244,5,211,105,168,235,34,124,109,155,16,177,208,114,139,66,29,140,61,9,95,197,134,73,119,229,218,226,220,182,148,91,217,70,38,125,115,131,69,215,124,132,15,212,110,133,96,195,185,91,161,150,33,126,104,170,228,56,60,48,83,232,43,98,189,171,226,61,45,93,205,124,110,153,23,157,13,188,174,218,85,226,60,47,84,231,45,90,212,102,175,213,98,189,172,222,74,6,209,110,151,29,138,68,22,160,3,218,83,233,39,110,154,21,163,249,246,0,227,58,52,69,18,171,224,31,93,203,124,69,240,195,170,214,120,114,117,147,32,137,252,248,172,109,143,31,32,32,62,196,132,39,248,199,89,164,14,184,181,153,241,190,178,161,243,218,255,157,240,0,225,49,52,120,221,53,101,189,143,94,162,131,68,202,131,82,238,44,113,92,228,166,213,120,126,108,189,184,136,248,252,12,102,223,185,159,38,123,82,235,151,194,162,144,196,28,60,32,40,78,17,50,82,240,15,135,54,43,216,64,34,142,245,142,3,165,192,185,165,144,61,0,215,44,10,124,81,219,78,236,4,8,45,69,83,12,201,105,204,111,88,72,105,24,23,5,242,27,123,90,137,102,184,170,0,0,243,191,182,170,221,205,6,156,219,29,150,2,2,206,59,160,97,48,209,214,72,44,105,125,96,145,217,14,157,248,247,240,248,42,176,70,154,226,10,146,69,17,172,181,159,181,207,78,7,234,24,32,18,77,214,191,144,86,235,6,246,240,212,212,195,11,63,140,75,222,65,183,144,46,127,129,121,160,10,184,170,238,61,71,31,154,26,133,57,82,247,192,120,116,169,5,196,139,74,247,242,1,246,22,143,6,92,155,220,27,158,234,65,254,131,207,229,230,195,194,125,147,215,93,233,194,133,117,132,231,175,201,77,12,2,216,76,216,69,10,216,110,190,185,205,113,128,105,189,193,199,157,31,118,116,119,135,36,132,114,126,238,170,134,44,201,119,81,233,71,24,139,53,73,248,238,13,195,137,58,37,75,251,222,57,62,68,51,117,168,244,1,208,120,148,68,68,66,51,56,42,85,230,76,7,228,7,88,166,187,126,117,55,187,72,168,6,192,55,28,239,59,221,86,239,17,191,154,26,75,235,69,21,51,202,120,63,52,138,63,24,116,115,117,126,149,81,24,187,190,156,0,238,70,62,83,10,207,101,164,231,46,110,159,26,132,97,150,46,116,121,254,121,23,121,213,57,35,77,237,34,145,64,55,75,13,181,180,205,144,68,44,116,162,238,13,172,177,205,164,0,212,91,215,81,230,38,118,112,134,64,246,243,15,204,159,32,150,50,72,250,250,11,223,96,216,97,175,196,104,53,15,131,39,121,40,230,200,39,136,56,206,89,57,95,115,138,100,83,211,140,63,179,74,249,189,187,244,0,211,65,11,175,199,149,68,46,116,155,26,136,67,57,76,26,171,235,16,162,237,32,166,252,16,162,215,89,250,205,137,98,175,90,101,82,199,235,247,233,251,234,70,53,104,189,167,231,77,29,173,252,223,52,56,43,54,58,83,241,3,206,125,93,192,151,37,98,174,200,100,176,199,168,18,195,191,181,189,160,30,176,231,82,3,201,120,76,114,22,107,108,107,180,178,215,30,147,224,222,9,62,157,158,209,251,178,53,53,80,165,140,60,0,234,164,119,18,183,137,91,199,68,42,90,208,75,251,7,155,53,245,152,40,147,33,242,163,236,224,245,233,55,35,27,28,90,159,210,57,4,161,204,138,246,154,19,121,125,235,163,143,64,251,8,82,12,219,106,172,162,38,29,139,95,96,172,2,220,220,207,106,105,182,4,210,93,164,226,54,102,211,132,118,155,7,191,175,249,25,177,239,46,74,248,234,249,232,53,107,185,211,119,121,103,184,225,85,0,234,19,156,254,187,168,7,239,8,190,175,201,125,94,204,110,138,52,81,210,146,30,73,116,228,168,106,13,200,103,166,136,31,131,130,103,158,251,245,245,250,238,50,82,222,48,108,168,171,180,183,194,184,223,103,190,175,201,125,134,118,163,7,218,69,3,171,108,106,113,91,158,211,53,14,194,77,149,33,81,245,131,220,228,66,244,37,8,191,124,83,145,89,134,81,15,82,215,129,106,135,114,125,45,199,234,149,162,99,197,112,140,214,97,79,117,118,70,32,190,153,40,112,117,35,93,188,183,171,178,185,177,240,23,143,40,111,136,63,28,171,255,213,85,212,60,33,138,101,195,169,250,11,181,190,202,149,53,95,212,85,210,82,8,214,35,123,1,96,182,133,98,248,234,54,71,240,177,178,189,180,180,151,9,183,201,180,237,47,115,169,220,74,49,116,160,45,114,125,94,184,141,40,103,215,130,133,114,169,219,65,41,144,85,14,231,76,238,9,185,183,210,116,150,241,153,227,7,155,223,18,119,74,16,101,77,250,198,152,155,149,185,194,118,159,153,13,146,18,87,4,128,110,167,231,63,27,151,211,82,14,195,123,151,15,119,236,126,218,209,214,109,119,119,21,164,134,210,95,138,84,43,94,187,138,56,67,36,142,41,64,28,121,107,181,219,69,9,206,107,152,18,185,166,223,54,66,51,82,3,200,93,196,181,229,89,233,45,80,229,60,78,28,181,213,105,151,17,158,220,71,50,118,161,14,201,124,96,204,165,30,174,6,235,18,157,241,41,115,76,255,117,6,198,86,240,86,219,67,242,255,238,35,145,30,96,189,156,25,191,193,188,219,110,141,55,102,204,152,46,97,175,200,121,74,250,10,226,83,20,199,135,66,50,107,184,230,78,232,28,127,59,31,119,131,116,164,28,159,23,146,36,146,72,48,98,192,145,30,123,115,159,13,205,76,136,22,107,109,103,122,65,236,41,24,52,67,233,46,215,222,222,84,192,195,43,51,32,105,102,219,8,197,161,233,5,200,36,96,230,75,8,216,34,136,44,130,76,192,16,17,31,2,46,227,5,158,212,120,98,182,66,144,190,118,78,197,157,196,32,21,61,197,106,36,227,201,67,70,55,31,167,128,52,29,116,69,60,219,69,58,253,212,136,85,198,180,183,126,214,191,22,32,236,44,58,45,243,19,140,58,141,171,108,78,214,24,102,63,195,216,72,27,172,249,249,11,225,88,218,103,205,148,40,125,135,168,218,84,252,22,182,194,166,216,117,141,252,249,217,82,69,130,229,228,22,89,162,138,226,123,97,211,132,117,133,104,201,166,242,34,156,43,100,205,150,47,85,251,30,160,5,232,72,40,109,177,237,52,74,25,177,239,23,178,226,70,17,196,174,54,46,89,236,63,54,66,35,73,124,248,198,93,151,47,67,37,53,78,175,97,126,145,46,226,21,54,247,53,10,165,67,9,211,27,36,131,85,67,136,182,73,127,124,100,107,182,183,187,136,68,44,42,134,48,129,75,36,224,242,250,217,194,130,108,133,247,136,23,105,114,88,165,190,117,142,239,189,178,227,75,138,120,234,71,192,53,79,240,112,1,76,135,204,80,125,56,8,151,233,244,209,58,62,224,173,43,114,128,210,254,175,161,34,47,232,54,58,146,156,125,246,129,47,224,15,130,40,124,88,214,228,7,183,183,64,150,183,191,166,240,20,167,236,30,137,70,17,175,212,102,176,209,111,148,39,110,152,28,144,51,72,9,199,140,62,40,106,165,244,5,211,105,168,236,31,133,83,232,42,101,180,198,143,52,69,18,172,224,67,24,155,19,170,227,56,57,54,64,33,128,98,187,176,210,107,160,2,220,77,251,208,10,196,138,72,164,112,29,1,91,252,132,85,226,60,46,89,215,94,201,136,75,0,226,61,44,95,196,149,36,119,125,108,160,4,215,93,203,129,95,197,146,43,97,192,161,254,232,42,100,182,193,158,7,206,120,122,117,131,89,216,91,209,111,148,37,116,135,76,254,231,45,90,212,103,173,219,81,240,18,171,226,62,42,101,143,5,193,172,161,9,170,2,171,151,30,147,225,84,230,234,21,175,183,183,25,26,171,189,45,63,237,31,119,232,62,29,64,54,56,55,20,160,24,104,204,49,229,65,73,0,84,124,97,128,22,135,93,177,115,20,115,87,170,239,247,39,112,7,27,158,3,137,55,45,215,187,211,74,254,67,156,37,80,118,102,121,123,97,52,24,37,63,242,217,100,153,18,9,74,28,107,35,95,141,62,27,11,216,225,95,224,90,219,20,201,41,116,164,255,163,129,126,134,105,175,155,50,205,115,115,105,110,214,229,57,59,44,61,22,113,185,170,252,231,23,175,203,135,10,176,184,197,120,175,228,236,245,163,140,161,167,185,4,147,77,220,70,107,36,140,26,22,132,28,145,34,246,36,14,149,27,54,39,127,77,245,163,201,85,204,120,253,95,58,169,92,152,203,29,121,208,248,199,0,62,163,81,19,77,11,224,76,187,56,89,243,31,139,8,237,155,9,177,175,156,75,134,86,227,53,33,104,123,155,4,240,12,167,254,221,81,174,198,96,76,201,83,180,209,83,15,155,200,106,103,176,209,124,79,93,227,186,170,194,126,49,60,255,112,93,152,231,55,31,139,194,21,23,52,189,75,36,89,210,197,2,103,95,164,174,162,137,227,119,111,177,226,68,61,67,31,172,246,7,242,33,132,112,154,56,76,6,246,13,195,192,186,189,206,131,98,231,76,4,252,6,216,126,123,115,156,103,155,19,191,185,191,166,248,236,241,224,44,87,127,55,178,149,5,214,255,171,62,137,166,145,47,73,228,51,7,242,175,226,90,223,4,96,204,138,49,43,157,143,59,54,60,12,169,185,226,46,112,139,41,120,112,153,214,78,222,83,202,135,236,227,148,134,174,120,123,102,139,60,235,74,176,197,189,151,160,8,203,141,15,185,159,39,120,49,251,0,189,27,34,79,132,230,233,175,162,43,27,126,100,196,49,97,168,229,211,58,252,206,121,20,106,0,66,124,15,182,181,157,7,140,98,95,210,137,82,180,91,174,191,186,106,225,195,160,6,203,94,176,162,39,95,221,68,255,246,246,8,135,57,31,144,19,172,123,53,159,102,15,85,226,47,49,76,187,219,253,222,111,128,231,50,75,12,148,43,73,43,110,82,152,40,70,130,239,234,179,89,144,188,122,158,195,165,184,102,164,31,78,10,174,210,13,140,6,177,209,13,128,190,8,40,10,195,140,26,144,239,57,218,99,214,107,95,76,29,168,0,233,239,55,191,158,242,235,233,101,56,67,30,131,56,34,75,42,87,247,247,229,67,15,189,105,147,250,127,48,30,84,254,233,37,75,221,250,16,183,107,138,104,199,142,16,143,50,4,1,210,133,78,226,77,243,17,108,139,41,133,94,183,199,110,145,37,113,111,144,20,172,128,135,47,82,96,103,178,97,82,113,61,31,42,73,33,1,219,90,184,197,152,187,153,41,80,235,193,111,30,84,180,147,51,45,100,55,180,56,207,234,196,200,143,226,72,230,42,251,251,212,98,20,21,47,7,171,154,224,207,19,232,26,166,8,236,29,146,45,106,173,221,99,213,108,165,12,199,177,210,132,113,153,25,175,252,0,228,64,40,129,96,212,119,125,114,140,78,4,215,115,166,254,233,62,80,2,221,99,212,110,159,31,140,92,207,125,109,177,235,48,85,249,19,179,202,155,63,148,21,164,10,225,74,4,223,46,117,143,246,11,163,249,109,63,43,246,148,170,146,32,39,81,8,76,249,0,199,153,29,44,47,35,98,182,98,142,173,164,214,92,63,172,140,28,15,49,54,56,47,228,158,43,3,232,71,23,91,88,250,16,201,141,3,252,112,141,38,80,186,240,149,41,107,157,234,12,141,101,167,6,200,115,155,6,215,27,126,81,17,186,151,44,26,222,94,197,122,148,230,85,198,180,206,97,71,190,195,62,15,200,116,127,6,162,111,95,119,18,153,198,95,46,100,227,209,44,210,18,86,133,117,37,128,128,108,91,89,247,24,177,214,40,142,186,173,197,114,83,39,242,19,172,216,55,37,67,69,7,229,45,70,34,113,149,224,46,41,240,223,17,122,126,26,33,76,163,252,202,109,2,198,179,228,60,59,250,255,152,167,187,85,229,15,158,87,104,118,77,200,163,249,242,226,24,75,37,67,1,3,229,22,201,99,65,9,121,117,124,112,166,2,168,19,88,218,114,53,113,17,212,6,179,185,194,139,243,148,242,216,39,131,70,174,226,237,170,179,109,158,228,31,233,71,30,113,120,26,31,81,186,129,45,41,52,17,186,152,70,28,120,43,75,133,203,102,196,57,31,167,249,219,122,79,124,87,143,51,65,33,147,61,249,33,45,91,240,186,226,194,193,61,16,164,1,205,46,227,5,159,210,55,9,148,242,24,76,157,24,93,202,153,183,55,240,147,19,123,224,110,80,237,40,82,202,122,27,128,109,84,104,45,12,143,87,203,61,36,245,141,239,191,209,39,104,186,159,229,41,14,169,242,239,70,16,95,174,215,60,209,107,17,53,111,75,251,255,205,89,203,29,117,166,4,183,153,25,160,169,214,114,107,124,114,151,195,137,89,183,154,24,164,123,250,192,111,98,136,21,110,99,195,122,146,8,115,72,218,208,215,192,48,209,228,111,185,154,59,10,74,236,207,115,130,93,223,90,160,242,233,50,84,245,243,49,43,96,111,149,65,186,157,47,86,112,20,155,215,108,218,69,37,122,85,129,68,8,212,86,178,9,165,227,68,235,31,126,35,241,169,84,129,73,6,197,55,36,160,237,235,172,170,176,159,22,135,81,250,121,1,170,175,162,201,82,184,133,94,121,22,175,151,27,165,146,165,165,116,115,94,57,98,115,132,102,154,241,4,125,92,216,19,45,221,251,193,192,143,240,11,66,165,166,153,66,211,99,200,116,101,168,144,34,134,50,124,109,71,245,2,189,77,247,111,26,192,90,205,137,49,45,81,138,45,125,140,89,239,39,21,147,74,29,161,14,95,182,225,88,240,34,2,102,123,61,248,197,95,145,251,254,203,159,225,232,233,246,124,212,203,17,49,198,204,162,223,110,114,18,151,208,112,141,62,59,68,226,43,62,50,83,247,237,65,252,236,205,125,138,225,42,136,74,146,173,206,61,59,109,140,80,247,223,228,27,132,97,174,168,36,83,218,96,165,28,152,4,134,58,185,49,50,96,113,119,165,222,24,35,69,222,21,180,174,209,241,152,229,255,177,217,9,95,179,120,75,107,174,5,106,98,45,255,141,224,107,78,235,74,204,104,206,132,9,84,180,108,162,218,60,146,58,18,166,137,84,203,126,193,14,66,205,89,142,2,105,69,81,220,97,218,182,175,215,112,178,231,47,96,170,255,240,213,111,120,118,216,200,21,85,192,90,158,149,191,228,37,138,109,3,201,136,92,231,55,64,43,49,30,114,136,236,238,140,7,177,243,255,228,64,173,90,54,100,89,230,79,255,162,131,119,153,46,96,138,103,46,80,220,45,33,189,47,91,214,92,173,195,106,207,104,195,147,17,192,153,30,71,250,219,91,181,234,11,122,84,169,236,27,155,239,124,137,197,128,122,142,74,22,126,85,203,145,24,148,199,96,56,5,181,236,21,33,81,237,120,3,165,24,62,55,91,220,14,65,43,111,130,58,114,15,188,179,195,120,99,136,116,121,143,46,64,52,61,50,12,173,195,170,208,125,44,105,124,47,127,4,214,43,110,93,32,115,148,254,237,253,106,44,82,208,90,109,62,25,224,88,206,47,108,150,28,101,171,245,208,148,255,232,251,141,96,156,117,11,83,50,51,91,185,112,158,225,69,246,126,240,5,184,162,149,198,129,180,223,184,141,28,131,77,11,207,143,48,14,59,53,67,37,72,16,157,48,94,128,13,202,96,51,217,42,244,151,213,235,238,69,204,107,157,23,55,79,222,66,181,212,79,240,180,151,230,16,219,72,136,26,146,135,213,44,129,2,234,66,38,56,207,80,216,111,76,60,177,214,101,176,177,183,141,101,167,5,205,101,195,142,62,231,27,121,138,50,87,159,16,105,46,232,210,250,193,162,221,28,125,117,60,173,76,119,138,153,12,29,16,92,131,143,73,252,165,8,194,153,239,13,209,61,79,207,121,73,165,23,119,228,190,59,124,84,245,234,222,83,160,129,210,227,69,103,163,89,93,119,51,139,90,72,221,43,86,212,121,135,104,165,174,93,208,113,156,228,59,28,178,214,24,70,30,101,36,6,164,134,223,254,112,96,221,204,116,59,67,1,216,242,28,119,119,30,90,73,157,11,180,215,73,11,151,190,123,169,249,243,29,127,255,242,222,41,52,46,46,70,48,90,193,172,222,102,75,212,146,31,143,43,38,86,254,245,232,10,203,30,164,253,231,201,160,5,226,80,140,86,216,83,1,236,7,201,116,51,32,130,89,172,185,104,182,162,21,144,39,53,57,193,55,39,27,20,150,43,57,67,52,63,184,173,160,161,115,114,175,231,13,149,37,126,15,165,6,175,176,214,107,38,70,14,179,160,222,247,8,161,3,203,79,140,7,177,84,132,201,250,57,41,116,63,165,124,64,197,28,231,184,198,89,198,156,240,52,68,248,232,30,14,60,180,58,10,195,148,252,201,56,77,239,46,80,219,97,180,206,46,98,149,41,63,135,177,98,73,83,13,155,245,47,249,217,228,198,132,170,182,75,207,66,232,73,13,169,3,246,17,102,186,148,10,240,182,160,143,198,132,174,3,151,41,86,205,17,180,216,122,113,80,26,150,189,150,98,224,51,211,116,158,203,173,153,35,103,151,178,211,121,151,25,87,4,215,5,246,161,14,215,103,108,39,141,86,246,7,147,18,54,12,139,14,131,37,63,242,41,115,75,12,158,236,74,169,200,22,47,73,94,243,201,146,24,134,231,52,86,254,227,249,30,136,230,25,214,130,77,131,99,209,48,124,44,106,146,23,51,80,3,249,243,203,167,238,192,203,55,75,15,147,183,141,37,110,27,102,175,210,67,245,178,221,63,63,30,114,159,253,243,191,176,181,246,0,127,99,82,170,115,105,94,201,226,95,167,245,166,191,169,120,238,86,177,90,161,203,77,24,160,242,42,128,114,65,42,68,31,42,50,80,131,205,190,210,43,109,138,48,230,54,82,13,184,122,155,18,72,242,77,31,117,11,203,154,214,140,253,246,237,6,101,184,203,160,255,167,21,164,158,43,2,233,70,26,91,116,150,52,45,84,208,124,32,13,134,28,91,157,216,38,60,72,22,99,197,118,138,232,249,250,132,200,205,167,172,231,25,130,242,18,188,205,120,58,91,210,7,184,252,19,155,153,35,146,238,67,216,101,162,233,190,175,230,80,238,217,128,100,95,241,199,154,34,90,97,143,30,129,225,179,145,225,208,113,121,248,145,172,193,126,233,167,135,53,98,81,246,18,202,110,15,152,254,198,96,255,104,177,212,98,154,252,189,212,88,243,4,192,178,195,162,187,211,61,28,104,152,17,145,109,101,76,97,29,91,91,157,214,44,117,113,45,118,134,93,148,49,40,110,111,247,95,86,109,231,81,196,137,35,104,163,217,149,239,176,54,158,238,57,72,243,243,193,191,173,202,161,28,158,190,184,162,246,131,226,7,153,227,68,247,24,135,64,234,26,29,34,100,99,49,57,90,244,31,155,34,2,101,127,48,30,146,4,219,68,228,204,72,238,156,172,83,95,254,208,149,47,44,81,201,117,123,83,38,60,201,233,138,105,83,246,15,177,225,53,74,164,127,49,27,94,212,31,6,88,171,129,230,139,204,137,4,192,198,154,248,35,83,111,127,22,158,2,222,93,222,21,200,54,77,10,193,177,197,155,176,160,234,30,42,54,179,145,16,221,65,155,226,59,140,198,90,243,160,10,215,125,84,94,171,196,115,90,18,50,85,233,35,87,199,93,245,248,20,159,240,36,107,168,169,9,160,255,195,126,58,255,224,193,113,26,96,144,0,248,230,205,149,39,122,60,57,16,184,144,149,134,227,200,215,128,58,48,49,53,22,108,152,153,253,5,222,12,202,53,210,60,212,104,134,56,158,40,121,97,168,159,34,131,71,41,132,102,101,196,129,90,86,107,110,100,131,100,143,64,62,33,17,160,200,42,217,64,70,49,106,188,189,48,221,24,103,120,132,47,90,199,92,102,123,86,101,80,101,39,165,219,115,148,255,225,29,112,100,130,87,99,222,242,25,165,238,42,90,219,242,151,233,243,212,112,116,170,226,31,113,130,224,197,47,62,75,3,141,25,127,125,120,80,3,28,137,58,15,217,57,95,159,140,38,35,120,114,141,78,12,140,104,89,217,118,41,149,164,27,48,55,47,96,177,162,236,40,76,39,71,146,22,83,232,34,127,122,135,26,190,85,228,86,137,119,2,1,125,80,228,65,16,132,39,61,19,162,156,223,186,147,49,31,99,175,126,166,229,61,52,51,95,149,72,190,21,42,100,150,148,77,99,7,190,181,157,233,130,220,251,34,49,95,182,158,174,76,28,35,128,114,172,201,3,190,133,79,219,47,8,8,78,1,229,47,50,52,22,201,122,141,52,48,100,171,232,232,78,219,75,141,30,229,154,131,171,42,108,192,187,114,93,87,170,175,162,19,151,186,205,127,113,87,176,246,225,88,199,129,37,104,51,223,44,11,58,80,253,174,228,14,197,175,208,4,200,79,148,162,227,84,242,206,147,47,99,130,102,147,93,204,29,137,223,3,106,133,11,196,243,45,60,39,249,218,178,50,185,8,20,174,250,14,122,91,241,32,106,140,245,33,134,64,63,66,45,18,189,148,31,6,91,158,211,53,90,211,100,140,26,68,38,77,227,61,51,217,66,65,43,65,24,39,82,75,103,27,226,134,88,254,3,159,42,14,197,162,248,12,181,202,58,13,173,230,8,207,105,118,22,104,142,188,74,120,238,57,194,105,116,81,5,193,61,54,34,149,17,164,189,162,133,233,14,102,40,139,83,211,82,141,196,97,138,16,127,50,23,104,181,167,21,124,244,240,195,151,22,162,18,193,110,191,79,2,235,29,156,5,219,9,178,241,17,62,170,216,31,151,98,183,177,169,180,80,191,112,95,145,250,192,110,99,133,30,85,239,205,254,115,91,113,22,250,126,116,80,32,5,253,146,2,183,179,114,125,118,56,186,61,253,141,195,242,150,43,42,146,176,248,152,255,216,101,161,198,102,156,30,100,158,12,198,44,140,189,132,224,14,131,37,65,236,234,241,220,26,97,139,77,178,77,131,41,7,85,61,183,201,82,28,20,208,25,109,119,115,49,62,50,5,85,108,112,53,205,214,235,45,37,162,129,131,247,225,49,88,200,82,195,134,96,160,232,45,101,80,33,225,201,83,182,141,7,153,226,7,163,203,10,144,253,183,205,98,192,172,194,137,230,59,8,215,123,109,47,70,214,1,85,4,229,28,119,30,17,124,59,252,185,130,41,52,95,197,144,8,165,163,27,98,165,23,183,178,175,228,232,98,156,0,190,170,169,11,163,27,145,19,150,19,47,215,6,255,89,175,194,172,186,156,19,179,104,217,215,78,2,188,171,86,134,87,113,33,4,132,73,172,195,189,70,5,188,92,209,144,221,122,243,250,0,196,148,156,180,206,15,74,138,241,3,127,74,41,252,213,108,77,251,16,92,251,111,102,57,3,165,190,116,81,188,123,137,72,8,161,217,6,228,217,64,69,44,83,205,138,246,57,25,138,33,130,32,164,215,129,95,168,214,82,112,20,79,38,232,0,208,132,52,44,97,199,41,150,162,237,38,80,239,138,232,47,234,183,65,204,115,48,55,97,92,195,131,7,207,147,210,154,150,15,192,131,88,79,155,24,48,230,180,115,125,18,146,78,139,41,111,67,27,178,119,173,91,162,134,28,90,159,208,62,245,206,130,63,77,213,233,17,96,191,159,7,225,83,182,233,214,98,219,236,6,242,14,72,138,56,254,248,53,51,91,215,63,196,123,98,197,131,43,158,230,31,153,197,102,59,252,186,128,116,110,147,172,172,198,137,233,24,108,19,136,83,186,146,32,43,160,248,4,225,44,115,89,249,168,86,102,176,178,64,73,110,230,33,138,28,107,250,116,51,122,42,114,124,75,166,100,214,247,4,231,77,231,181,188,139,33,50,136,205,130,97,186,145,24,107,202,119,150,25,130,111,141,67,214,132,15,61,145,131,94,81,117,105,9,117,159,202,85,111,98,136,24,176,190,70,28,101,185,142,154,119,15,65,107,195,82,116,236,115,143,189,46,59,146,217,114,81,214,129,112,122,93,107,44,44,43,45,39,56,6,157,23,126,129,76,241,213,89,98,83,208,32,7,190,197,153,4,227,58,86,214,93,107,137,106,181,161,218,87,230,215,79,8,169,195,157,21,41,241,220,25,99,201,111,142,186,131,67,19,75,242,222,189,115,108,199,104,49,55,238,23,151,31,154,41,66,94,78,231,37,33,144,58,52,51,96,226,53,192,135,42,97,166,206,66,203,111,132,78,211,33,163,221,71,102,30,17,97,158,191,112,30,37,177,190,187,192,179,203,151,56,83,236,55,93,221,76,20,200,175,216,111,179,227,60,68,55,85,228,76,28,163,252,4,245,39,111,169,250,254,234,58,80,4,219,101,180,219,110,11,177,208,131,119,158,10,203,114,142,117,7,213,102,171,192,139,18,207,39,252,228,33,27,50,9,98,142,171,119,124,110,153,24,153,22,160,3,217,86,224,67,24,154,20,166,242,14,186,181,194,157,12,191,165,244,7,207,119,127,102,176,211,105,167,239,22,160,4,215,92,206,121,118,129,95,196,150,32,129,95,196,151,30,136,76,0,227,56,57,55,60,46,88,218,85,228,53,67,25,152,28,143,18,67,24,141,59,203,10,36,11,18,66,28,144,51,72,11,195,154,19,168,233,38,112,145,48,82,235,32,130,91,208,114,140,61,43,99,186,180,199,142,56,59,49,80,241,15,180,197,146,44,94,201,135,78,249,248,251,240,18,173,220,79,244,5,212,103,173,220,80,244,7,205,123,113,143,53,66,27,145,48,81,238,24,154,241,216,13,74,248,229,206,23,90,110,133,37,61,3,194,68,249,152,206,245,205,210,89,167,182,164,253,107,25,11,87,82,141,96,167,234,124,221,214,19,136,1,170,113,45,153,6,228,80,2,220,100,215,108,160,23,192,194,157,31,164,1,225,87,4,228,54,79,7,233,49,121,135,79,9,232,73,9,220,113,175,215,113,179,228,55,84,14,213,99,207,154,47,88,241,49,91,209,131,122,136,84,17,191,165,8,236,47,85,249,27,158,9,221,113,168,245,47,103,173,241,50,97,192,184,226,97,194,180,234,50,78,12,226,97,193,179,238,57,55,82,20,200,148,80,2,221,97,229,77,251,8,239,38,115,159,41,134,80,9,234,44,95,219,116,146,44,116,173,246,3,233,58,162,234,42,132,98,189,178,187,129,210,74,15,152,41,35,196,172,218,57,85,160,44,80,12,183,165,3,207,123,46,69,228,191,113,93,152,61,69,1,210,98,87,233,222,235,31,121,13,192,145,182,117,98,25,242,82,146,57,21,158,161,9,158,233,183,180,140,247,221,238,189,147,227,67,63,193,127,108,136,83,176,226,35,28,24,103,120,69,224,14,132,35,139,46,100,121,130,63,74,11,197,254,53,67,16,177,87,145,245,243,20,135,114,155,10,99,104,163,191,185,172,149,58,44,90,172,215,115,85,7,175,2,198,177,57,231,28,116,242,243,25,126,32,141,243,116,214,115,126,215,238,222,20,202,101,214,112,141,218,0,218,35,96,211,83,226,190,51,21,112,94,148,241,220,27,178,215,64,50,8,22,177,166,235,242,249,243,55,97,206,140,74,249,233,50,123,149,49,100,192,148,23,109,38,61,248,198,162,230,44,226,13,165,237,189,124,226,17,157,169,244,232,39,226,226,65,181,86,100,99,172,131,62,65,157,244,8,133,117,148,14,160,162,133,31,81,187,210,118,97,207,48,141,26,124,95,173,185,163,244,43,132,118,164,17,163,234,47,122,150,66,66,52,53,53,50,93,190,192,156,247,13,176,217,20,146,253,117,78,196,100,131,37,64,239,32,102,214,71,195,120,60,49,76,9,166,88,254,142,70,34,106,154,243,73,207,0,173,166,189,120,70,221,25,101,128,46,36,112,41,67,16,76,231,81,249,217,83,66,139,203,51,38,39,57,196,51,137,54,85,2,0,227,78,17,175,233,60,47,108,187,194,156,38,148,40,129,126,125,108,168,236,51,95,199,159,25,154,41,115,137,94,244,39,110,173,243,31,140,93,205,135,79,7,220,82,0,228,76,28,159,7,221,84,231,65,138,50,76,19,202,157,13,196,138,51,67,194,187,186,152,42,90,220,4,192,197,158,234,33,217,199,25,73,229,236,232,182,92,13,176,245,13,187,194,180,221,75,16,193,172,223,84,247,22,163,11,217,199,125,112,167,238,33,115,123,113,52,40,117,127,134,39,88,254,243,238,21,251,96,77,171,192,90,158,149,192,224,49,99,216,126,106,187,201,228,36,118,149,64,42,101,187,165,206,1,171,173,168,184,135,25,99,132,34,73,212,97,110,182,186,160,196,129,131,99,143,8,77,25,155,110,194,27,50,68,38,105,96,164,25,45,55,53,233,23,154,197,178,200,120,113,78,2,202,110,35,16,154,54,75,214,50,206,152,32,225,107,31,39,101,196,145,232,11,237,218,94,182,173,104,79,229,41,0,221,6,90,107,138,104,188,143,17,167,150,64,188,168,164,130,0,188,57,3,165,192,111,97,139,12,230,29,93,84,178,151,233,55,38,107,66,237,234,14,178,77,112,93,127,228,221,11,188,109,33,0,95,123,72,180,145,115,171,130,98,194,154,242,219,5,210,99,186,160,196,127,137,83,205,161,228,237,249,185,188,172,232,10,8,63,187,178,251,169,100,164,84,107,211,243,214,44,42,92,113,151,35,120,88,168,158,6,198,144,31,86,5,119,137,88,200,129,144,15,176,104,134,72,165,222,109,107,158,160,4,201,62,36,34,136,89,136,42,85,220,247,28,151,2,238,14,193,86,200,173,170,216,233,64,248,231,241,236,14,178,125,139,60,29,79,223,103,122,103,31,106,160,247,198,166,6,229,58,19,133,222,20,114,87,169,180,147,245,206,67,228,1,171,175,162,199,90,162,201,82,183,136,21,111,96,190,88,248,244,243,255,162,6,189,149,174,114,118,163,215,111,170,246,240,9,95,192,92,88,113,120,157,218,66,144,61,25,176,228,35,60,68,2,145,86,179,243,214,235,239,227,6,201,41,110,157,8,166,189,94,200,128,98,169,183,226,227,36,47,87,177,172,121,97,226,78,236,56,51,50,92,195,161,190,207,78,218,93,101,163,9,157,236,36,24,107,42,49,29,89,164,193,107,110,115,138,54,101,217,102,204,65,64,59,51,27,111,49,104,170,229,29,117,51,101,209,118,112,176,240,34,49,111,174,238,41,2,182,186,199,109,117,135,88,117,94,194,105,186,135,37,78,227,73,19,137,226,15,146,38,62,77,1,195,135,43,75,15,147,194,122,79,127,48,30,85,174,164,194,104,133,85,216,118,138,7,236,38,95,227,87,239,205,151,35,134,97,172,211,104,76,11,160,253,130,107,120,84,227,233,53,25,120,127,11,233,210,92,201,66,39,81,251,147,15,199,95,157,229,31,150,44,61,197,111,126,129,80,213,111,130,9,82,184,133,30,152,2,214,228,193,106,113,93,197,52,76,2,216,55,10,120,121,109,155,254,183,229,221,58,46,17,186,152,55,92,156,244,45,104,158,47,31,98,171,245,253,213,241,35,139,77,199,95,78,196,99,134,74,165,249,253,233,4,165,168,235,25,152,7,157,36,247,241,234,5,158,244,214,234,240,222,20,160,163,255,235,30,101,130,15,180,190,170,209,63,62,164,229,77,20,183,206,87,201,88,162,188,27,5,107,161,241,228,105,171,223,49,102,166,141,90,218,67,54,94,215,20,197,153,254,233,55,81,207,14,203,110,163,187,207,131,78,246,238,14,96,249,234,60,11,87,236,1,231,56,72,252,23,111,102,36,235,148,154,137,222,73,250,20,174,188,202,74,38,129,72,166,2,209,130,3,238,2,200,144,32,72,45,115,114,122,122,15,213,122,47,106,140,46,31,158,8,203,107,140,212,122,102,195,160,181,122,232,158,126,221,226,62,28,178,242,27,91,245,21,127,111,93,232,49,61,53,37,137,86,193,56,88,237,41,131,94,162,234,234,61,35,107,147,197,181,212,83,227,253,7,211,86,190,129,249,17,173,121,143,53,91,211,24,177,199,142,44,19,185,151,8,178,223,79,251,150,92,182,112,214,101,193,130,100,158,20,157,28,169,151,144,166,99,93,239,63,24,180,191,143,71,4,222,5,192,138,30,137,57,68,234,247,221,62,19,165,140,93,213,65,8,219,70,22,86,181,245,18,203,55,85,226,57,12,152,203,157,22,169,236,215,47,44,93,199,98,150,209,108,69,21,183,130,68,57,75,227,21,155,199,206,253,219,78,164,228,77,18,151,249,155,51,44,90,46,198,27,67,246,183,135,219,239,85,211,133,118,133,117,159,9,229,78,0,4,222,76,25,158,13,221,92,211,140,164,230,52,99,197,149,46,73,215,51,73,3,176,173,139,62,190,14,133,33,105,202,152,251,204,117,56,124,245,241,9,113,125,131,111,127,64,196,185,154,16,13,44,234,214,61,228,2,106,65,95,181,220,103,179,230,68,28,174,239,28,171,236,36,151,60,50,103,186,185,207,124,115,173,253,239,48,103,178,231,64,38,137,96,198,180,232,47,116,154,26,183,217,91,233,48,88,249,17,179,228,155,1,225,87,12,224,66,35,105,122,75,255,226,20,130,11,192,60,146,248,197,125,142,74,229,15,172,146,109,33,109,150,204,108,182,216,69,237,191,200,110,147,130,202,13,107,127,29,87,106,66,92,189,189,190,182,194,177,242,40,106,183,220,113,145,67,57,91,210,127,133,115,138,84,248,5,213,116,163,28,143,73,36,133,83,252,16,204,127,121,146,61,45,110,180,227,57,72,41,220,60,49,107,193,159,13,172,175,171,224,63,251,203,50,79,139,188,18,120,100,219,101,148,2,212,28,206,255,213,93,116,114,165,11,172,185,91,244,233,35,209,222,210,30,103,102,123,253,136,136,56,86,3,221,112,182,197,175,237,33,162,28,144,71,42,106,195,174,221,108,183,196,182,204,134,111,157,14,208,142,59,78,16,184,220,109,161,32,144,53,100,218,87,248,11,197,178,54,49,85,3,244,9,211,89,169,190,169,229,11,157,187,166,103,18,122,65,8,239,41,72,230,41,27,211,239,3,212,16,158,32,152,5,174,123,150,5,208,202,242,150,208,80,170,175,99,87,27,127,122,150,51,76,16,197,175,215,112,166,13,188,191,179,217,88,242,50,95,199,167,23,170,229,68,38,135,78,11,214,130,92,230,92,231,46,112,184,194,159,30,177,47,69,20,188,209,135,78,3,200,90,71,227,56,55,19,133,4,207,246,91,186,216,87,134,81,3,173,254,135,74,220,43,66,196,135,53,95,178,119,82,235,30,93,165,163,245,134,145,25,185,174,89,77,76,177,167,232,25,37,126,77,119,105,155,6,111,184,156,10,28,253,118,49,45,19,117,16,78,56,43,120,150,57,63,70,20,190,197,164,248,14,194,158,20,166,2,239,24,175,239,51,75,23,186,185,30,119,126,125,141,86,225,70,3,200,93,196,181,221,62,29,145,32,120,112,161,4,199,124,63,154,171,226,47,1,42,209,110,32,236,161,140,204,235,133,38,170,198,164,251,236,222,241,5,75,124,224,242,113,241,156,84,191,148,57,29,129,90,159,172,199,144,65,46,254,208,30,213,175,33,205,200,214,174,37,190,244,83,52,147,117,206,196,236,243,8,197,106,128,18,175,119,18,22,22,93,50,53,102,187,149,32,218,195,35,43,65,216,37,0,126,167,221,98,212,109,156,35,149,58,56,81,7,217,90,237,66,38,112,169,15,191,167,5,255,254,234,57,83,0,228,71,25,161,1,246,45,124,111,174,6,238,25,173,246,19,169,255,21,199,142,81,25,166,242,34,168,11,195,178,247,19,172,245,31,154,23,183,230,59,51,95,221,83,233,61,87,254,232,65,79,24,156,36,144,60,47,108,183,200,140,86,8,214,98,211,149,66,28,167,25,170,229,74,49,104,171,250,33,153,24,179,246,25,154,40,120,131,89,239,65,53,69,42,148,73,10,217,112,155,18,189,182,201,137,96,241,45,92,230,93,228,55,85,20,27,129,96,209,129,111,150,44,47,42,100,179,160,220,255,231,205,15,33,245,191,11,170,8,213,70,11,27,1,106,87,188,102,124,250,144,112,130,119,149,37,142,85,231,66,35,128,140,93,210,148,67,35,161,15,184,212,138,72,33,138,71,37,140,67,51,91,212,126,118,135,119,155,19,198,180,199,164,14,186,204,140,64,59,69,21,188,193,163,16,189,175,238,48,84,1,252,240,39,117,138,111,185,185,206,134,83,2,244,8,229,85,235,71,25,159,40,113,150,67,33,132,115,165,252,20,175,219,120,150,33,154,54,73,44,104,172,244,16,185,220,89,217,108,249,231,47,104,179,203,141,12,51,30,135,72,223,31,53,85,215,118,122,94,218,75,7,131,101,140,64,26,181,196,54,0,76,195,101,215,53,61,235,207,115,124,144,6,74,235,34,31,92,159,143,2,167,184,211,104,166,199,104,90,240,33,158,208,90,246,40,165,191,47,32,78,195,177,207,113,101,142,233,61,212,80,23,170,189,164,182,111,149,24,188,130,213,76,255,137,48,178,191,190,182,91,245,231,42,189,26,30,56,24,82,184,72,168,41,85,246,14,16,162,253,255,9,223,71,20,154,5,222,43,94,32,241,154,197,114,68,225,203,31,197,206,105,169,253,16,194,156,21,147,251,124,57,2,168,253,216,100,120,134,48,106,102,47,27,122,204,89,191,201,92,198,159,248,239,28,130,83,223,77,236,17,159,214,128,12,208,90,118,10,145,250,193,107,108,106,112,169,230,43,56,22,80,3,112,124,144,71,209,202,111,192,175,121,155,241,39,47,213,41,79,75,228,6,90,161,204,74,207,64,237,230,72,11,190,125,71,191,197,159,241,251,226,4,190,204,82,14,152,50,13,57,251,216,175,175,176,198,100,163,242,45,125,93,192,166,226,48,70,23,141,43,84,236,67,38,145,23,109,118,85,208,100,186,205,160,22,201,167,228,46,115,173,239,62,60,30,119,110,154,45,98,176,92,154,224,14,133,30,83,182,216,89,212,60,9,120,154,33,108,138,53,81,207,12,167,15,137,50,115,31,94,187,133,64,25,180,232,30,126,110,137,60,38,138,83,216,74,246,0,240,24,157,225,43,127,115,119,107,148,248,225,16,141,14,173,242,43,84,224,86,209,100,173,235,18,156,244,222,54,21,147,52,111,190,212,142,71,2,216,130,135,117,152,48,67,235,172,172,171,173,168,181,142,3,244,21,195,155,204,95,222,10,66,224,42,185,206,251,218,121,152,53,94,210,98,186,100,239,243,239,248,198,201,149,16,160,244,19,138,230,1,107,110,99,133,101,155,12,64,171,173,167,184,216,96,178,234,65,49,7,238,32,82,202,120,35,178,176,218,78,205,94,152,78,8,234,245,212,52,47,80,117,89,213,94,157,229,227,49,201,1,81,162,98,29,23,224,42,135,87,182,193,151,62,40,8,137,176,149,236,73,235,254,224,236,63,190,164,177,91,113,96,53,24,152,22,118,92,126,101,81,194,125,88,176,185,166,182,168,12,189,65,158,90,136,36,114,122,1,234,9,68,2,206,108,63,71,239,17,8,57,193,81,204,53,15,66,185,247,235,51,96,206,121,138,99,216,92,227,83,241,15,201,169,7,207,136,106,196,152,46,118,149,38,134,110,165,244,28,180,50,58,57,83,245,3,226,48,65,242,252,247,27,173,8,230,55,50,69,47,112,191,196,156,255,213,51,31,131,84,189,134,255,248,238,50,68,0,244,252,245,186,190,90,94,174,227,254,116,28,145,221,44,38,12,168,91,243,192,40,10,146,148,187,76,191,174,127,73,162,237,37,86,14,182,100,83,137,14,167,138,163,51,11,159,134,35,5,161,204,74,26,129,253,7,211,118,74,1,123,67,250,225,22,134,61,240,50,91,186,156,197,178,211,90,243,39,124,35,147,39,96,114,157,245,254,105,49,27,94,150,57,54,60,3,180,119,154,28,126,63,25,76,231,82,233,195,108,128,81,196,123,94,166,48,216,80,236,219,215,86,244,30,115,6,188,161,245,164,25,80,122,20,116,237,178,103,110,159,171,197,43,50,215,41,52,19,191,147,198,172,231,31,94,188,99,199,107,155,170,2,230,34,84,219,33,194,54,37,169,10,168,23,154,182,91,111,91,194,55,154,78,186,145,176,185,215,110,130,69,201,164,252,222,102,204,142,237,55,68,7,166,229,233,56,36,112,19,52,20,116,83,0,225,60,6,172,141,79,218,55,73,241,239,172,198,178,201,37,70,241,254,190,142,38,78,56,193,149,30,71,148,30,157,35,99,55,42,86,213,4,229,171,93,61,220,179,44,234,104,133,87,212,113,71,147,202,82,84,126,5,148,47,251,213,250,197,30,85,174,163,14,166,142,75,230,19,181,172,189,67,40,73,3,114,159,235,4,228,31,101,102,245,159,237,83,12,162,42,98,96,94,102,120,107,60,140,120,59,15,53,41,135,93,179,178,129,126,112,129,126,135,94,125,126,77,220,91,186,147,194,174,192,156,144,189,121,68,226,78,228,65,226,72,223,67,5,142,46,214,232,42,95,132,22,235,16,188,133,48,176,87,200,49,113,126,56,200,45,112,135,2,241,8,200,98,182,214,45,112,47,40,73,245,216,63,18,139,130,227,40,86,94,182,180,185,161,7,183,124,90,195,129,112,121,27,29,89,164,194,104,118,76,202,152,6,110,164,205,88,56,192,140,229,87,204,77,139,255,40,5,185,238,60,18,218,82,141,213,2,163,232,198,237,84,167,202,5,186,193,124,105,63,47,46,56,154,155,250,155,53,53,20,52,248,30,32,93,196,76,106,189,183,88,204,117,152,211,240,178,153,125,1,123,51,82,148,11,88,193,135,140,98,199,68,158,169,181,41,254,133,20,174,128,70,159,38,128,76,231,227,86,232,26,178,235,50,2,232,1,188,11,71,248,162,30,119,77,139,229,67,2,215,222,210,56,6,158,27,124,105,40,245,208,63,241,46,96,179,232,73,24,80,13,186,167,137,23,134,76,129,210,66,28,137,30,99,104,168,145,22,162,8,216,73,204,105,204,166,41,51,39,117,101,195,84,48,104,166,214,127,36,162,240,43,90,188,191,156,22,94,180,150,169,178,152,232,41,13,164,250,2,232,23,111,184,85,212,93,84,239,46,115,95,144,254,209,145,58,232,180,172,233,237,167,133,85,145,14,126,2,197,2,255,200,135,166,96,77,173,186,107,108,44,252,46,69,41,147,71,15,201,152,36,121,139,91,241,16,200,178,235,35,141,82,14,186,200,161,22,163,12,210,126,106,185,205,212,85,229,71,44,123,114,150,20,151,232,246,10,167,232,131,201,17,96,160,187,124,250,146,109,141,83,246,5,240,31,139,100,217,93,235,43,104,207,142,60,73,19,171,250,24,161,37,147,46,115,148,44,125,116,141,95,47,68,26,174,225,65,41,88,172,105,114,89,164,244,173,196,151,42,114,122,72,35,250,228,15,170,189,54,75,27,173,177,183,223,80,165,125,80,251,182,77,146,45,8,171,166,139,43,209,148,11,191,255,83,116,56,25,79,193,45,250,53,51,98,232,66,30,157,40,133,85,249,15,203,131,111,172,240,20,186,208,143,53,91,254,6,211,126,135,111,152,47,112,166,241,37,141,73,10,219,113,3,200,140,81,10,228,56,68,9,184,198,115,132,174,70,153,200,106,93,149,177,110,216,75,27,152,31,172,0,234,76,26,154,62,74,11,233,59,54,103,210,112,174,246,9,241,42,106,204,160,9,239,52,77,35,222,56,60,67,48,103,175,220,62,250,127,50,23,104,169,143,29,142,71,28,125,62,69,153,6,189,51,82,6,220,57,36,59,26,183,200,61,179,174,227,254,116,30,138,241,240,217,242,246,111,183,161,252,70,127,238,201,100,110,100,67,182,255,213,124,138,74,40,137,79,23,171,228,79,13,192,198,170,236,64,49,87,253,242,17,207,129,101,214,126,111,183,25,133,87,249,12,193,171,212,85,238,250,239,111,4,95,119,92,135,23,43,255,36,100,199,161,25,153,41,130,115,138,86,252,0,228,75,31,156,16,197,173,226,61,62,67,47,85,242,29,159,5,231,74,14,185,202,160,24,157,31,158,24,156,35,149,43,99,204,158,45,94,220,107,185,184,205,153,125,90,217,113,162,253,244,245,213,237,230,252,186,177,118,103,176,224,79,229,8,234,184,197,170,222,85,126,52,19,118,75,234,71,25,75,139,39,119,65,171,121,122,33,94,141,213,76,110,189,143,48,172,79,128,18,137,254,178,89,115,201,122,146,54,73,53,98,189,186,197,173,230,91,226,62,56,74,25,159,51,188,157,11,209,124,112,157,255,213,48,31,82,185,193,130,89,49,191,46,8,169,160,205,9,102,241,4,252,5,220,121,139,65,45,105,182,192,176,226,80,243,24,176,244,14,228,74,10,229,65,32,147,58,63,46,130,111,151,45,105,184,186,195,173,79,229,53,89,248,30,137,78,233,250,197,125,100,87,175,75,216,88,214,54,28,61,25,21,161,242,255,193,163,191,143,89,254,34,73,224,65,245,223,66,213,141,45,116,126,80,4,204,132,21,145,1,104,119,74,208,138,68,17,133,47,5,237,29,136,225,41,139,64,185,55,125,243,253,228,243,144,44,116,158,242,137,53,54,51,233,75,227,53,156,125,247,176,178,133,29,25,53,131,70,25,154,49,116,140,95,229,54,91,244,12,222,182,177,214,133,115,140,72,251,216,102,141,53,218,82,128,214,123,234,9,210,79,211,168,113,131,83,167,116,128,120,146,23,26,130,81,228,214,131,59,45,181,51,211,25,116,61,245,144,209,175,194,176,244,39,109,178,245,19,170,250,33,159,5,234,77,8,202,155,53,74,5,237,68,33,129,120,169,89,198,146,65,67,41,104,180,182,145,186,128,47,34,146,26,49,104,173,217,240,49,94,178,182,118,153,24,152,241,234,212,129,99,120,135,142,250,222,106,191,164,204,89,211,34,177,213,80,6,228,48,89,126,166,243,6,113,144,78,14,166,141,86,227,248,251,254,198,138,220,110,186,219,81,147,97,140,67,88,60,18,170,62,150,170,149,2,147,245,145,203,191,152,63,55,67,57,76,3,249,14,189,206,143,59,85,85,210,111,176,226,61,55,36,149,52,48,60,227,39,235,32,118,117,93,206,91,70,211,122,93,196,47,103,151,25,26,99,163,242,172,174,76,150,33,113,58,128,207,120,15,18,7,63,173,95,69,122,34,202,209,186,1,44,171,45,168,55,139,143,131,166,60,123,189,247,75,78,68,100,3,36,194,233,114,217,163,68,98,8,21,239,96,15,2,40,184,8,23,232,117,207,192,238,100,2,41,190,125,106,160,217,52,247,0,120,214,186,40,243,141,186,24,130,126,143,254,115,84,179,151,37,46,58,47,173,74,141,237,249,174,162,137,227,119,108,180,217,91,243,42,104,201,162,255,4,249,252,11,219,84,254,242,16,208,141,61,64,62,76,1,245,26,154,50,91,212,131,116,139,98,224,72,38,127,106,198,254,215,94,223,114,169,233,46,123,244,210,56,6,157,214,43,75,36,129,67,21,252,94,83,154,242,195,99,71,171,31,115,160,47,110,154,39,129,127,103,192,182,223,72,30,154,41,104,188,194,187,179,220,105,175,215,110,183,225,63,54,93,239,23,182,234,51,74,28,188,202,134,98,208,144,52,94,239,32,131,106,180,215,94,219,100,209,111,174,2,234,37,134,108,190,170,252,23,168,236,47,101,197,150,52,84,241,17,192,191,199,142,80,32,164,247,15,198,164,246,24,201,163,250,6,238,61,47,106,181,205,125,132,129,112,148,63,78,2,223,94,245,30,138,86,241,33,129,115,153,39,110,177,254,12,192,179,220,107,161,17,204,162,254,251,12,203,131,107,189,194,156,33,151,37,117,151,55,78,249,11,219,90,213,118,158,37,117,151,54,74,4,232,70,39,112,166,11,214,99,205,147,51,73,25,177,220,80,5,239,43,98,206,152,61,44,112,171,238,26,167,10,217,88,238,49,91,209,130,117,144,50,95,230,84,231,65,58,67,27,162,26,184,188,198,179,208,116,157,51,103,176,236,79,24,155,38,151,64,35,138,81,251,241,33,160,37,116,155,48,89,215,113,175,245,5,233,72,19,172,240,39,143,53,90,248,7,206,143,100,213,100,202,163,22,162,15,197,166,242,37,155,32,130,111,176,226,62,63,80,6,210,126,134,104,170,246,23,166,243,28,163,26,149,54,91,225,64,56,98,215,95,216,122,151,30,153,44,126,105,187,193,168,234,61,86,241,16,200,176,245,5,235,80,15,182,215,133,92,208,135,110,184,188,194,188,190,169,251,12,203,129,119,169,251,241,38,158,42,101,200,169,244,9,223,103,180,200,160,40,135,79,13,225,73,10,218,122,149,36,142,97,200,139,91,250,254,233,63,72,19,170,248,28,162,253,253,250,9,202,150,51,98,190,188,208,137,71,35,156,28,145,66,43,117,132,108,198,177,209,129,112,172,224,88,255,1,223,92,244,14,187,200,171,237,30,159,40,122,117,148,55,83,235,52,99,210,109,178,250,20,167,1,253,245,5,235,73,16,179,223,103,194,157,29,158,39,109,179,244,27,147,61,61,58,54,85,7,223,71,36,154,39,112,166,255,238,27,169,12,207,118,151,74,120,104,170,249,26,167,238,35,108,120,4,163,196,97,199,73,234,33,216,201,18,94,166,168,180,82,138,132,67,43,123,139,65,53,104,187,178,225,100,208,114,163,30,152,36,160,22,162,17,202,145,48,104,207,133,85,250,26,173,219,103,213,216,74,6,232,85,247,254,243,45,223,18,121,67,228,2,167,184,135,25,98,137,49,115,147,13,184,19,24,37,35,87,150,235,175,114,203,111,170,253,6,212,124,139,98,189,191,193,191,168,0,250,7,207,139,93,231,46,112,181,203,130,113,184,223,72,32,168,14,187,198,164,5,214,118,155,48,85,248,23,186,182,214,116,145,51,95,220,95,200,158,36,144,51,93,223,82,237,47,124,143,55,83,254,244,7,225,87,237,29,160,24,166,242,32,169,10,199,162,21,198,146,64,59,70,19,189,195,181,195,173,2,1,226,81,9,212,105,186,200,154,21,183,206,129,97,210,131,115,138,88,242,29,140,83,3,235,35,142,84,9,202,153,52,98,189,191,203,163,250,10,231,56,60,69,58,76,254,254,10,205,125,128,133,101,181,217,121,129,98,211,145,76,255,251,19,179,201,157,51,98,188,196,187,197,148,61,78,8,204,148,77,22,161,21,197,156,15,203,161,6,210,131,125,127,101,201,169,245,5,233,73,18,174,238,56,67,28,166,19,179,202,155,57,79,245,24,193,195,154,42,128,123,114,159,27,163,252,4,243,38,114,160,22,177,208,139,106,176,211,126,137,78,248,16,215,121,122,138,95,219,83,2,7,225,66,48,104,182,193,182,232,71,14,207,146,65,35,144,75,13,188,193,176,218,87,243,38,146,46,109,179,226,62,62,63,54,66,48,108,186,184,205,138,89,218,105,194,192,165,7,220,91,211,127,143,85,229,73,32,156,17,200,178,218,86,244,44,123,114,162,21,173,221,95,226,90,214,116,148,47,86,243,35,152,27,167,22,193,162,15,199,149,38,134,99,193,160,23,199,177,210,127,117,144,51,90,232,76,0,247,31,143,56,75,12,197,148,58,76,28,144,69,42,126,104,193,201,152,26,170,10,214,97,216,132,100,185,204,155,45,92,229,89,222,74,22,176,227,59,74,45,103,174,236,57,88,220,101,223,96,196,173,8,236,33,152,70,39,110,175,1,254,233,58,68,29,140,82,1,240,20,188,199,163,251,7,239,33,129,115,163,23,159,25,174,241,18,194,179,218,84,252,20,192,165,7,231,77,254,252,6,238,28,166,11,206,122,136,100,218,84,252,16,190,169,253,8,230,49,96,214,126,107,182,219,113,145,65,50,189,154,22,179,227,77,252,249,233,0,109,103,120,71,21,96,164,243,99,40,244,184,151,213,47,226,218,147,23,172,244,33,129,116,159,13,189,190,194,163,250,9,235,64,34,143,85,81,221,77,15,202,161,1,234,74,137,21,112,93,152,231,250,192,111,98,138,18,122,65,235,238,1,2,233,11,189,6,64,171,146,11,120,70,157,167,44,77,14,205,139,68,44,120,147,45,113,168,0,228,74,26,159,7,227,83,252,239,43,138,99,187,198,180,223,70,38,149,61,44,112,169,9,201,157,34,143,56,81,9,218,85,245,25,183,190,190,189,178,205,144,73,23,159,24,177,242,15,203,164,14,187,196,174,248,253,255,250,251,242,31,159,37,117,152,63,64,37,135,97,217,90,234,59,59,50,97,214,116,136,97,229,78,250,9,228,86,226,79,6,216,93,221,96,223,71,33,148,56,59,69,41,111,151,51,94,208,117,152,50,102,177,227,83,254,232,63,72,36,118,149,74,36,119,147,77,9,199,163,32,161,1,244,39,118,131,111,185,212,103,196,186,201,137,91,246,31,135,100,219,99,187,199,179,224,66,50,113,164,248,17,212,121,120,142,93,236,31,153,62,73,9,220,115,155,18,194,192,175,214,119,163,17,176,231,81,13,189,193,198,174,217,110,190,193,159,26,185,210,108,181,235,45,93,224,90,221,75,25,196,176,214,119,152,47,86,243,25,169,232,66,72,41,107,183,216,122,119,147,65,41,105,191,211,129,96,212,120,144,53,87,238,32,131,112,193,190,171,247,20,182,196,172,245,19,171,242,30,162,253,4,254,239,23,178,230,70,18,196,193,178,206,139,85,0,227,74,21,188,175,238,70,50,78,18,217,109,156,34,147,58,53,86,236,37,116,154,41,122,117,155,58,69,23,179,228,81,242,32,158,43,100,201,158,30,137,91,238,56,60,69,63,67,28,161,14,204,129,115,160,30,136,97,225,71,16,198,167,17,176,232,79,9,201,154,44,123,116,153,42,114,141,81,16,187,178,222,94,226,62,61,68,51,75,24,191,185,183,212,147,65,32,150,51,87,221,98,232,71,15,199,156,28,143,72,28,164,248,17,220,105,171,246,20,183,191,186,202,156,17,194,173,226,63,58,80,22,162,20,211,131,90,232,61,55,64,54,85,252,240,38,140,95,199,159,28,172,225,83,255,238,25,173,3,242,13,211,150,68,23,181,236,48,85,248,17,193,160,27,187,196,150,56,99,197,147,63,78,16,180,215,112,176,211,124,134,115,140,87,11,51,55,63,54,89,250,246,9,188,138,208,63,241,220,85,159,234,33,216,203,12,110,118,57,1,109,56,120,104,189,190,172,252,12,195,182,217,91,236,61,47,112,153,25,178,239,25,175,226,64,63,61,49,109,178,209,139,79,248,14,208,148,37,122,118,158,45,95,219,96,200,166,0,228,79,11,195,178,237,31,157,21,167,11,46,71,14,206,163,24,156,22,197,23,105,145,82,248,220,74,92,60,183,110,118,57,2,106,66,92,195,188,191,174,2,244,13,227,81,248,31,145,57,97,212,104,195,182,193,180,223,69,40,133,88,0,5,218,121,139,74,43,116,141,97,223,78,28,150,41,143,70,22,198,178,206,141,81,245,40,138,75,37,124,117,172,254,234,57,80,249,29,167,246,36,129,103,212,123,113,164,16,187,220,111,157,43,104,175,251,15,189,208,132,94,236,38,119,161,7,213,139,92,214,135,97,191,185,210,109,177,240,21,184,199,143,76,27,147,60,53,68,45,120,125,129,115,137,95,230,51,97,212,104,189,178,204,149,70,18,197,181,196,169,243,11,213,116,137,94,226,61,65,62,44,115,149,36,142,80,245,25,172,224,92,243,12,212,128,103,198,155,24,188,200,142,78,8,209,146,54,72,44,104,175,246,25,159,46,115,145,83,252,248,40,140,67,64,68,27,173,230,57,93,213,104,199,156,19,200,173,223,95,214,103,210,134,82,6,233,45,132,120,125,125,119,132,117,147,47,123,138,76,41,136,82,19,188,175,231,64,38,144,81,243,43,130,95,228,90,216,121,145,50,99,211,111,185,202,140,105,197,150,63,73,15,215,100,190,210,132,90,237,49,85,6,237,29,160,24,157,34,147,48,120,145,54,106,193,167,16,194,158,26,156,18,206,154,26,187,200,143,88,247,1,255,3,225,107,192,165,20,199,141,82,11,199,176,236,38,153,55,64,61,66,35,161,18,177,236,58,53,90,243,12,210,125,108,183,223,74,29,146,49,112,167,244,41,124,119,163,7,209,142,88,226,100,200,146,82,2,222,93,222,77,23,176,216,121,137,74,31,229,34,126,125,129,118,130,100,170,190,143,1,182,192,159,221,39,29,175,234,0,187,164,255,234,3,130,69,30,80,218,119,165,44,43,213,57,56,56,18,136,249,10,184,212,95,175,231,37,124,38,124,81,241,132,234,152,142,247,132,166,18,94,69,176,112,52,231,10,72,162,162,149,31,81,223,82,166,116,18,113,52,52,76,171,209,123,83,236,138,142,18,59,62,168,218,94,171,229,191,103,26,247,142,24,162,195,138,78,220,87,137,116,169,188,75,5,203,64,155,123,65,169,178,151,233,63,35,117,91,173,139,99,215,107,82,213,135,79,139,157,100,40,242,144,179,105,100,105,36,21,63,199,48,48,215,245,168,133,79,241,125,247,203,78,196,171,206,22,186,184,198,88,252,10,209,31,165,3,194,134,5,240,26,131,118,158,24,80,4,192,156,144,187,124,59,254,255,228,49,37,77,171,249,233,27,104,148,73,17,98,58,212,4,119,31,99,63,191,74,158,3,153,240,23,148,69,41,114,166,11,205,113,141,228,89,184,189,23,231,7,91,222,197,99,67,228,1,172,243,245,162,32,153,243,228,42,108,162,221,244,239,32,133,28,128,86,243,141,92,223,48,60,228,85,233,21,191,194,173,146,60,22,154,151,167,184,134,29,173,241,236,248,239,31,139,34,37,93,214,100,126,91,198,166,117,110,188,206,147,64,50,211,222,210,58,1,170,252,238,19,128,61,218,112,160,18,171,199,129,85,179,136,90,133,59,83,244,232,38,201,246,139,243,230,232,245,145,206,184,169,249,4,228,57,75,20,185,184,204,144,70,20,186,194,165,247,17,192,178,204,145,80,11,195,172,250,10,197,165,15,204,128,116,156,45,94,219,104,200,140,82,2,250,244,25,178,223,70,35,138,83,235,52,92,242,14,207,162,23,160,21,180,223,72,29,160,38,116,155,41,135,78,11,221,95,197,170,18,202,133,100,203,164,248,12,210,136,74,24,183,212,105,186,200,162,255,248,12,206,120,147,90,246,2,238,41,116,136,94,218,101,180,218,113,246,240,29,188,207,117,139,41,67,30,125,139,88,231,69,46,100,170,224,234,72,236,35,230,123,74,145,59,173,194,118,133,74,16,149,30,225,173,100,104,136,1,171,111,51,135,60,63,48,89,255,254,239,63,69,27,183,212,107,198,171,232,83,13,194,192,175,218,118,232,26,152,52,95,199,153,232,179,149,240,221,99,184,182,152,247,175,239,28,174,212,32,156,209,60,252,188,124,88,253,192,197,118,133,223,7,61,144,195,122,125,35,135,42,93,99,196,120,125,245,198,255,73,155,244,15,109,196,153,57,66,255,225,153,135,214,17,141,244,211,247,154,83,215,113,167,5,213,112,148,54,65,54,97,212,102,200,172,232,76,254,253,88,201,143,102,211,106,174,191,177,171,219,233,49,50,81,123,51,184,31,23,127,109,85,12,193,193,169,201,131,178,60,184,108,125,36,66,168,135,141,42,119,148,54,66,50,112,173,222,95,237,62,41,124,144,70,16,197,176,225,63,57,88,60,29,141,78,4,224,69,30,120,98,201,100,177,104,181,166,242,150,227,168,77,141,27,153,207,144,62,234,47,56,55,150,142,195,76,222,1,169,116,36,183,172,237,46,108,160,20,198,174,216,109,181,204,128,118,158,32,131,107,185,199,142,75,30,238,8,204,145,65,38,113,155,226,197,96,143,2,243,9,196,108,121,40,136,84,212,126,124,91,198,72,37,54,13,166,20,177,179,207,31,178,240,233,198,147,33,61,165,85,239,242,7,100,193,130,88,53,180,82,158,229,236,234,178,105,231,29,161,24,179,204,147,72,45,93,228,83,244,10,219,107,178,206,141,97,211,105,178,206,141,86,240,19,178,208,136,78,15,207,133,83,240,19,191,202,153,26,168,8,237,29,152,28,164,27,164,253,9,202,155,46,104,172,63,20,169,251,10,211,108,167,211,131,99,122,127,71,10,29,249,128,19,134,7,152,167,137,134,67,59,84,239,64,60,55,100,200,145,86,240,25,188,188,183,234,59,58,91,224,76,37,126,114,187,207,117,148,56,68,67,52,80,26,163,2,8,225,72,58,86,231,83,248,2,7,53,50,77,19,205,124,120,76,114,22,109,103,121,144,50,72,224,28,61,61,20,154,235,255,125,83,12,230,247,135,25,100,130,39,58,2,170,5,227,52,91,200,38,59,253,183,138,15,130,70,50,86,194,153,113,255,112,68,244,190,115,21,64,97,175,236,59,69,20,187,203,154,22,184,231,75,4,237,58,85,230,70,43,115,138,89,245,35,124,132,115,159,8,224,92,228,57,76,23,173,219,104,216,120,124,132,126,127,103,197,192,16,162,4,254,243,11,206,97,155,22,149,47,8,71,171,127,8,110,119,3,115,47,240,13,134,44,233,243,215,42,47,33,76,201,152,247,234,44,69,29,130,107,179,192,169,159,240,54,74,230,44,182,47,223,246,223,254,178,89,116,198,128,122,158,34,124,133,126,212,85,227,72,26,161,1,236,6,169,236,22,172,149,165,127,42,9,181,202,37,76,1,213,109,125,103,6,62,178,127,68,206,68,164,147,105,150,53,91,238,25,170,252,11,195,173,241,45,95,224,90,215,123,140,67,54,83,236,60,70,18,192,186,211,108,184,218,87,249,20,167,4,240,22,184,205,126,133,115,140,84,237,28,170,7,207,137,93,232,45,116,160,4,232,63,67,28,161,24,182,194,175,238,135,60,47,108,200,161,255,238,1,187,182,181,206,43,223,228,210,14,90,178,79,143,220,231,39,43,60,51,64,46,60,42,189,26,29,60,12,119,73,149,192,224,56,99,201,145,89,231,52,102,13,169,237,56,69,20,175,165,125,56,6,157,215,41,50,25,100,131,39,58,0,175,160,205,70,220,27,108,161,244,17,147,37,203,240,157,187,143,237,230,191,68,87,205,146,71,16,198,155,22,185,193,164,19,196,155,49,99,187,199,163,10,199,162,18,176,244,40,111,179,226,63,65,59,53,90,221,80,13,206,125,135,102,177,227,77,12,192,182,220,114,141,79,10,214,98,197,150,58,74,7,232,66,30,155,37,131,93,226,66,62,74,9,225,72,12,216,115,140,91,231,49,105,189,172,248,25,152,47,107,252,221,78,17,215,105,169,239,253,197,152,15,209,124,126,102,151,16,168,186,114,155,194,119,128,88,230,20,163,81,93,86,146,10,125,56,201,37,178,187,198,170,76,236,35,153,38,113,153,10,158,146,248,199,88,165,192,110,100,198,116,139,65,43,35,69,222,19,118,77,198,121,153,243,92,200,239,105,218,177,22,180,159,144,0,176,159,208,62,245,209,130,66,8,177,196,128,40,84,8,240,216,229,0,175,162,201,83,181,143,0,174,164,195,193,125,133,73,227,48,236,8,237,37,87,218,174,70,155,195,119,53,15,65,188,238,7,224,74,8,233,72,14,213,130,99,216,102,179,225,73,12,222,174,198,149,65,40,108,168,221,60,249,195,187,192,127,108,176,110,128,134,92,178,200,228,166,124,33,95,126,51,215,250,51,58,74,34,242,252,238,43,130,123,115,145,21,125,111,138,79,172,98,74,202,43,82,243,169,192,166,229,62,11,189,5,67,162,173,185,112,95,83,134,143,36,147,74,7,227,81,74,242,16,210,133,86,234,12,154,25,140,89,228,70,15,155,5,200,89,147,55,236,247,1,213,109,126,102,10,51,212,24,120,51,20,52,226,123,94,35,103,175,232,64,60,48,91,197,132,106,153,26,142,46,82,134,58,88,250,15,206,138,224,14,225,46,50,214,43,44,42,49,26,95,145,251,189,119,74,42,64,61,34,88,211,4,191,201,147,12,186,12,44,233,217,52,254,178,89,115,200,121,137,97,214,98,210,145,71,16,202,170,247,254,253,13,211,105,189,208,135,77,17,209,127,101,199,181,231,47,107,200,251,224,67,48,129,127,104,182,180,182,225,78,210,112,163,148,14,220,104,179,231,41,33,153,229,36,65,235,238,45,81,241,8,190,164,146,22,197,180,224,90,227,211,52,111,133,46,225,10,144,255,177,154,224,15,128,46,36,66,69,242,40,98,151,22,60,24,189,183,161,253,70,129,234,213,66,212,49,222,230,111,133,100,199,158,10,213,122,127,101,198,172,241,16,196,183,222,73,27,169,243,9,217,115,237,10,199,162,5,213,106,151,13,136,24,189,186,143,57,71,169,209,146,74,13,167,4,233,22,150,216,117,83,218,104,158,9,191,154,14,84,207,151,60,72,32,145,202,80,26,131,53,206,68,227,6,156,219,29,88,165,191,112,93,241,236,56,50,40,99,85,205,159,15,152,23,247,109,36,38,79,174,163,135,236,95,180,221,113,157,13,206,136,87,222,97,237,58,54,83,249,2,222,88,244,42,101,201,169,239,22,182,228,158,247,253,254,13,223,70,27,131,73,210,142,72,229,56,74,160,235,67,58,77,9,225,88,229,41,102,90,246,225,67,134,153,241,157,22,28,128,83,182,141,8,151,233,243,213,46,109,144,53,61,33,122,14,161,33,158,35,144,65,187,126,146,26,111,32,78,196,99,132,34,73,211,54,12,138,15,221,41,130,85,192,154,176,186,214,106,135,74,94,54,201,56,25,79,191,50,234,98,176,243,17,178,221,93,224,66,44,108,170,237,69,34,135,123,138,78,39,142,65,71,107,145,49,103,204,151,30,145,33,112,94,233,54,27,149,51,227,35,157,22,133,81,73,117,12,111,114,68,225,204,28,206,102,199,173,243,13,209,133,94,200,159,32,132,104,186,186,208,114,160,27,147,64,80,14,187,198,163,249,14,219,81,8,247,22,161,23,182,192,180,215,101,214,100,208,143,55,86,13,214,98,208,129,106,164,13,231,71,18,196,158,41,112,179,203,152,71,40,108,174,223,70,37,130,93,222,91,220,114,141,82,12,198,176,210,118,130,111,164,90,195,154,41,137,92,206,127,77,213,103,164,18,186,198,144,25,138,56,9,133,98,107,123,116,124,120,93,200,227,168,116,56,24,81,187,64,193,223,50,98,230,163,233,39,127,129,125,107,170,216,73,27,133,86,218,74,0,126,81,18,190,134,43,100,193,59,91,192,123,251,188,121,68,226,7,154,225,105,149,254,115,85,175,162,199,89,164,194,175,194,164,2,234,18,111,99,134,28,120,156,52,34,156,28,130,131,32,107,197,158,234,32,220,188,56,235,255,159,210,251,143,115,125,140,77,0,6,241,20,193,181,204,168,5,219,121,141,66,65,62,47,123,148,46,121,131,96,226,68,25,175,233,41,131,116,137,98,35,105,168,0,1,242,14,195,128,61,48,71,40,118,84,34,86,195,166,146,79,217,84,63,147,178,124,75,185,132,228,210,172,213,145,81,239,37,136,94,200,155,32,137,78,37,149,35,138,95,231,46,106,180,206,129,141,94,202,150,59,152,9,200,155,32,150,34,136,58,28,184,170,191,46,36,67,230,253,182,139,14,217,103,167,7,196,119,116,94,187,97,168,12,228,19,203,157,24,74,237,62,51,45,86,56,170,110,73,230,232,245,145,205,186,163,19,203,134,106,174,220,102,187,179,229,81,243,33,135,80,7,234,72,14,206,147,72,12,211,133,116,137,99,205,128,125,128,103,200,157,12,211,131,119,129,126,139,68,49,104,172,243,27,149,60,63,39,136,99,188,204,149,36,139,91,239,22,183,210,111,176,237,29,164,11,195,174,242,44,95,225,99,188,200,165,245,24,167,238,46,111,154,45,98,189,198,180,201,161,25,156,38,123,115,157,37,143,59,75,11,196,178,240,22,187,192,167,8,224,69,40,124,113,169,0,229,71,29,143,73,15,185,206,138,70,35,147,73,9,220,85,231,71,33,131,111,164,247,22,192,163,17,201,137,94,229,70,20,192,177,213,124,118,130,115,163,253,10,231,46,110,182,211,107,186,204,127,124,138,164,228,60,83,255,231,55,37,77,254,221,107,183,200,163,19,179,190,167,151,64,4,219,189,246,217,229,62,165,217,48,85,217,98,160,254,66,140,201,57,20,94,148,180,100,244,244,26,167,254,236,61,77,254,254,252,239,45,126,106,189,194,159,25,167,239,42,127,127,104,189,192,183,191,185,210,140,64,55,83,250,246,18,189,189,174,236,47,86,242,19,171,248,14,186,200,153,25,171,243,14,212,126,105,188,202,160,5,230,70,36,121,138,95,230,49,98,208,132,89,235,52,88,220,97,202,134,101,187,181,220,96,196,175,245,3,237,54,67,50,100,185,205,149,62,44,116,145,50,102,211,108,178,44,77,3,253,247,0,238,1,9,182,155,154,223,16,126,146,250,103,54,12,139,13,218,93,174,231,232,115,158,7,181,228,245,44,82,6,202,109,173,210,117,67,8,156,152,231,249,195,103,122,64,240,43,95,193,118,90,133,97,159,2,205,81,216,124,99,49,206,190,39,2,98,54,201,127,73,4,179,109,219,45,106,136,82,248,8,179,211,48,59,85,239,248,245,91,63,174,137,39,38,58,194,59,113,125,124,124,126,106,185,208,122,116,144,52,91,232,50,78,14,214,115,142,76,1,247,24,163,251,8,234,71,14,205,146,133,66,30,152,49,109,158,20,152,10,214,73,253,193,125,87,163,226,96,235,0,244,238,13,146,11,89,255,211,89,249,20,175,194,172,213,63,30,34,100,218,95,168,231,134,191,48,4,180,126,50,216,248,58,34,143,70,33,128,117,148,49,80,10,240,38,112,171,16,206,122,139,112,179,204,151,74,114,123,115,153,49,109,156,24,128,140,43,51,212,51,21,111,97,138,16,126,129,95,194,114,102,96,223,75,238,253,118,55,39,145,2,20,197,184,112,160,222,66,181,226,91,246,196,221,83,214,117,149,18,197,101,153,49,89,153,236,75,248,21,187,110,165,207,111,46,107,153,51,97,139,139,74,241,34,141,42,126,57,31,161,12,130,50,131,96,175,233,55,45,117,84,207,145,57,249,204,169,224,94,223,64,253,241,251,4,231,28,167,192,139,93,213,36,144,48,69,173,101,128,47,32,78,196,99,135,99,166,142,85,234,17,149,175,138,99,200,114,117,37,254,179,150,238,229,254,179,148,241,219,28,91,237,25,108,121,114,67,79,252,217,60,188,113,127,141,3,99,134,28,91,156,218,31,80,189,119,73,212,50,25,100,131,91,141,73,184,135,26,95,144,28,178,237,57,71,203,92,88,166,188,122,64,237,230,252,187,124,57,3,165,191,113,92,198,39,93,219,68,20,62,244,240,54,75,228,49,167,93,86,144,16,105,114,24,55,125,89,233,63,55,62,57,79,5,214,115,163,19,171,245,32,239,4,219,112,162,254,241,1,184,67,230,253,184,135,26,96,142,4,161,203,77,200,87,170,176,197,28,105,121,85,208,134,22,138,104,208,80,250,176,181,192,250,99,68,199,108,86,171,109,57,119,109,177,230,68,24,170,241,15,197,159,7,226,88,220,93,204,141,70,18,193,188,176,228,70,32,134,103,197,159,8,223,83,235,52,89,219,178,188,175,234,70,45,94,209,147,174,194,190,179,173,214,186,35,2,141,25,78,195,37,17,239,10,238,46,98,235,67,34,171,4,223,113,167,247,37,129,103,216,118,137,111,169,231,60,62,58,61,83,246,8,248,26,159,52,98,192,189,192,170,13,203,129,110,165,2,229,97,222,81,28,251,224,68,43,124,129,97,199,117,173,202,95,79,194,103,121,66,231,248,198,92,155,221,24,103,122,65,234,18,46,86,210,66,231,250,193,136,110,168,205,121,104,141,21,45,39,56,5,159,210,55,8,150,236,234,240,60,25,103,56,6,156,219,29,87,170,177,224,43,90,85,110,101,126,52,86,201,128,3,171,176,187,171,100,42,250,245,248,168,55,168,217,185,50,196,19,10,62,138,201,192,79,64,109,230,125,184,7,26,225,139,141,135,152,102,252,59,126,181,15,0,46,163,68,99,5,30,213,176,31,208,191,242,88,38,189,246,76,75,77,72,86,44,169,52,147,118,206,197,233,254,230,43,54,27,66,47,71,37,108,136,91,198,151,212,112,117,127,199,28,39,41,55,197,39,91,202,102,212,63,12,95,205,117,123,144,22,89,170,111,97,141,8,222,53,226,91,243,48,82,143,88,177,180,100,189,165,235,65,5,141,33,168,237,61,54,35,117,221,187,58,229,17,104,119,11,94,7,186,201,168,249,248,14,216,106,164,11,226,72,10,217,118,143,53,86,1,251,242,31,161,88,200,139,83,253,13,189,182,166,16,196,128,75,184,217,94,184,215,123,128,24,171,191,127,104,180,98,205,101,174,91,92,153,227,6,233,39,104,127,65,208,125,30,8,116,71,7,138,201,9,68,203,86,139,12,242,244,41,59,92,180,182,205,93,181,207,67,39,74,254,129,115,111,132,99,155,251,254,189,151,20,194,173,205,112,151,15,170,217,92,189,156,0,203,157,21,101,219,141,9,80,190,116,83,0,226,57,12,152,201,162,244,227,50,59,246,233,74,42,65,42,72,7,39,220,215,14,149,218,32,15,81,47,68,42,123,122,118,145,71,40,106,183,215,104,172,239,43,116,136,93,228,73,9,217,109,162,252,255,1,253,237,43,117,148,40,124,136,100,184,202,152,40,107,181,227,94,202,148,62,145,31,135,101,203,132,96,183,237,254,229,140,173,103,95,163,179,149,175,114,204,112,185,215,98,221,92,210,136,84,237,58,60,53,103,203,134,113,163,253,6,216,96,228,72,13,220,113,150,70,43,102,205,217,70,19,188,194,187,177,214,82,27,118,125,195,9,83,155,238,207,63,177,108,220,61,65,72,44,96,213,116,142,58,70,38,143,56,78,15,202,134,100,197,156,15,201,155,33,128,116,155,53,69,40,131,116,137,89,232,138,52,72,25,167,252,240,26,136,123,86,221,164,101,61,220,44,21,109,40,8,8,187,209,134,86,2,241,20,196,162,2,2,253,240,49,100,189,208,143,57,84,248,2,252,246,4,247,103,156,19,197,167,239,33,114,186,152,24,245,115,18,93,170,158,212,242,169,38,97,217,114,145,78,23,160,36,154,26,184,44,77,1,0,242,14,195,141,107,133,79,77,106,45,11,160,186,126,246,158,72,247,16,207,146,45,112,177,230,50,98,222,80,243,27,179,237,29,158,28,153,25,171,0,239,22,181,232,76,254,253,16,204,126,124,140,75,2,241,50,101,182,214,125,117,133,105,206,152,28,163,26,251,226,66,59,70,17,183,166,26,97,75,206,67,229,70,252,250,182,202,101,204,105,143,140,151,39,39,79,231,57,238,158,128,234,30,9,108,236,52,58,234,57,47,84,191,158,29,87,15,173,184,178,185,132,60,61,18,81,122,63,242,218,33,74,207,64,57,54,59,8,165,162,13,167,162,228,89,226,237,153,193,96,188,108,36,248,120,48,41,17,121,230,235,216,225,183,71,7,79,155,156,124,247,201,84,179,150,235,236,235,55,42,3,251,20,206,121,26,190,148,229,25,127,165,23,167,207,113,232,153,161,177,172,149,239,162,153,87,203,144,64,46,89,231,65,56,60,62,60,81,247,44,125,108,175,233,62,41,119,141,78,250,6,225,72,10,211,127,219,65,31,144,52,82,210,141,76,230,24,79,11,175,116,163,249,205,86,220,5,253,215,32,115,149,251,213,2,225,55,54,94,171,155,249,24,169,209,89,141,89,223,51,102,206,136,1,255,255,251,2,120,140,41,98,84,248,226,53,196,32,79,194,103,189,148,33,1,104,118,77,198,162,233,50,16,191,124,72,134,229,151,162,233,210,93,216,63,80,208,217,250,229,254,25,173,208,42,122,106,161,216,82,2,169,24,145,11,184,168,183,165,4,189,80,126,53,14,131,37,62,244,210,132,86,221,32,93,123,132,68,205,100,217,116,137,46,113,117,113,94,234,211,182,178,216,60,88,185,31,38,96,140,117,84,111,98,136,21,110,100,129,42,121,100,83,9,234,76,255,137,114,120,58,27,123,176,245,13,157,6,41,214,235,210,75,186,128,240,174,23,140,86,12,218,85,246,15,195,155,43,143,77,252,5,251,5,213,116,146,55,63,60,84,238,25,175,2,247,253,2,9,47,68,31,174,239,23,166,215,125,122,92,184,113,163,230,205,151,27,103,137,67,209,153,4,152,9,211,67,0,130,97,184,179,233,12,118,103,205,140,38,90,139,94,206,102,206,150,49,6,241,41,126,120,20,183,166,235,186,198,121,112,20,47,32,79,193,175,191,160,133,220,27,94,148,59,31,34,155,48,119,52,83,198,137,224,99,219,122,118,35,177,236,66,223,146,80,254,226,72,228,3,186,172,213,98,156,8,171,231,208,91,188,239,55,73,235,30,225,175,96,117,99,115,85,112,48,145,30,158,36,153,27,168,5,231,48,102,205,152,27,165,11,218,86,245,31,151,31,156,39,124,111,169,4,245,5,232,70,127,85,227,74,31,169,235,45,66,60,61,20,144,211,243,212,49,26,95,145,253,184,206,102,80,15,179,158,226,55,245,57,86,5,150,108,193,169,225,76,216,37,84,225,55,59,19,164,215,100,90,197,157,227,29,41,108,151,21,194,128,28,118,161,16,154,253,162,27,153,5,239,51,90,138,101,207,142,73,162,13,164,240,148,175,160,206,69,35,97,185,57,193,107,110,99,202,114,151,223,81,167,150,11,77,179,165,100,52,212,192,145,58,235,202,128,19,237,67,179,142,78,237,208,143,52,32,124,130,41,139,243,84,204,142,31,41,240,223,18,119,72,213,48,31,155,255,132,118,161,38,112,53,102,105,81,218,223,252,202,245,129,237,113,146,109,254,204,121,209,223,207,38,79,172,169,117,32,194,138,89,247,15,183,211,141,80,243,31,164,3,217,107,192,180,198,163,28,175,214,115,165,80,224,68,40,126,138,72,23,133,95,163,244,159,16,107,75,237,168,164,211,219,209,252,85,75,1,239,45,73,208,95,199,236,6,197,140,222,107,131,85,59,161,138,245,227,243,213,239,177,14,165,8,236,50,78,15,216,107,162,19,204,135,78,14,223,179,185,190,203,151,29,146,27,120,137,37,108,55,95,231,83,233,201,169,159,173,217,8,12,229,205,72,13,251,83,203,125,198,0,108,80,209,39,57,196,52,132,68,40,135,102,177,228,86,235,35,142,88,239,21,182,220,96,196,170,1,232,44,113,177,244,9,220,110,175,214,116,165,87,203,131,109,171,238,26,159,236,62,57,31,109,60,184,134,29,87,169,180,147,245,207,64,237,232,64,14,86,251,240,231,8,199,69,54,248,164,243,185,251,27,45,45,74,15,142,31,37,120,115,129,126,75,187,153,54,79,221,53,250,19,177,191,194,185,199,66,60,72,34,141,215,110,128,92,79,126,53,15,128,47,34,73,210,126,82,230,178,87,168,182,141,76,232,36,248,131,38,61,248,26,156,253,9,227,72,191,183,157,231,47,94,77,203,106,157,141,176,104,170,215,124,132,102,203,124,88,160,33,135,53,70,32,151,254,108,117,130,89,173,182,114,159,248,21,157,243,26,139,71,196,161,223,72,186,175,75,119,13,80,116,215,130,50,76,224,190,152,61,3,96,121,176,184,203,106,159,159,223,69,6,238,49,109,169,99,44,209,5,210,95,115,214,203,128,231,134,196,13,27,32,243,180,19,245,78,67,101,254,51,149,111,224,142,134,157,87,42,177,27,222,148,115,212,178,23,232,117,207,193,236,106,241,92,27,222,147,117,208,191,242,87,40,183,10,16,255,51,151,106,240,94,30,94,199,136,31,96,115,134,211,190,221,52,105,207,59,186,129,43,45,75,133,88,218,96,151,48,141,42,118,135,49,216,188,232,21,152,45,113,160,22,174,205,107,166,3,245,46,124,136,59,38,105,158,32,150,74,38,144,40,90,218,107,181,236,72,40,91,196,142,47,105,173,205,114,152,13,176,199,159,9,182,177,194,139,14,168,111,153,23,169,188,193,220,61,60,53,40,244,105,225,42,86,232,75,42,125,133,108,152,10,202,164,32,167,19,173,203,117,123,107,194,176,245,24,161,244,249,3,252,0,1,251,247,238,11,186,166,247,23,195,187,203,152,15,171,251,22,197,187,198,127,85,215,54,203,77,198,92,189,46,93,201,147,255,248,56,44,112,151,1,104,12,248,230,37,137,102,188,191,180,194,147,62,76,40,128,109,140,50,68,14,216,113,128,90,231,32,118,120,146,53,50,62,31,112,142,100,216,76,242,19,155,5,199,157,19,152,10,184,189,195,162,17,162,237,10,73,11,192,172,178,222,132,70,34,130,66,166,84,33,106,149,48,126,134,110,181,221,65,28,186,211,142,99,208,98,175,205,120,164,7,191,155,24,139,54,60,88,241,0,212,93,195,181,222,59,43,120,109,145,38,136,87,204,111,137,32,12,137,19,116,117,8,207,116,145,5,230,107,146,63,45,65,167,80,45,73,249,253,12,233,72,49,101,175,197,153,55,107,198,179,219,66,15,173,208,131,117,172,9,227,53,56,75,29,171,242,36,102,162,245,255,16,210,95,189,185,169,221,63,60,76,238,9,186,164,228,187,183,189,184,144,69,80,225,79,250,217,225,163,50,55,52,100,212,87,215,117,116,123,103,198,172,208,103,166,219,67,31,160,42,132,127,133,80,229,57,81,25,183,223,97,176,194,144,50,90,217,102,167,218,74,27,169,217,81,9,184,176,200,161,30,122,101,164,246,21,169,248,237,245,235,239,234,35,117,90,177,128,128,102,99,50,238,2,255,11,250,192,127,110,124,127,31,207,140,60,19,199,74,45,78,16,172,199,157,0,233,228,34,77,133,30,84,180,223,68,19,128,61,220,99,97,167,16,133,74,34,165,30,171,237,23,150,64,76,40,140,71,254,186,61,246,205,72,45,117,114,129,85,126,136,100,205,139,219,96,169,139,202,79,193,107,109,103,122,63,68,32,100,198,76,75,19,130,88,170,209,112,174,238,192,138,103,128,143,219,40,88,182,202,138,83,254,245,235,244,227,9,205,255,59,82,119,72,214,44,43,44,43,46,111,147,36,77,215,14,206,100,166,196,127,135,102,164,218,101,102,236,7,204,133,93,150,77,170,215,83,224,92,255,22,206,150,28,131,116,183,237,73,30,120,123,143,78,248,248,209,74,181,220,91,248,194,134,116,89,3,196,135,33,79,208,66,34,0,55,123,101,170,219,99,211,146,63,56,53,57,73,36,160,21,175,197,101,61,247,203,78,196,100,131,36,142,56,53,26,111,68,37,8,178,239,18,49,165,99,129,76,239,37,15,251,133,64,52,10,219,214,180,54,11,208,156,20,53,51,93,114,102,164,15,168,204,141,236,90,192,162,3,229,255,19,88,201,87,102,124,57,4,162,199,88,166,1,203,140,0,236,246,231,174,99,106,134,152,251,149,200,114,175,163,31,136,254,97,109,139,22,152,57,101,217,126,114,136,66,57,99,224,112,178,189,160,244,224,61,23,152,63,62,58,70,5,197,156,50,101,197,161,239,6,193,161,27,154,34,141,34,31,16,127,49,27,92,153,228,3,164,194,103,121,142,55,58,10,159,181,214,254,208,150,64,40,31,253,199,74,222,46,215,232,218,54,135,46,253,203,237,164,195,102,125,56,7,153,227,5,158,212,50,98,170,131,107,62,53,31,126,1,241,186,219,239,247,3,195,164,190,200,155,249,224,249,9,116,158,123,66,253,224,54,83,248,19,164,176,85,231,44,106,122,120,98,223,85,120,138,43,101,188,73,39,118,83,201,126,18,243,17,152,29,154,40,14,240,24,80,108,75,242,23,117,106,37,254,154,246,71,237,192,78,224,83,209,105,41,240,222,19,118,77,199,91,159,23,133,76,128,235,237,231,249,9,177,200,12,141,37,111,55,14,44,244,6,196,67,101,30,134,213,188,48,241,147,87,218,211,197,7,59,204,10,255,144,127,177,26,223,145,122,191,241,91,28,218,162,73,83,54,141,135,154,96,15,0,46,163,68,97,11,13,8,22,237,104,247,74,79,65,108,235,110,227,132,163,70,102,135,78,246,215,56,234,27,222,49,113,181,138,207,64,237,231,6,208,101,194,110,105,136,62,27,163,7,230,43,77,192,118,167,201,104,150,219,112,151,247,254,5,215,236,46,49,49,92,131,43,237,233,244,209,125,69,182,141,6,156,247,33,109,32,136,72,20,122,136,135,62,58,59,22,41,202,189,151,9,192,191,190,182,210,118,116,118,136,102,199,154,40,133,66,13,174,217,108,166,3,201,84,186,176,251,15,166,229,57,42,91,203,149,20,152,9,146,0,207,109,177,232,82,7,220,72,1,247,22,199,162,1,209,97,179,208,149,48,115,125,69,158,213,49,29,155,235,211,105,115,85,206,156,253,113,149,33,138,26,166,45,75,17,181,168,114,239,78,229,42,125,144,78,38,147,35,111,173,254,0,7,232,27,131,73,211,62,22,151,54,91,194,144,56,45,80,237,55,44,77,237,31,158,15,205,109,104,125,86,216,116,152,57,69,8,186,187,204,141,86,241,255,212,88,218,97,195,162,240,236,169,179,150,235,47,45,13,188,122,64,12,225,47,218,90,212,112,103,193,220,63,53,72,240,156,113,202,114,122,102,182,220,119,170,17,201,129,80,249,18,213,140,86,247,237,12,175,214,121,127,124,95,145,3,209,133,101,210,123,124,106,156,34,142,85,239,25,135,65,15,137,56,65,59,90,252,255,247,243,255,1,10,239,47,110,136,58,40,67,164,195,100,129,108,120,47,91,158,213,76,33,110,27,150,31,145,5,231,105,150,49,84,202,14,27,202,113,124,105,202,167,12,228,85,217,71,22,197,181,222,96,217,70,1,210,110,175,221,95,182,139,20,156,35,129,85,211,108,178,225,47,71,253,192,146,49,106,208,148,76,36,114,124,116,162,41,139,108,173,205,109,144,13,69,224,14,132,102,138,249,1,172,169,208,150,14,61,48,80,253,192,180,2,203,147,48,55,200,239,80,221,54,55,89,0,6,250,5,201,119,131,118,170,4,241,35,105,150,18,179,238,36,152,9,146,255,209,103,193,178,235,65,68,16,167,255,248,22,183,222,56,41,88,216,101,182,203,113,98,173,226,86,4,244,51,104,160,248,20,202,159,29,155,0,210,95,160,140,11,142,5,226,20,92,218,33,76,230,82,220,211,110,152,39,68,42,160,242,29,145,20,46,186,238,5,195,157,33,159,41,123,147,35,105,173,241,47,130,128,103,158,252,222,20,121,108,185,214,81,227,61,29,127,91,234,59,33,114,125,63,33,171,245,247,242,16,164,236,25,187,205,107,145,35,82,119,74,207,64,250,245,247,22,154,10,191,147,238,242,5,225,33,139,72,231,25,172,140,199,90,160,205,148,32,120,116,34,73,240,53,51,204,131,89,226,18,191,225,46,106,171,199,24,254,34,105,146,39,151,67,57,89,248,238,9,211,148,74,36,159,21,147,25,137,71,27,151,41,86,173,176,207,155,30,123,103,180,186,170,218,105,178,188,163,234,248,243,34,147,66,62,75,253,226,83,0,253,26,180,181,180,186,142,196,100,131,36,131,47,62,234,240,222,50,112,128,230,53,67,38,70,35,181,178,221,82,210,245,101,236,9,192,196,170,215,81,248,238,14,172,229,34,110,136,21,120,102,164,5,234,80,24,161,244,246,4,232,66,70,55,91,193,144,36,125,142,68,56,41,58,32,115,147,78,31,163,9,195,137,80,25,188,189,181,178,189,158,10,221,85,249,235,251,123,61,247,201,148,251,219,38,113,90,189,206,103,49,85,225,73,221,94,4,199,158,14,158,146,143,111,128,89,246,40,151,65,48,77,242,42,139,107,194,170,213,86,207,74,242,255,237,54,89,240,66,57,43,89,243,36,139,92,218,67,8,187,176,223,74,16,163,205,118,163,4,200,127,110,139,55,50,93,217,70,255,217,49,216,39,58,1,183,190,156,46,101,167,20,88,101,127,50,24,186,211,146,245,208,64,12,225,47,216,94,198,155,231,65,90,195,170,235,6,88,61,102,155,7,232,83,1,2,2,216,79,16,224,115,180,216,75,246,242,226,46,98,227,92,249,28,156,3,214,136,104,186,198,154,5,198,127,57,51,116,178,242,41,132,75,244,19,214,136,108,203,160,242,252,225,26,31,80,190,116,167,15,222,34,126,51,50,112,130,224,70,14,194,112,165,49,64,50,83,208,252,80,43,76,247,30,159,34,161,17,163,234,44,126,126,126,140,79,231,33,111,106,157,38,128,84,222,85,213,87,210,131,112,130,80,226,17,156,4,234,53,53,57,74,19,154,8,194,171,209,96,182,193,175,218,95,184,148,176,157,214,44,127,132,125,70,21,111,126,140,44,225,69,18,183,147,60,106,149,53,73,236,166,82,39,90,191,154,34,130,77,240,35,129,81,228,48,102,159,246,244,6,221,78,3,202,90,205,150,50,62,30,143,40,96,183,207,124,95,185,168,183,146,24,147,73,27,131,78,1,210,98,180,221,80,225,46,75,0,240,24,166,228,15,64,239,225,11,229,75,238,20,179,101,156,49,61,176,216,90,225,21,182,253,218,100,187,150,170,72,67,4,209,148,53,52,61,58,37,104,161,26,173,205,112,131,44,80,248,22,200,155,41,138,65,18,178,231,88,244,41,134,65,18,158,221,59,54,91,252,26,190,203,124,95,201,162,35,139,91,235,19,155,5,172,103,121,66,232,56,24,140,17,142,229,28,178,189,48,87,220,88,175,233,100,166,0,231,17,55,160,62,21,157,49,99,172,209,115,122,104,159,23,175,197,133,66,232,253,231,89,236,15,169,238,11,182,186,201,119,113,127,50,31,125,139,107,189,204,151,19,154,28,176,254,5,238,41,88,203,117,92,87,170,177,155,235,35,110,184,211,114,111,178,234,210,245,207,66,231,63,21,168,222,224,15,157,45,75,133,88,218,95,154,40,167,221,92,211,77,133,183,246,236,19,192,182,178,194,171,230,34,114,133,102,161,244,248,207,96,186,212,139,87,244,24,149,28,172,0,241,35,134,63,22,147,46,119,136,103,157,223,48,73,29,149,22,152,40,91,198,138,93,188,158,249,248,13,194,169,219,44,232,246,205,70,43,102,93,152,230,252,214,132,70,149,42,100,193,117,149,94,183,206,127,75,137,169,33,108,154,49,65,21,179,212,88,207,111,168,220,66,11,150,27,185,216,77,243,25,139,56,55,90,197,134,64,248,236,37,148,79,28,172,218,68,30,169,13,206,146,27,129,81,202,15,129,45,41,121,99,204,64,237,231,22,195,137,204,130,91,220,36,139,126,88,235,38,85,109,255,31,112,135,98,219,123,147,57,49,70,40,137,100,200,163,232,29,122,73,243,249,250,3,235,74,51,106,158,249,253,251,5,0,15,210,93,187,164,247,21,170,250,227,5,167,231,75,29,177,248,23,145,32,139,96,221,107,197,174,201,119,113,107,45,40,54,12,151,29,126,134,85,189,174,244,8,89,228,8,162,215,69,28,170,147,179,150,236,234,50,31,93,96,141,6,186,216,72,142,60,45,101,136,94,4,198,161,6,181,75,101,239,3,198,128,107,199,180,230,83,249,236,25,187,218,120,147,69,2,205,110,159,42,113,178,188,130,71,2,235,49,104,193,169,219,66,31,147,56,79,10,205,108,143,38,115,162,4,237,12,145,32,138,97,222,97,219,101,175,199,149,66,61,70,33,143,36,101,166,203,12,137,18,120,151,34,112,147,215,40,83,12,173,97,198,145,59,5,231,106,149,52,77,225,202,233,99,166,230,75,46,135,122,147,36,110,179,243,45,115,147,26,135,60,2,216,125,123,140,93,229,40,93,216,127,115,157,29,161,239,8,186,137,64,64,67,39,125,104,163,22,188,190,179,186,165,230,9,80,189,118,76,28,148,26,150,19,66,4,248,232,173,224,64,46,45,109,214,80,2,225,36,255,71,71,251,222,62,62,66,60,92,240,8,186,185,203,152,46,109,187,162,236,17,174,229,56,68,6,165,235,55,79,22,185,218,73,249,255,252,1,3,0,2,204,113,126,51,29,120,106,169,5,252,5,244,32,118,118,159,47,112,183,212,86,209,98,187,192,166,250,232,5,92,154,223,17,202,137,61,44,87,141,37,150,14,61,50,77,7,161,18,233,25,169,236,3,98,32,187,158,1,252,15,207,139,73,253,221,83,7,236,52,107,181,179,189,156,227,42,110,193,194,196,166,235,17,187,221,116,173,246,241,2,204,83,227,90,219,67,17,189,157,255,219,97,197,133,68,9,162,133,30,83,181,227,68,254,225,215,42,77,29,122,249,251,240,29,96,215,155,3,235,38,86,106,8,4,195,134,74,34,144,37,105,179,187,166,231,63,48,68,7,190,172,253,244,36,102,131,80,11,223,103,190,187,173,210,135,107,195,199,169,215,79,229,7,185,181,241,38,98,177,216,78,238,15,206,136,58,37,102,177,227,63,53,53,29,116,84,89,111,151,17,90,31,240,17,73,137,155,110,210,23,233,114,215,169,51,148,114,218,161,75,78,69,95,18,248,71,88,38,187,252,57,131,165,64,110,229,128,175,34,199,217,164,67,102,251,60,123,190,244,83,55,139,142,132,162,72,86,44,169,50,152,113,100,180,194,114,103,93,236,55,63,249,212,50,1,239,5,228,210,56,6,155,249,27,185,240,223,26,147,36,76,218,4,246,26,152,237,247,186,40,85,245,255,248,150,238,229,27,180,216,58,14,188,185,59,6,206,117,90,176,131,103,145,78,15,160,172,199,136,8,84,221,27,111,137,37,12,167,15,200,106,128,100,193,37,231,3,217,82,194,120,42,119,112,171,217,65,49,70,25,78,3,140,214,79,162,225,145,41,223,49,32,13,135,24,102,198,124,12,222,98,193,116,101,112,3,195,171,223,88,118,161,17,154,255,156,44,102,159,34,155,34,50,95,175,206,250,127,48,31,81,14,210,111,103,138,255,88,196,167,236,51,229,27,179,233,64,57,71,146,183,138,15,129,127,111,121,136,5,28,162,249,222,104,104,211,91,233,31,110,171,216,96,129,78,202,13,134,27,92,154,223,18,120,156,38,93,189,159,160,209,151,55,66,240,239,226,241,31,118,144,206,97,229,6,187,171,10,226,47,73,13,174,206,109,159,245,244,249,247,11,197,150,49,54,228,194,106,113,91,157,215,41,51,20,113,91,158,31,131,85,185,146,220,100,176,222,49,2,197,183,221,84,184,153,12,103,244,12,167,240,32,149,197,203,154,23,113,108,106,88,235,17,190,80,228,12,184,219,123,154,32,120,106,172,0,13,225,69,4,197,99,66,233,244,211,54,13,135,25,99,132,34,72,35,121,116,92,168,154,52,89,195,61,26,163,224,89,140,40,142,77,246,14,159,198,220,98,168,142,40,126,100,196,127,40,163,223,92,109,36,65,235,238,229,254,179,149,240,222,19,117,153,3,119,139,39,133,11,208,80,235,186,195,128,120,63,76,157,238,33,105,177,152,58,68,1,201,61,59,24,175,153,66,200,126,144,249,224,101,189,142,51,163,105,49,2,188,103,119,9,100,244,245,26,176,47,69,22,187,194,159,18,148,55,38,105,41,242,217,35,68,225,10,143,1,173,168,181,144,73,245,160,255,139,40,108,170,242,250,198,174,109,166,6,203,142,210,140,80,220,55,222,211,53,16,126,53,14,132,33,74,207,65,235,238,228,3,166,9,199,136,32,94,121,147,44,22,145,78,255,212,45,70,52,98,187,135,40,102,103,214,83,3,209,87,238,14,191,99,167,189,52,19,117,79,194,104,118,77,200,86,172,169,178,153,228,1,171,172,170,175,211,17,151,31,146,58,34,78,24,49,93,227,51,86,150,98,68,14,191,115,52,50,101,199,121,64,68,250,241,105,23,40,27,111,77,197,32,31,197,130,109,171,235,34,138,88,254,241,55,76,8,247,19,179,247,104,153,29,161,1,235,20,151,62,60,24,63,22,162,158,157,118,248,182,48,34,6,157,216,37,62,244,211,53,14,132,35,68,226,8,150,238,230,254,181,142,87,229,35,150,62,57,239,55,89,239,37,249,129,43,47,34,72,216,39,56,6,157,214,45,39,56,6,156,30,113,136,236,240,156,220,28,91,156,217,35,68,226,8,150,237,232,245,207,65,43,68,26,68,18,33,246,144,199,15,3,239,167,102,246,76,25,97,145,187,126,51,20,113,90,160,205,72,214,43,44,42,47,32,78,13,167,139,81,214,118,55,75,222,67,177,222,45,113,82,17,75,226,67,3,227,2,253,252,216,66,188,57,4,163,196,97,140,11,141,8,152,232,247,201,83,181,143,1,170,175,161,21,143,210,135,81,156,27,111,142,207,148,45,73,205,155,33,105,145,207,255,176,157,216,39,56,6,155,221,22,108,107,109,103,121,68,226,7,154,226,10,145,250,192,177,183,212,41,145,220,66,67,226,38,146,54,34,121,209,223,208,36,84,158,211,245,160,65,14,204,157,37,115,155,39,122,118,147,65,43,99,205,153,134,64,40,139,83,233,47,39,247,202,80,190,115,86,173,168,184,135,25,100,129,42,47,33,76,203,76,201,83,182,140,9,213,74,25,91,233,154,232,12,180,186,196,165,13,182,123,246,6,209,124,69,25,128,134,63,169,238,24,165,202,152,85,211,123,118,102,57,153,81,219,76,41,129,82,225,68,10,187,170,251,245,243,251,233,24,160,31,171,1,10,215,83,226,89,254,13,228,86,209,99,177,198,170,249,9,224,80,238,15,209,134,99,215,100,165,226,13,68,227,5,158,211,53,14,131,37,63,240,222,22,109,103,122,65,235,238,228,3,164,194,103,186,153,45,31,176,127,89,0,206,253,239,20,178,162,2,196,184,170,105,172,222,85,186,200,206,115,123,74,240,253,226,88,237,12,177,212,88,207,106,173,202,115,124,113,170,238,50,68,3,203,135,103,208,160,43,117,119,116,159,41,149,76,19,153,7,191,172,2,231,81,233,33,152,31,119,114,147,28,130,81,247,238,7,159,144,253,182,139,14,133,32,79,194,104,118,76,201,83,181,144,255,178,152,229,255,176,157,216,122,124,81,0,158,65,253,211,90,188,142,35,115,171,240,5,199,146,29,129,86,236,16,166,224,85,213,123,105,144,68,13,193,92,187,131,227,4,162,201,82,184,134,28,92,156,220,27,92,155,222,21,111,98,137,21,113,93,152,230,253,183,137,21,185,164,150,47,58,74,187,189,137,65,182,206,94,221,15,218,242,238,31,112,158,209,142,71,246,232,202,14,132,35,70,219,29,87,170,178,153,227,5,158,212,51,22,108,105,114,87,168,182,142,5,158,213,49,28,89,162,199,88,232,15,204,66,69,191,152,65,230,25,186,190,139,63,127,212,241,193,125,36,65,173,119,188,155,38,144,58,53,88,251,12,192,184,222,94,201,156,47,190,150,39,153,53,68,31,88,102,125,55,9,147,245,207,64,237,231,250,191,112,94,148,242,216,39,56,5,160,206,68,227,5,159,210,57,3,165,190,115,152,1,244,202,155,132,39,77,240,5,228,68,48,76,184,63,44,95,209,67,30,114,177,191,40,111,148,50,32,150,93,186,196,155,247,135,177,10,177,187,173,5,246,33,150,46,78,234,47,126,140,91,224,84,214,79,232,46,116,142,83,226,45,99,220,118,169,5,224,56,51,107,201,178,235,39,95,185,175,194,149,58,37,106,179,188,162,243,26,133,67,10,197,169,237,44,47,223,19,119,75,206,67,230,253,184,134,29,88,168,184,136,23,105,116,82,184,136,23,105,117,80,189,119,74,207,66,232,245,17,149,56,254,17,93,191,205,104,48,88,216,100,139,69,252,17,166,76,69,23,146,45,85,127,240,222,20,113,91,158,213,47,32,77,198,91,157,217,36,65,236,236,235,236,233,242,215,41,50,25,99,132,102,153,16,51,211,53,14,132,36,67,229,0,175,161,204,74,209,58,0,173,166,187,125,55,10,144,255,178,222,50,69,180,152,165,192,109,102,125,56,6,157,217,37,64,238,228,2,168,182,139,12,138,17,191,139,68,32,7,87,170,175,160,207,65,235,238,228,2,169,180,146,248,197,94,149,240,221,23,104,118,75,205,138,42,122,56,101,96,180,239,223,48,118,138,39,106,255,85,108,79,211,34,70,158,166,46,70,35,144,152,10,199,160,15,192,163,0,179,83,182,141,8,150,235,237,230,251,190,116,81,188,123,62,243,214,45,39,57,4,161,203,78,24,164,216,106,94,3,183,165,230,25,118,109,139,70,36,136,110,185,206,114,125,114,161,16,213,134,105,151,16,162,16,167,8,196,126,122,107,169,165,225,17,59,255,179,150,236,235,237,231,251,190,116,84,179,148,242,217,34,73,211,52,18,120,69,223,16,127,50,24,177,190,71,26,121,141,240,31,98,182,89,230,21,185,123,152,185,153,30,113,152,226,74,226,54,215,106,137,92,146,88,136,60,87,167,215,156,48,92,176,206,208,226,198,64,255,157,213,239,178,11,175,231,66,139,48,84,254,16,199,142,65,5,243,24,130,68,182,74,209,59,254,181,144,255,176,158,213,48,31,80,189,120,71,217,36,68,228,3,165,191,113,91,157,214,43,45,40,53,14,198,118,150,228,97,107,147,82,180,175,249,2,191,162,86,79,127,21,128,27,93,87,122,178,186,199,172,243,10,215,117,140,63,55,95,234,39,128,127,217,71,16,202,172,245,5,223,21,46,37,62,243,212,51,22,109,104,119,73,211,53,14,132,34,73,212,51,21,110,100,129,42,49,27,92,155,222,21,110,101,194,130,114,81,6,67,236,254,221,62,57,68,48,77,183,67,31,132,98,144,54,40,141,43,230,52,68,33,85,246,59,33,145,52,43,234,135,137,53,49,73,42,149,77,15,191,155,3,227,95,246,46,130,107,145,31,121,118,140,68,34,115,134,126,127,88,206,124,96,183,184,215,76,242,5,200,159,25,138,56,65,17,163,245,32,114,125,61,180,146,248,199,91,158,212,50,23,105,116,83,181,142,3,164,193,107,111,98,135,26,98,137,18,119,72,213,47,32,79,193,172,195,175,152,67,198,131,128,77,129,101,178,216,48,87,199,176,202,222,142,60,34,124,103,71,152,230,253,184,135,26,95,145,252,187,126,51,20,115,86,172,171,175,163,198,92,154,224,14,132,33,74,208,132,62,33,1,105,115,85,176,157,214,45,39,57,4,162,200,87,170,176,158,211,52,19,118,75,205,70,220,94,177,202,37,68,160,207,65,234,241,221,25,100,129,43,46,38,61,246,204,74,209,58,1,172,238,0,219,212,241,220,27,94,148,242,216,37,63,241,220,27,94,148,241,219,97,167,232,172,103,122,65,236,233,244,211,53,15,130,39,57,73,238,28,152,159,142,5,160,207,67,230,252,187,124,57,2,168,183,138,15,128,119,107,63,50,50,99,110,165,208,108,56,74,236,53,6,247,155,243,16,156,25,97,225,81,217,64,217,101,153,47,26,190,87,209,150,232,20,200,150,3,212,191,20,47,6,173,148,242,153,182,1,206,138,87,221,82,245,38,114,164,23,4,197,148,62,85,1,224,74,234,53,45,86,98,69,222,19,116,82,186,129,42,49,29,88,165,3,193,152,156,151,234,240,221,22,108,105,114,157,244,255,103,57,4,162,201,84,178,153,227,90,237,30,90,176,141,173,196,168,231,65,187,155,53,84,197,111,153,34,0,107,110,101,127,119,104,166,146,253,186,157,5,85,86,181,194,153,236,248,170,246,243,34,118,104,186,171,232,224,78,176,98,99,82,116,41,39,98,153,252,209,48,116,94,197,115,124,113,61,3,109,133,189,156,27,104,125,244,11,107,143,216,97,175,224,38,160,245,123,96,164,143,250,15,146,15,78,201,17,123,60,250,9,181,98,215,98,200,82,246,215,92,174,201,139,240,235,179,180,38,144,66,6,184,112,177,214,80,15,210,123,40,124,88,214,227,195,102,123,60,77,4,168,201,123,25,214,86,233,48,63,60,253,35,147,44,51,40,56,239,36,103,190,80,226,100,233,61,24,81,82,196,149,3,203,134,255,189,64,13,37,99,212,92,171,217,14,26,105,120,4,218,254,213,5,221,61,58,25,172,177,48,53,116,120,242,253,205,21,103,200,104,141,39,89,167,119,74,209,59,59,226,212,85,145,22,242,4,80,225,17,125,83,226,189,31,27,146,31,48,157,119,108,246,99,66,74,176,32,207,193,236,107,237,104,246,77,70,92,25,226,135,153,99,6,28,219,158,85,48,157,87,42,177,28,217,162,73,84,50,153,101,1,44,170,48,158,84,50,151,104,246,77,70,91,29,215,169,51,150,117,88,218,80,200,102,96,192,38,210,247,120,26,73,196,48,235,172,84,66,4,249,31,76,136,22,109,103,155,150,40,108,161,5,166,55,195,159,3,228,11,213,158,249,9,204,98,68,122,175,194,142,64,65,70,51,100,194,151,15,189,203,169,12,218,91,192,150,24,138,74,32,177,242,41,134,75,242,18,198,191,205,151,56,42,87,212,96,229,79,233,29,147,28,130,83,3,231,30,121,105,150,236,235,34,52,63,10,201,135,79,252,195,225,197,153,21,175,171,245,63,22,178,212,77,134,180,0,207,114,179,221,108,178,219,71,253,247,37,131,125,151,57,39,96,185,163,238,48,114,171,13,225,59,38,134,109,180,236,41,87,206,107,162,20,174,240,12,176,216,119,163,20,206,157,6,192,167,9,238,54,99,200,121,104,159,224,203,76,201,82,234,198,114,147,224,135,209,115,135,88,175,231,105,153,41,109,129,233,138,127,81,236,66,37,100,169,235,19,158,2,0,3,202,120,115,128,125,136,113,174,231,33,113,151,56,86,2,243,24,138,55,53,52,81,18,186,203,154,44,82,232,78,9,233,75,11,176,195,140,46,37,63,241,220,27,130,231,49,56,237,98,63,42,98,199,97,210,169,215,110,158,238,161,97,250,226,55,83,218,75,26,164,233,27,136,88,203,115,130,84,3,249,232,33,139,52,60,42,126,88,205,114,131,118,170,9,244,30,130,83,5,249,17,207,145,32,115,125,68,161,204,74,208,107,53,37,90,189,166,201,104,196,139,136,207,124,110,163,207,135,136,57,72,17,149,171,67,83,214,81,242,33,162,27,187,202,121,110,175,252,18,189,177,192,150,24,135,70,44,108,146,37,132,73,252,227,75,10,180,184,173,223,102,188,205,116,124,133,121,163,30,151,23,148,63,75,46,127,119,108,141,46,71,217,80,158,52,87,201,113,101,143,4,29,15,186,178,215,51,93,7,188,190,173,191,46,189,230,27,126,97,222,114,164,11,220,67,9,206,150,71,34,165,15,164,230,34,128,131,102,209,103,168,17,205,110,141,68,7,194,143,57,38,99,177,203,165,3,204,115,143,38,101,174,255,3,200,121,107,124,248,199,91,159,1,95,35,191,41,108,156,24,111,169,34,107,178,210,81,120,222,129,74,246,6,234,64,55,102,192,158,249,253,4,243,35,153,48,66,14,176,189,166,27,178,190,157,20,152,14,179,234,46,73,246,242,16,207,127,126,96,188,209,128,85,218,94,185,171,220,111,161,240,3,204,110,100,129,43,45,40,55,63,222,72,5,215,108,190,123,182,69,25,151,39,67,45,151,13,205,128,71,151,128,157,247,238,32,165,16,209,140,58,37,125,141,86,244,29,124,98,179,180,183,194,176,236,50,122,151,24,139,69,41,133,105,204,157,252,223,56,62,71,24,185,177,199,166,15,198,167,12,181,181,200,164,21,178,236,60,29,124,97,152,1,172,179,200,133,42,64,210,108,35,219,219,203,34,49,251,38,89,251,25,93,85,175,162,202,116,10,202,131,91,217,43,167,112,150,30,146,1,244,67,8,220,86,198,24,252,39,88,207,134,96,180,186,194,161,240,6,197,162,0,210,97,184,178,237,58,38,103,184,173,207,109,182,208,97,178,196,144,81,17,217,114,172,210,93,212,134,112,186,223,99,170,212,90,198,94,149,36,47,78,220,84,229,52,77,207,186,55,66,27,156,227,77,54,47,103,179,174,98,31,191,146,36,143,84,7,222,91,205,113,168,7,238,53,99,170,215,85,219,112,170,213,92,225,51,63,27,174,246,242,0,217,83,16,203,151,43,87,205,133,120,141,76,16,163,234,23,119,7,152,230,252,237,191,135,84,157,81,114,144,50,87,177,227,118,113,159,12,164,127,200,197,126,101,220,87,208,103,181,180,188,168,255,215,81,231,31,137,94,231,68,55,86,218,68,27,170,6,233,57,61,26,135,69,9,224,97,215,120,136,70,7,228,87,14,226,73,249,233,27,129,44,42,48,32,79,230,189,177,184,108,229,182,198,143,63,250,7,8,186,196,157,241,152,127,161,236,9,183,193,177,236,64,72,35,117,115,141,78,24,195,191,191,149,18,158,8,218,89,228,45,75,4,235,73,45,113,177,204,112,149,55,99,228,81,243,250,231,36,97,180,219,115,163,33,147,36,109,178,237,43,121,130,77,235,20,169,5,220,103,159,223,207,66,232,247,246,150,3,190,145,42,62,10,222,59,120,255,234,36,131,48,102,236,14,201,141,32,10,38,170,209,95,205,161,40,135,100,205,111,142,95,240,56,95,229,35,109,148,35,164,7,190,158,17,160,247,248,35,140,46,76,246,236,25,186,202,172,5,226,51,59,58,86,247,39,147,57,39,93,190,172,0,238,52,56,41,52,64,207,161,16,159,239,235,251,190,238,157,17,175,224,22,179,4,197,165,249,219,219,181,254,211,86,210,114,163,20,207,153,51,68,8,208,138,89,232,62,58,38,97,177,211,131,97,216,82,222,83,11,214,129,140,84,218,79,25,174,246,20,195,139,54,58,33,115,153,41,140,107,189,167,228,71,31,166,23,172,206,104,158,15,217,101,212,88,180,81,186,129,43,91,81,77,64,166,244,6,220,35,142,118,113,159,10,169,111,248,52,50,62,48,108,181,215,113,157,7,190,175,239,46,120,162,19,152,12,181,179,213,144,81,12,206,138,58,48,124,140,99,215,106,149,22,151,23,191,173,204,116,145,32,119,121,158,37,100,167,224,51,21,112,93,151,232,245,3,146,45,87,226,77,27,101,250,119,130,92,218,42,118,187,162,14,190,142,195,254,35,101,159,250,10,233,70,53,80,232,26,151,51,109,182,224,78,231,28,129,98,215,103,199,133,74,25,163,235,25,170,215,83,221,90,216,74,246,248,231,35,147,78,15,217,104,166,232,70,53,83,7,220,64,19,154,18,184,191,172,210,71,243,213,56,58,49,38,76,175,206,0,129,249,92,183,225,103,117,13,134,28,89,198,14,153,245,232,66,33,70,221,24,102,124,88,252,21,196,72,81,115,142,54,76,212,122,178,189,188,181,167,117,229,109,136,67,57,101,224,109,171,213,84,238,56,104,204,144,66,14,173,212,86,230,67,47,131,124,123,110,139,72,30,152,47,113,151,15,169,223,56,68,56,89,245,34,147,30,129,130,125,139,91,228,39,94,187,163,199,166,188,15,152,21,252,93,85,149,2,147,244,147,199,206,107,191,182,196,181,216,96,226,82,240,44,101,186,215,102,181,227,70,23,195,12,172,222,92,228,57,66,14,167,185,130,39,139,69,193,8,171,189,174,227,50,59,12,72,215,40,54,50,219,85,215,245,208,62,245,208,63,242,215,70,52,110,185,104,239,154,26,147,53,26,169,36,102,193,165,216,227,155,74,240,12,218,95,183,181,212,88,208,103,196,174,200,125,100,162,246,34,140,48,72,20,151,19,163,22,174,199,125,92,208,139,73,30,128,90,236,44,81,229,58,39,97,187,207,103,158,250,228,2,169,178,229,1,64,4,209,201,247,136,252,205,51,20,51,229,114,125,134,95,203,156,21,167,11,221,79,19,28,126,107,182,216,120,124,118,115,122,63,241,220,26,97,139,95,200,58,158,232,7,209,121,112,128,59,186,128,47,34,107,33,103,138,70,22,154,173,166,188,122,64,13,224,107,194,77,66,161,5,210,120,80,7,11,179,219,87,195,34,223,129,76,251,30,155,2,209,120,107,151,22,189,185,167,223,61,27,151,57,100,218,111,162,246,240,23,183,236,69,48,112,131,75,249,227,48,104,183,175,202,147,49,66,18,161,14,191,148,21,149,36,134,84,242,1,208,61,66,232,139,36,113,233,150,169,151,251,168,180,83,134,142,39,132,114,166,243,32,155,29,141,81,6,225,64,55,89,238,26,171,0,0,229,74,35,146,46,110,180,50,58,59,94,233,41,115,126,90,161,203,77,25,155,192,10,162,215,97,200,129,78,210,246,204,75,204,123,21,123,102,169,200,154,230,253,183,137,18,148,74,44,125,29,208,246,4,213,111,106,183,249,232,59,54,38,251,86,27,124,90,206,150,42,85,220,98,175,201,124,116,117,114,125,110,177,216,114,133,63,22,167,9,234,74,27,167,233,24,160,31,168,16,195,170,211,90,199,141,73,13,202,124,99,205,152,59,71,22,156,3,236,57,81,255,235,19,154,7,190,115,84,253,184,29,111,144,138,179,84,151,250,172,170,112,47,148,22,186,199,144,72,35,124,133,104,172,250,24,157,35,152,30,157,20,169,4,73,247,255,249,11,221,76,7,191,150,236,233,243,39,112,65,149,62,64,50,70,1,186,61,246,204,73,245,129,94,209,109,132,103,186,125,57,4,162,229,85,10,229,230,118,3,221,73,17,132,107,222,55,79,253,209,247,95,254,211,97,218,113,170,245,253,227,82,2,255,2,203,116,128,89,241,55,83,246,11,182,178,208,140,99,209,146,58,36,106,156,0,238,64,65,71,35,141,49,76,36,147,86,254,243,250,230,37,100,130,40,54,88,167,78,218,80,76,108,39,30,102,104,117,17,75,63,20,186,209,126,105,188,207,132,87,242,46,110,154,42,134,103,173,239,51,93,205,144,88,250,246,21,197,171,228,78,26,236,13,189,195,187,184,188,185,171,208,63,242,41,106,82,86,192,126,108,169,223,52,32,11,141,7,154,4,77,216,83,218,42,47,34,72,213,48,31,111,183,229,84,152,96,71,17,174,228,11,213,159,245,19,176,184,68,123,172,202,125,133,108,192,193,149,21,169,255,245,23,174,199,128,91,201,171,2,206,111,159,249,237,19,202,153,8,189,164,227,49,105,201,156,29,135,67,47,115,162,1,209,96,179,204,154,28,166,227,40,54,88,166,82,206,117,221,186,64,213,66,211,51,214,252,45,73,27,173,228,54,83,9,232,45,113,174,227,57,75,30,148,39,130,126,198,126,105,191,202,148,41,116,122,99,132,33,74,208,61,74,8,120,226,27,107,163,3,209,93,165,127,50,24,103,157,133,59,38,95,221,92,181,157,186,128,46,66,63,77,28,65,102,51,78,248,6,166,2,23,142,74,10,170,111,250,47,65,11,178,210,131,111,183,228,73,1,207,123,136,99,225,106,195,136,59,35,119,138,72,21,156,6,233,69,56,101,211,95,181,201,159,34,150,51,100,166,227,49,71,34,137,99,223,66,19,193,199,181,220,63,20,153,7,154,43,47,184,156,9,31,245,142,234,3,146,247,138,225,125,94,233,57,62,76,21,169,10,209,116,170,251,247,40,142,65,66,37,122,155,52,77,25,162,4,249,87,204,128,120,152,41,105,177,195,137,20,195,156,188,23,125,71,15,190,160,242,230,185,131,38,59,41,248,223,86,113,93,152,229,0,175,162,200,116,170,13,221,255,44,226,66,27,156,229,71,73,249,9,204,99,67,123,172,202,122,138,84,250,15,175,204,153,65,70,44,79,231,36,103,182,230,78,15,202,146,32,125,145,79,18,201,161,239,7,197,133,95,234,53,90,229,45,76,11,231,64,67,47,70,255,215,76,201,83,0,176,52,40,101,12,44,231,222,38,39,56,201,37,178,187,198,178,234,37,135,106,190,168,254,12,219,82,0,0,78,232,44,117,168,1,226,72,254,215,40,55,10,144,255,179,233,44,13,36,85,190,171,234,27,128,61,180,145,251,189,158,138,32,114,114,186,139,13,136,22,108,107,139,100,221,106,85,42,233,43,96,204,83,251,45,76,15,187,150,170,71,70,253,228,81,15,219,108,154,13,212,125,135,103,158,250,237,23,198,176,195,143,62,27,135,67,43,111,133,69,11,184,211,135,114,153,34,119,115,160,29,171,0,247,238,9,185,168,183,137,95,147,138,39,106,253,91,91,130,57,240,222,214,255,37,97,213,128,105,167,1,255,250,244,26,183,213,100,201,166,5,211,127,141,88,221,99,228,168,216,99,231,81,240,27,133,69,225,13,136,22,191,169,150,139,33,90,217,98,179,184,149,172,171,173,166,245,195,141,42,27,111,147,202,82,186,129,42,76,33,165,19,91,23,34,130,90,223,26,168,40,91,226,66,0,107,5,14,164,242,55,87,234,63,73,253,219,94,245,36,154,43,128,81,226,51,59,57,88,250,7,244,33,116,127,134,115,165,31,159,246,244,254,213,84,243,51,105,210,148,59,38,109,200,165,9,244,27,130,75,243,13,215,103,195,139,50,25,175,163,93,176,207,206,231,183,110,118,55,7,90,114,202,113,158,27,174,225,104,180,206,166,10,201,163,1,224,82,0,255,237,65,47,95,243,34,132,130,208,96,195,177,239,22,168,222,56,5,160,34,130,12,38,79,209,116,145,38,95,159,144,253,184,135,74,166,194,126,95,192,117,109,172,219,100,80,219,116,174,249,170,42,231,50,74,14,142,75,60,31,151,36,90,94,44,152,6,205,163,14,171,214,105,153,12,181,227,84,215,82,229,31,119,131,120,157,23,171,238,18,156,21,196,188,191,182,213,82,220,64,38,144,62,71,6,197,173,247,240,6,214,83,224,58,74,16,162,237,14,168,184,135,101,130,191,135,73,97,45,230,225,28,70,219,221,232,104,161,45,117,140,106,200,145,84,244,13,230,77,4,1,241,21,205,158,17,214,108,167,28,254,215,95,217,107,161,6,194,139,13,137,102,179,121,226,28,104,172,231,36,101,140,201,83,180,145,30,17,203,150,42,66,180,148,243,213,48,31,110,188,213,132,7,19,44,98,186,191,122,136,134,65,49,86,198,24,253,38,93,184,177,233,55,48,72,22,148,29,130,103,157,251,227,61,72,19,198,137,66,66,43,83,221,80,229,39,98,215,122,100,170,220,63,44,123,147,65,71,27,141,45,96,222,107,184,210,134,65,15,168,218,33,75,204,151,236,130,64,29,228,166,124,32,95,125,54,206,20,230,31,156,58,77,254,252,2,241,18,191,181,206,121,138,85,242,14,209,158,39,110,175,2,75,240,18,190,196,186,180,207,105,151,233,244,209,59,80,246,176,59,16,140,66,39,102,161,218,222,21,110,99,168,107,159,29,127,95,96,143,1,170,176,159,237,62,79,21,87,37,249,253,233,51,31,153,83,218,102,184,161,138,168,36,99,165,233,64,56,44,85,243,13,173,209,102,194,140,45,77,1,2,232,76,247,246,28,177,254,10,213,93,195,180,229,86,245,18,157,253,227,37,101,190,199,153,38,129,90,198,154,51,91,233,46,71,253,223,75,33,139,96,182,175,160,25,99,27,115,134,169,85,108,79,210,35,68,163,149,98,173,239,41,127,104,190,187,185,186,200,162,12,191,184,204,134,83,253,3,241,18,192,182,43,81,241,31,153,57,58,64,21,148,244,212,51,21,193,163,168,83,199,103,176,221,66,10,158,146,248,198,93,185,68,48,41,84,169,179,149,240,223,17,123,89,249,31,166,161,69,150,37,113,154,234,55,121,103,191,171,197,29,240,78,229,45,131,117,119,114,144,36,107,153,47,103,158,250,235,12,188,219,103,160,249,2,206,109,144,69,27,130,77,238,29,171,236,61,34,121,156,22,147,32,142,41,93,199,180,221,60,29,126,89,163,198,168,183,30,108,155,107,18,55,238,247,180,144,190,69,83,222,112,177,208,130,104,177,214,137,99,193,195,161,10,240,118,112,146,61,55,63,45,79,230,254,182,142,5,159,36,122,35,228,22,123,118,139,56,41,66,165,192,110,99,184,115,162,255,202,152,242,249,13,216,50,23,133,118,166,16,100,252,115,143,51,84,187,197,209,96,211,111,121,0,70,75,237,11,199,170,3,240,49,93,191,158,40,141,91,253,1,206,107,152,18,197,173,242,35,133,71,254,238,48,108,184,226,92,191,153,15,167,247,34,151,65,58,79,233,34,160,32,169,254,241,0,211,91,193,108,107,110,175,161,98,160,254,66,141,199,63,3,145,250,129,252,44,75,19,199,172,222,90,242,47,86,243,36,146,46,105,185,192,163,12,217,102,177,224,84,240,20,184,207,137,71,31,160,31,135,95,225,92,208,133,110,254,217,94,233,61,44,103,162,237,56,62,215,199,107,125,111,158,255,211,68,161,204,75,206,103,52,97,232,67,34,88,139,14,132,33,75,233,73,47,117,52,141,192,168,232,54,22,179,5,196,166,246,230,185,27,203,109,148,73,26,135,69,31,119,115,129,129,123,97,179,194,151,58,38,103,199,169,217,77,244,29,123,100,176,201,159,46,128,143,87,217,76,21,202,164,18,194,141,43,85,211,53,93,153,121,92,203,217,198,27,65,254,160,204,11,94,6,198,187,201,137,87,238,34,126,119,146,73,7,221,91,220,80,3,233,53,76,41,122,118,143,69,119,108,161,26,180,198,151,15,164,194,106,113,172,227,234,142,22,122,118,137,63,19,132,224,13,134,28,140,234,9,154,250,4,169,180,146,249,196,98,166,19,209,142,234,105,42,104,169,242,226,79,50,61,61,50,48,219,181,254,213,78,237,47,101,199,186,215,90,203,147,62,85,5,228,37,98,174,220,104,178,230,40,100,212,120,153,44,84,215,101,216,138,114,167,222,59,41,82,228,89,243,250,236,46,74,248,247,30,120,106,150,36,145,55,85,216,76,203,76,22,110,252,210,103,6,63,176,130,59,234,238,164,146,108,141,75,15,193,168,17,183,196,189,188,183,232,69,28,187,206,120,136,92,54,46,91,231,75,32,133,95,184,170,177,154,224,15,211,110,71,118,94,164,250,255,223,53,29,22,107,108,105,156,164,243,235,13,203,135,6,155,221,24,101,156,49,118,162,176,26,25,155,17,187,135,96,255,214,115,145,22,42,199,200,118,108,156,60,79,233,30,146,30,126,98,223,77,234,20,152,28,169,239,48,75,248,25,183,176,200,151,15,169,220,86,208,102,169,210,98,206,127,89,205,131,75,245,249,3,202,116,119,124,127,106,178,193,144,253,184,212,52,167,207,112,234,147,178,126,70,199,87,106,64,96,177,226,83,12,194,177,229,72,13,206,142,82,239,39,129,117,132,105,193,191,168,254,255,250,247,18,194,4,198,146,64,63,62,42,109,142,41,53,17,124,140,66,203,234,3,179,203,139,58,34,85,109,103,121,67,28,74,5,191,61,247,202,80,190,117,80,190,145,81,21,196,73,76,130,96,193,169,188,194,216,74,21,170,201,15,25,211,87,218,124,137,93,239,11,177,218,124,139,90,224,51,59,40,90,220,107,189,197,181,229,40,98,215,120,149,75,34,109,142,47,70,22,190,207,149,64,51,63,30,166,25,186,198,158,249,230,35,106,112,95,145,71,217,186,152,23,248,106,46,10,161,182,138,209,13,251,223,88,244,39,111,168,253,247,254,251,5,234,40,127,118,218,66,30,153,43,117,134,92,195,139,15,130,40,55,9,147,73,12,109,6,176,172,225,74,251,225,25,32,78,196,97,185,81,218,92,132,36,68,227,4,161,203,76,231,80,25,184,109,224,198,149,35,134,38,131,149,18,189,178,178,85,69,76,233,18,157,17,192,182,224,92,241,3,205,138,88,249,14,217,71,252,223,70,36,124,130,84,223,106,202,162,40,138,58,37,125,144,85,244,30,149,18,158,0,206,113,171,252,3,242,40,100,174,245,29,155,34,146,29,124,96,201,173,233,72,253,219,29,87,169,254,180,40,78,243,97,46,226,237,249,176,156,154,178,11,175,233,71,45,93,222,102,211,105,185,217,123,113,162,27,2,202,133,107,203,155,19,181,182,175,162,202,82,185,130,40,137,77,171,73,230,11,197,156,7,189,132,223,16,127,50,66,167,200,37,63,241,218,32,78,197,96,143,30,170,11,224,243,80,118,132,86,236,244,24,215,78,9,205,97,71,112,205,103,166,10,215,109,183,226,56,52,96,218,128,124,123,96,181,188,155,5,226,81,19,198,158,3,207,132,105,193,179,214,82,222,59,48,101,186,198,136,66,59,95,227,69,9,184,193,186,219,130,122,100,168,222,55,9,224,14,27,116,129,184,41,240,195,118,57,3,102,79,54,47,106,192,163,8,213,100,200,237,11,197,180,224,69,32,118,112,94,147,245,208,63,241,218,113,146,218,189,140,26,150,43,91,193,120,96,142,13,186,175,172,185,102,168,114,42,219,77,228,88,1,1,146,114,17,181,194,168,191,185,242,252,254,237,255,110,251,44,74,246,11,234,76,32,166,19,159,1,6,247,38,150,49,64,23,151,20,189,200,157,30,157,5,200,161,28,160,34,156,254,219,73,5,1,11,235,46,77,237,39,155,60,93,229,35,104,156,255,254,180,40,76,250,76,109,38,33,93,131,37,0,126,168,219,102,201,169,233,60,66,37,116,154,41,121,120,142,80,17,176,227,76,25,154,40,129,205,106,165,5,236,41,105,176,198,128,127,105,85,75,225,26,150,43,90,162,111,108,158,4,172,186,99,180,71,129,197,124,145,85,171,108,107,111,98,227,98,133,180,168,230,138,180,79,165,209,40,53,207,18,236,11,209,126,112,149,55,88,239,21,182,216,105,168,252,6,233,42,120,146,58,54,81,8,233,41,121,144,65,35,157,47,85,244,22,170,229,69,47,117,131,108,182,206,123,133,110,174,216,107,186,212,103,192,190,11,175,215,113,171,6,211,116,121,102,124,59,254,180,145,70,220,175,184,184,20,20,49,2,187,104,116,18,72,73,244,30,172,229,51,95,231,58,53,89,247,5,214,118,161,17,177,229,85,235,35,141,94,222,72,31,166,73,247,6,255,3,219,90,198,128,120,63,136,44,89,49,191,47,7,173,149,239,162,153,86,207,135,88,225,70,52,164,228,55,79,19,204,128,105,153,8,217,9,14,60,51,73,19,126,123,172,205,141,66,0,107,3,19,148,18,163,20,205,139,93,221,69,10,224,113,191,207,143,38,98,175,212,120,128,116,125,102,215,135,116,175,248,240,4,224,105,208,150,71,17,159,248,243,246,253,23,186,166,229,61,30,125,101,215,105,152,9,186,179,213,103,182,3,200,101,61,248,198,92,244,47,32,229,24,151,118,240,155,193,124,38,60,188,74,66,10,216,117,147,42,124,145,55,62,62,78,11,196,173,4,250,246,16,191,177,209,132,121,156,16,201,172,230,49,104,210,125,110,175,251,92,190,168,2,7,233,41,114,126,88,165,192,111,97,141,9,148,241,218,32,153,228,152,253,232,132,196,32,51,40,36,66,169,132,148,21,183,214,131,89,238,63,47,87,243,33,149,38,134,103,192,163,12,214,125,108,179,219,169,213,100,200,166,7,206,127,88,204,75,22,101,22,131,86,57,167,118,49,44,21,109,40,7,13,170,250,13,205,126,123,138,179,185,185,204,160,17,177,215,81,225,80,165,57,187,182,191,176,166,2,24,139,81,244,235,170,71,71,250,223,53,73,34,170,11,224,87,217,73,13,208,125,118,146,65,14,168,219,87,0,238,60,38,97,202,169,247,23,184,210,99,182,227,74,40,145,56,41,90,204,117,157,45,78,237,37,100,172,213,111,134,65,99,168,196,31,81,187,126,144,91,155,114,111,144,138,180,80,162,219,10,144,190,70,80,224,86,254,245,4,238,65,55,62,63,75,19,171,247,35,148,39,133,126,135,77,16,216,120,122,137,104,179,202,154,59,67,25,174,255,246,3,243,50,85,227,73,21,175,214,115,167,15,184,210,149,64,36,140,95,207,119,148,77,7,205,145,84,246,2,241,50,102,177,228,96,228,56,82,21,13,172,229,89,249,248,1,210,92,230,254,75,227,53,156,126,244,184,152,210,54,205,25,215,76,16,197,169,231,67,68,55,62,59,64,46,89,232,61,74,6,225,77,6,209,129,112,159,6,226,76,98,171,228,73,30,151,31,141,47,69,41,42,198,114,135,165,98,70,194,122,45,39,251,143,115,120,143,72,19,170,249,19,12,173,229,98,216,93,214,83,217,102,98,1,98,193,159,15,137,90,16,162,13,194,128,234,136,132,66,9,184,198,184,205,157,36,127,89,213,139,84,18,212,122,99,169,218,85,248,1,244,254,227,95,208,102,166,247,239,11,186,205,136,58,39,102,166,8,230,87,235,39,99,171,232,66,54,99,211,134,63,21,231,29,102,59,253,182,140,100,221,22,2,190,165,77,107,42,22,127,29,86,110,52,133,69,50,106,171,3,227,66,66,40,116,180,233,47,125,219,63,40,128,107,162,6,195,138,16,125,55,10,143,1,171,173,169,181,145,252,185,132,111,99,27,117,128,189,28,26,70,238,209,58,193,62,104,153,43,112,159,6,233,81,4,216,107,177,227,58,71,29,154,23,175,228,148,22,160,19,191,175,215,104,157,252,187,124,131,29,238,253,232,131,200,19,90,179,130,39,249,147,103,161,41,131,91,229,83,71,253,236,50,98,201,137,81,227,41,117,52,140,193,163,248,5,167,0,32,115,154,27,119,6,52,128,79,224,63,78,18,207,149,48,72,251,254,19,195,185,215,98,173,204,113,146,73,18,202,124,108,193,147,31,152,43,83,222,66,50,59,36,111,128,82,245,35,140,86,5,205,107,171,3,248,29,147,25,136,61,44,115,143,69,88,202,93,178,152,240,16,174,175,176,130,88,105,50,193,249,226,97,231,243,147,246,206,69,25,83,204,123,201,247,136,250,209,38,60,188,76,62,23,173,242,44,94,220,106,176,212,122,149,69,20,183,211,120,123,132,118,149,37,132,111,167,238,42,128,123,114,160,35,157,12,209,143,89,217,108,193,186,186,218,112,146,58,68,43,99,203,155,34,126,122,142,82,238,42,131,118,129,115,169,12,192,179,225,78,250,7,235,57,58,74,34,217,70,20,192,185,186,189,207,23,201,123,136,105,152,20,186,165,232,31,147,46,71,1,208,121,53,40,103,5,65,169,151,251,169,178,90,114,202,119,164,26,151,45,109,181,203,177,243,11,208,130,114,141,83,6,217,126,126,106,181,214,121,119,139,85,6,208,130,106,2,202,137,93,204,137,107,64,77,247,37,159,37,149,69,9,184,196,188,217,115,167,253,219,68,241,153,228,3,166,248,181,166,237,117,243,146,220,45,20,113,29,42,165,234,77,9,200,154,41,128,98,205,148,63,37,133,108,178,205,141,79,86,208,116,156,40,117,133,95,234,196,193,143,62,77,24,188,187,165,238,60,76,31,144,34,111,134,87,152,254,230,139,177,88,139,32,60,250,128,255,36,102,193,175,231,46,107,185,213,102,197,171,249,249,10,219,112,148,58,76,22,163,13,204,134,81,2,244,29,139,86,254,247,254,251,2,240,20,188,195,164,249,11,217,110,154,39,136,107,164,12,210,119,128,118,154,126,87,223,87,238,31,134,89,251,144,93,194,176,225,49,70,32,118,119,115,152,35,106,152,10,204,59,22,158,99,41,241,193,125,35,70,158,165,52,53,85,254,250,244,29,178,229,52,92,242,32,130,113,178,233,42,124,153,57,55,81,17,207,118,149,67,37,115,159,42,121,122,139,102,196,150,55,99,22,143,53,90,0,251,243,22,197,50,120,117,159,16,194,177,195,138,74,38,151,45,110,136,60,7,180,147,254,231,43,56,21,84,2,220,28,45,92,193,100,158,42,138,126,53,20,147,53,6,220,39,112,103,3,40,89,112,54,26,41,61,173,153,9,211,76,18,79,142,44,6,169,177,204,238,44,83,159,26,139,63,252,230,70,221,94,73,123,223,45,108,133,12,216,89,165,147,40,94,199,73,233,59,213,252,226,229,14,130,87,93,14,164,122,92,241,55,121,91,225,40,100,57,170,124,111,135,248,69,128,87,71,117,4,87,74,153,123,29,215,170,49,156,90,31,209,186,255,50,152,101,0,47,162,71,90,33,203,205,200,213,175,34,200,215,169,51,148,115,214,173,41,180,18,249,66,103,248,70,93,24,229,126,180,19,245,78,68,109,112,145,43,55,26,70,36,106,188,168,212,120,112,154,203,142,15,145,176,144,21,3,52,151,65,247,222,192,103,151,197,71,55,144,24,178,203,124,68,240,195,167,124,89,252,220,202,130,80,229,14,187,177,140,23,123,232,240,253,148,220,119,4,115,166,15,189,154,48,110,167,162,9,88,232,6,203,27,159,161,38,18,140,73,1,1,182,218,94,138,78,218,80,75,111,31,56,25,79,193,45,248,58,37,145,69,27,189,205,130,135,106,173,6,238,33,173,255,236,74,118,112,149,54,77,254,244,237,45,70,12,65,245,2,216,48,45,10,213,86,250,236,6,225,53,74,186,192,130,102,104,116,247,128,113,124,62,171,4,142,186,30,1,177,109,137,199,140,28,213,75,31,140,45,121,148,53,250,202,169,160,132,193,24,109,59,30,9,198,112,207,131,55,54,215,85,108,62,196,55,250,172,97,42,219,34,27,128,228,54,31,255,113,117,157,23,95,189,52,230,169,226,78,226,54,194,115,135,73,222,35,42,118,115,161,249,225,81,231,53,249,3,144,224,48,168,77,85,95,107,102,63,178,152,123,95,171,255,236,13,218,115,155,200,164,3,173,22,121,91,223,234,73,236,27,234,148,176,131,57,240,221,218,242,74,242,30,157,32,131,108,194,191,165,6,236,54,66,45,115,159,7,225,96,214,96,213,128,121,121,137,92,226,61,66,63,127,84,231,65,70,52,73,18,158,247,23,168,189,247,15,168,227,222,54,47,59,65,7,199,14,143,52,65,244,225,238,41,90,237,19,146,63,28,149,218,96,151,5,155,12,75,240,241,137,216,199,176,171,195,50,96,183,91,176,116,140,25,238,70,240,8,36,227,179,154,171,93,181,212,45,174,7,173,5,203,235,134,170,79,128,74,104,13,161,202,133,238,151,91,88,225,28,114,153,186,214,55,32,27,163,237,183,157,172,227,20,252,18,107,184,154,252,206,15,179,183,131,157,7,193,121,153,248,239,111,1,89,167,129,217,64,52,14,12,212,240,29,163,186,206,244,232,57,45,89,171,153,56,92,194,70,55,240,31,89,124,130,230,60,70,209,139,188,144,65,20,164,187,50,68,30,103,151,48,73,14,125,143,226,90,165,231,93,171,11,185,33,229,141,166,124,85,71,111,150,108,72,253,212,68,4,190,186,157,6,83,193,160,0,185,146,221,93,190,195,147,18,191,156,20,92,218,52,79,129,224,56,25,60,48,68,153,59,233,188,88,139,95,171,234,6,255,186,172,175,83,93,36,217,217,102,133,130,61,70,237,183,42,250,156,5,123,81,225,15,238,254,233,196,22,220,212,108,121,90,224,230,83,160,148,206,39,139,40,115,107,197,84,253,203,107,129,244,3,198,88,29,134,65,247,31,90,204,79,114,2,54,164,120,134,36,140,200,150,55,253,7,74,230,63,28,141,16,107,194,191,154,189,194,14,138,37,43,117,12,201,159,198,172,89,184,201,124,107,103,46,81,247,220,55,78,237,33,68,60,219,112,98,175,3,186,209,76,153,131,240,187,168,148,9,187,128,153,24,229,221,61,18,139,46,64,50,54,59,178,161,253,232,1,187,98,207,104,195,146,20,183,179,209,38,124,70,241,175,209,222,238,190,174,252,199,125,254,82,101,48,209,251,0,192,165,193,207,39,229,197,33,241,183,137,69,208,80,104,144,73,6,205,82,198,63,64,249,67,173,228,80,250,209,104,132,1,37,112,133,43,133,44,78,140,168,99,56,187,62,57,21,166,187,179,232,64,15,85,239,198,8,94,84,88,129,40,103,106,128,208,145,64,12,167,165,16,122,153,179,170,234,13,197,120,221,254,95,88,103,31,46,35,118,61,7,59,67,3,211,27,173,248,0,209,142,86,239,204,155,203,145,23,150,161,213,97,188,132,48,1,241,1,247,246,233,55,51,82,163,4,175,221,41,213,251,225,225,33,90,186,68,101,214,54,1,43,88,196,119,47,81,154,68,201,25,138,45,103,147,169,110,14,160,247,146,53,92,215,57,47,47,255,40,100,168,195,188,145,44,182,46,227,234,2,149,238,165,145,111,137,106,177,212,133,92,210,139,84,239,67,57,57,70,29,150,42,146,72,19,215,127,103,187,190,5,196,153,44,121,136,76,5,199,189,92,96,181,172,234,11,65,165,103,162,21,38,123,129,91,191,154,183,143,22,155,46,30,113,177,209,255,103,160,196,219,76,240,236,9,179,192,186,213,122,143,61,39,100,207,151,53,94,206,103,156,255,230,70,24,173,9,156,208,189,160,235,2,142,52,237,2,239,0,222,203,86,224,63,252,201,56,77,240,45,86,202,149,26,155,199,154,237,3,104,109,183,130,8,198,49,114,99,190,163,208,237,188,161,225,26,212,88,230,225,209,119,114,231,171,120,5,207,83,108,21,84,216,102,145,20,216,235,156,132,119,236,177,33,110,163,179,85,115,12,80,243,46,83,178,63,246,137,20,114,87,244,5,206,77,214,16,208,55,40,142,45,241,25,176,220,43,91,170,141,126,98,173,180,233,11,189,5,67,164,168,199,69,223,211,7,11,174,238,62,69,21,185,217,111,150,53,102,199,142,79,35,153,25,174,4,240,19,193,201,153,23,179,247,32,131,113,182,34,108,167,19,183,189,178,192,210,67,30,130,52,192,68,9,168,197,206,74,142,3,166,190,201,91,233,171,231,46,100,148,136,252,130,99,176,46,213,249,128,94,168,110,16,87,248,5,149,25,242,68,237,6,174,245,33,82,21,82,218,62,7,201,131,72,33,98,31,102,149,87,109,21,25,184,43,245,74,30,148,233,252,220,64,39,131,111,172,1,250,240,4,218,104,193,184,223,94,184,171,210,112,176,220,124,141,92,162,37,46,92,172,231,67,23,128,107,140,56,40,95,39,37,0,116,8,92,207,154,16,125,213,127,112,83,189,156,24,193,180,218,109,162,243,7,245,24,172,246,4,198,146,73,38,120,104,199,170,245,187,209,30,87,197,141,190,127,100,177,164,208,33,145,36,144,42,78,11,184,192,87,231,15,218,73,191,250,237,130,240,140,119,160,180,46,155,102,156,146,14,63,216,171,28,127,111,77,119,227,216,71,15,161,120,41,76,193,134,63,48,5,63,130,199,42,40,112,70,173,27,131,101,101,79,232,160,184,186,109,136,79,147,201,119,136,34,135,73,173,103,85,184,37,100,193,130,144,53,181,44,9,184,34,48,127,54,16,60,249,195,102,200,137,67,240,237,202,157,189,150,68,32,90,183,95,195,8,111,59,57,89,187,174,48,192,43,19,136,3,165,129,252,45,74,23,177,221,78,14,215,128,99,199,142,78,24,174,217,107,181,216,91,231,72,33,129,117,157,37,118,149,66,63,39,130,123,221,59,52,87,244,39,110,162,238,71,241,67,26,5,60,219,67,127,24,201,87,223,98,212,38,138,185,138,35,110,140,80,0,252,233,245,191,170,194,165,9,196,119,134,58,45,75,246,42,85,232,61,73,31,164,5,206,104,174,235,63,62,73,23,143,56,86,247,187,218,1,210,148,12,33,48,187,244,90,193,36,87,99,107,241,63,65,42,37,125,77,246,89,72,149,211,72,196,98,72,166,46,145,30,136,97,232,73,8,213,51,210,56,6,155,41,39,152,199,129,136,69,194,157,43,24,252,165,111,251,145,28,145,26,14,103,146,239,238,51,85,166,197,131,92,224,86,248,38,135,74,246,4,231,65,49,96,213,82,238,54,87,154,48,223,76,8,176,51,250,96,30,244,165,182,197,72,167,31,160,12,127,87,103,183,213,35,149,175,220,89,173,248,138,82,252,210,73,166,124,59,252,186,205,59,92,122,103,213,79,120,128,98,198,100,215,192,85,128,86,87,147,42,30,116,138,227,207,145,59,243,255,64,107,192,203,100,210,133,18,215,9,187,218,84,123,237,19,151,13,190,161,232,52,42,199,102,188,171,137,212,14,140,156,40,117,70,2,100,192,186,118,170,144,37,156,13,80,109,148,22,145,52,63,13,198,103,208,7,175,200,111,180,230,56,41,133,112,162,180,223,223,22,138,61,173,178,202,129,53,29,59,67,11,218,76,232,60,36,127,29,151,241,11,187,146,228,214,106,18,208,35,11,182,158,170,129,83,106,108,156,219,3,167,27,104,172,204,115,168,185,92,113,94,44,164,36,88,7,188,67,48,84,224,198,33,87,129,87,205,54,111,108,153,21,166,161,185,156,199,110,24,104,216,11,40,242,39,77,227,14,105,173,218,211,45,124,58,6,89,162,201,84,254,232,40,66,248,170,5,158,241,50,86,183,159,166,236,141,224,232,49,114,112,141,147,153,161,176,177,135,24,40,8,9,181,215,130,125,109,174,249,16,179,221,108,176,211,128,134,89,216,112,186,199,144,74,42,117,133,108,203,160,3,241,58,68,24,178,245,109,137,80,26,166,242,21,150,79,167,126,93,168,139,222,61,172,166,238,227,233,243,218,221,24,103,122,148,0,9,100,137,36,86,213,97,148,222,81,200,225,207,247,242,207,186,175,200,98,167,216,84,6,218,69,6,213,86,213,86,229,36,101,165,249,27,159,42,149,252,240,2,210,138,18,83,140,13,32,191,193,170,167,193,149,57,82,21,200,172,216,80,7,230,90,247,25,135,61,44,123,145,9,238,181,152,248,220,66,24,93,75,14,212,125,114,93,34,11,66,17,114,209,106,150,248,230,38,134,110,164,7,222,66,17,198,175,225,82,252,223,55,107,131,134,63,186,203,131,83,109,44,54,228,46,72,185,210,121,58,63,254,236,13,177,236,237,192,68,226,158,66,55,72,205,79,237,53,93,221,92,213,89,201,142,80,10,214,115,142,41,89,170,111,97,139,13,220,39,146,200,93,168,202,120,119,74,153,248,237,255,60,190,41,91,147,109,150,19,131,69,10,220,95,184,175,217,73,251,229,55,45,79,36,75,251,240,20,85,158,238,211,74,132,24,182,205,62,50,36,121,103,161,29,90,121,24,102,20,226,88,230,243,221,60,51,94,231,81,5,219,71,3,238,55,96,214,102,160,241,18,202,166,200,177,109,110,116,104,158,5,167,152,9,176,202,104,3,105,41,93,141,127,97,176,170,207,97,186,217,110,137,59,55,47,73,251,247,236,14,170,234,74,18,209,159,182,41,240,46,55,38,69,197,154,20,39,49,112,84,1,236,225,74,219,76,251,243,186,109,128,27,112,19,107,187,188,111,161,216,93,188,165,17,124,19,75,205,222,131,116,146,239,232,33,149,45,79,234,41,89,203,117,137,56,42,52,20,142,49,209,229,203,128,86,226,215,223,150,121,213,155,17,68,93,232,48,58,53,81,2,187,72,202,46,84,102,242,12,113,143,44,96,174,154,20,57,125,128,92,148,70,33,105,67,53,73,9,209,71,49,104,158,3,193,175,145,7,206,117,89,178,124,127,78,1,248,5,192,143,249,195,101,127,49,28,89,191,201,174,18,122,74,3,214,55,24,74,20,99,61,54,7,153,226,8,149,239,226,8,150,236,8,237,238,16,209,154,57,102,212,98,181,225,103,209,159,38,95,151,244,4,209,68,242,189,196,150,33,103,147,8,140,208,102,219,23,106,112,93,180,232,80,45,40,63,37,112,105,129,16,197,134,105,161,231,62,31,140,245,14,144,63,23,38,60,172,196,36,253,130,211,8,124,92,182,208,90,206,17,123,60,7,206,106,195,178,233,54,190,128,98,183,148,2,141,77,239,47,80,221,94,191,172,149,46,57,83,189,61,163,154,198,103,109,169,135,4,232,12,171,199,158,240,13,84,178,167,239,9,229,75,30,148,162,112,104,170,225,20,129,15,200,127,127,94,177,223,59,57,238,35,42,220,191,196,253,110,6,30,172,193,153,138,20,193,127,102,136,226,179,52,196,4,197,157,238,72,8,86,131,101,193,101,55,205,123,27,130,102,145,46,223,220,168,64,167,211,7,91,75,40,179,154,159,210,57,2,240,0,129,106,134,75,119,79,17,144,51,34,19,31,240,145,146,75,16,155,250,170,239,247,245,118,82,8,171,227,18,67,145,156,141,171,26,108,130,102,76,35,40,137,65,12,182,126,114,121,99,68,202,231,18,222,72,149,196,162,12,132,216,234,35,51,101,191,135,69,134,32,159,231,47,47,237,146,152,153,134,138,29,111,159,163,30,55,92,200,118,103,46,81,5,220,64,9,205,19,133,75,186,21,132,87,101,76,88,48,213,74,162,138,191,204,191,183,165,236,159,212,80,237,156,129,53,67,21,120,85,148,55,48,107,154,255,248,242,20,91,221,47,81,84,171,9,218,23,145,18,55,20,201,92,181,122,100,162,238,161,225,249,244,102,160,12,161,19,118,108,6,81,103,93,189,184,115,57,62,234,73,253,213,60,201,158,207,70,154,225,13,136,98,187,172,180,162,173,242,253,222,30,112,181,229,75,12,216,118,140,50,72,178,238,237,255,156,254,209,95,79,214,24,152,118,80,124,60,251,189,196,150,28,101,142,233,55,48,37,62,16,213,116,112,156,41,115,118,111,148,238,11,182,213,207,254,181,144,254,254,215,253,253,222,28,174,232,19,145,228,65,210,228,167,13,34,253,88,42,140,48,51,57,66,0,246,206,101,29,11,56,233,22,172,151,205,131,26,186,169,209,73,161,21,107,137,88,194,151,161,139,14,131,37,140,63,34,81,202,52,88,191,83,211,139,96,216,103,199,168,246,246,253,148,73,233,59,255,210,214,225,182,108,111,30,83,182,140,82,218,243,36,122,130,37,139,64,35,96,168,202,71,160,246,42,99,124,85,206,253,12,206,98,164,149,172,170,177,156,217,34,72,215,117,129,95,174,189,138,7,95,187,221,77,190,141,38,244,240,53,100,209,136,92,85,110,100,131,37,132,65,26,22,113,121,112,20,27,39,110,139,236,106,16,175,92,53,198,30,21,19,16,95,16,253,55,136,150,108,234,113,220,153,99,5,32,208,191,241,91,28,218,161,76,74,79,64,109,230,124,188,251,60,123,191,242,87,40,181,14,4,33,204,202,207,192,238,99,4,34,200,213,185,151,39,79,6,140,135,99,182,167,11,127,142,42,124,103,150,50,66,36,53,49,33,8,150,237,232,67,23,152,241,235,209,147,61,5,207,130,59,230,91,194,159,28,189,209,130,115,132,71,17,199,189,207,136,95,181,148,177,155,221,24,190,193,140,48,70,172,179,250,249,3,161,252,149,12,192,175,226,43,52,105,67,13,179,83,242,38,140,23,185,193,97,217,93,215,38,111,59,24,155,31,147,24,110,178,77,236,246,243,225,200,149,62,68,246,230,61,7,198,41,138,85,188,170,242,234,217,128,83,239,48,111,177,242,22,150,23,183,218,114,178,213,85,203,145,23,85,2,228,24,171,157,87,238,240,14,136,61,53,79,8,204,155,52,90,174,213,113,109,81,106,183,149,31,147,10,105,166,251,252,250,5,188,170,103,55,11,142,3,245,3,174,180,194,83,19,156,38,105,143,71,4,221,11,176,164,127,48,30,83,181,143,1,172,244,242,170,226,228,32,133,96,207,98,143,90,112,132,75,137,80,11,220,39,142,71,247,232,203,10,143,0,173,167,184,135,25,98,135,25,98,185,94,176,211,118,143,36,73,44,250,230,39,246,11,218,111,121,155,183,150,161,249,227,35,132,68,168,252,215,104,141,121,250,250,249,243,231,23,111,193,147,66,21,140,79,235,39,42,135,47,108,119,56,146,90,113,121,107,61,217,40,59,188,122,64,239,226,8,150,235,236,235,238,227,5,158,212,49,100,164,148,70,49,119,126,10,232,13,213,62,226,148,85,130,70,4,115,54,18,240,22,3,187,172,54,176,93,125,74,189,118,13,88,24,143,92,224,73,42,120,127,136,96,200,177,230,53,106,22,144,52,95,215,95,208,90,243,25,129,72,193,189,178,186,210,138,85,155,35,98,183,62,177,154,224,15,130,39,56,6,157,215,40,54,13,134,28,90,173,221,64,70,242,30,143,76,25,177,213,111,166,230,13,181,189,182,91,240,30,118,152,47,67,218,102,152,5,187,165,138,94,191,128,90,193,79,128,46,38,62,245,206,67,229,254,180,146,248,199,90,159,209,135,77,249,206,83,153,48,73,228,47,240,221,22,107,137,106,177,177,230,11,126,193,204,26,124,98,89,131,48,150,22,123,105,65,234,240,222,19,196,163,188,185,153,48,44,26,236,77,151,6,196,50,248,208,150,184,150,25,51,22,109,102,124,138,80,181,205,91,234,255,160,91,1,126,82,225,220,251,199,165,118,130,52,60,53,83,246,246,151,249,240,172,248,6,146,55,33,123,202,244,145,224,32,57,1,109,57,117,189,153,24,177,250,9,200,146,253,118,76,201,84,180,148,243,212,50,25,101,128,45,39,57,4,237,27,142,13,149,210,142,87,232,24,134,219,233,243,241,50,87,191,190,131,20,253,25,51,49,69,176,126,63,113,174,225,45,71,152,178,153,226,87,233,233,51,42,124,71,201,224,113,46,66,17,77,167,194,198,78,3,199,119,7,101,128,46,114,151,224,76,223,93,165,176,44,142,214,72,0,128,16,136,112,67,58,49,62,32,64,45,72,245,144,203,77,24,166,177,163,241,41,128,84,217,92,192,150,20,170,213,53,205,73,213,48,29,86,172,169,179,149,239,226,9,146,248,198,169,232,39,67,244,181,220,87,253,244,232,58,41,109,110,189,183,157,36,82,168,65,76,154,252,227,213,17,133,149,42,131,97,161,16,168,240,200,167,249,185,195,123,137,34,55,150,77,152,2,208,14,101,137,107,73,39,119,97,209,100,189,98,216,102,113,168,234,24,52,209,61,249,196,98,136,22,108,106,111,96,142,5,158,211,53,88,199,43,130,124,148,40,13,237,19,133,75,166,54,67,123,83,228,144,162,133,4,179,129,41,244,164,53,55,97,209,118,164,11,202,169,246,5,244,24,162,35,152,32,161,92,188,179,228,67,26,158,240,46,100,121,146,35,85,219,8,10,38,84,227,147,152,163,170,193,86,172,107,61,107,220,62,40,128,136,103,175,225,37,147,58,29,117,57,85,233,23,187,207,135,4,231,23,150,161,136,22,109,104,117,78,196,99,133,30,84,179,148,242,216,38,75,3,206,151,35,104,191,171,231,65,187,195,124,106,186,188,160,234,251,13,179,165,237,183,201,105,198,180,192,55,92,222,49,55,243,36,136,105,180,108,175,172,190,173,93,84,178,152,230,253,184,133,31,81,188,124,59,253,183,136,22,193,169,201,150,218,156,34,121,95,229,240,61,32,156,6,184,202,121,126,37,97,144,187,124,58,255,176,158,212,49,27,95,146,248,199,90,160,207,65,236,233,243,32,128,93,161,218,5,227,27,140,84,239,5,187,183,85,192,153,177,185,219,92,176,236,250,176,42,146,201,112,135,233,211,63,107,176,240,13,168,218,235,254,223,223,97,202,70,28,111,173,182,124,198,190,68,254,222,230,220,36,154,196,180,193,141,33,0,220,100,190,152,3,224,219,46,79,122,255,179,150,235,237,231,250,191,114,89,162,199,88,167,186,129,44,43,45,39,130,72,168,4,220,92,151,45,59,43,117,138,54,40,110,48,47,78,146,77,12,167,214,1,104,118,77,199,90,160,206,67,230,253,184,136,23,105,116,81,186,127,49,28,91,156,217,35,146,43,92,164,210,27,172,226,245,245,31,61,21,197,176,210,67,244,3,146,88,207,144,44,71,31,123,120,58,34,99,217,95,179,230,78,7,132,82,147,43,118,94,9,76,238,15,76,220,72,204,13,203,135,52,4,224,47,65,171,153,153,53,105,162,154,77,25,160,239,1,107,66,2,236,6,201,40,61,182,139,14,134,29,86,171,172,169,179,148,243,213,46,35,69,222,19,117,79,192,110,102,125,128,80,145,74,9,116,167,252,215,69,200,153,248,244,28,150,18,149,41,255,192,154,176,188,210,133,8,220,56,52,201,19,119,74,208,62,244,210,56,5,158,212,51,20,113,91,157,215,41,52,17,191,143,47,215,232,246,204,75,206,68,226,7,152,231,250,191,113,90,160,205,71,218,32,78,209,112,133,112,164,6,241,29,37,147,65,218,80,113,208,113,67,23,149,37,95,134,97,163,218,52,201,18,120,70,220,25,99,133,32,79,194,104,117,79,192,109,104,118,75,206,69,44,92,203,88,181,115,165,242,224,246,255,221,76,235,226,38,148,50,0,97,103,110,145,235,165,117,1,150,245,173,165,55,96,99,192,168,230,13,137,250,245,252,241,253,150,171,174,165,191,114,89,165,193,109,104,118,77,199,89,165,192,110,102,125,54,85,209,12,218,84,185,106,163,239,22,140,1,237,248,246,154,48,81,194,79,243,0,227,38,65,68,186,193,176,192,155,233,71,29,115,114,45,230,252,185,130,39,56,6,158,213,46,37,65,236,233,242,215,40,54,11,142,4,161,202,80,9,197,143,11,155,193,172,145,154,120,248,127,255,215,243,212,100,92,95,173,254,188,195,39,249,110,45,39,99,149,28,103,49,105,177,146,1,203,127,144,64,21,151,34,110,141,47,89,198,128,85,230,77,5,237,2,198,183,144,42,136,104,156,3,222,58,42,89,220,62,248,131,38,61,246,204,73,211,52,18,121,67,229,255,178,152,229,0,176,160,207,64,238,229,1,251,240,230,227,57,45,93,185,134,115,45,105,185,165,235,1,30,79,127,48,30,84,179,150,237,231,248,198,91,156,219,29,86,173,168,183,136,23,106,112,94,149,238,228,3,165,238,175,177,198,44,43,46,38,61,247,202,79,221,109,181,187,142,47,251,203,12,138,15,129,44,41,51,21,111,99,135,27,94,147,246,205,72,214,45,40,56,8,152,231,249,196,98,136,69,188,205,134,52,86,214,104,95,146,248,197,124,145,71,21,193,169,203,146,36,127,40,67,162,200,85,175,161,203,78,197,94,148,242,217,37,64,238,228,1,171,174,165,191,112,93,150,235,237,233,244,3,125,78,4,208,146,2,167,185,130,41,51,49,113,164,239,8,74,69,31,98,184,83,244,234,33,216,202,14,106,129,23,103,57,211,168,216,114,181,219,83,0,11,46,71,15,202,160,9,200,150,8,229,63,233,52,42,96,27,0,108,79,210,35,68,164,146,106,146,60,63,51,75,20,198,171,226,80,18,192,163,14,216,110,153,42,132,113,145,66,60,149,18,173,238,41,114,142,67,13,149,172,171,175,163,198,91,157,216,40,55,8,150,236,235,236,235,238,227,4,161,204,75,206,69,224,14,132,34,118,48,113,139,47,24,102,123,61,246,203,78,225,97,208,84,225,83,242,254,208,119,21,126,96,94,227,69,213,110,122,113,233,151,169,153,245,188,120,6,108,221,58,72,38,215,76,0,248,30,156,17,185,170,190,50,26,98,138,17,122,65,236,235,237,232,247,203,79,195,102,124,59,253,183,139,14,132,36,67,228,2,169,225,240,49,73,244,253,168,244,242,248,134,232,21,200,172,251,250,225,41,242,176,172,105,116,81,187,125,56,8,151,233,243,212,50,25,100,130,39,56,5,158,212,52,19,116,83,183,138,15,128,87,117,126,34,8,98,135,24,102,123,60,250,221,109,174,188,139,57,225,96,91,205,54,204,33,89,96,141,6,156,218,33,75,206,69,224,15,128,46,37,64,239,224,13,136,23,105,116,84,180,147,245,207,65,27,57,39,62,2,161,137,222,20,114,88,166,218,118,146,15,145,39,23,195,65,17,130,54,4,96,101,142,195,100,130,39,57,2,168,183,137,19,117,80,190,115,86,174,166,189,118,76,203,79,194,103,121,67,230,251,231,195,129,8,182,217,107,143,248,199,89,163,226,94,232,68,46,105,79,207,254,180,145,250,193,107,108,107,110,101,126,53,16,126,52,19,116,82,185,131,38,60,250,191,114,89,164,196,150,213,97,164,20,160,225,249,123,56,5,159,239,56,84,242,224,139,82,224,58,217,70,5,174,97,140,11,142,4,163,198,94,150,238,229,255,178,152,230,254,181,143,3,166,187,125,56,5,253,215,45,229,255,176,158,211,54,13,135,27,95,146,247,200,86,171,173,167,185,132,35,137,48,76,129,235,238,228,2,167,185,132,35,69,222,19,116,81,187,127,50,23,106,114,89,225,33,127,217,235,146,160,193,35,199,191,155,236,22,71,252,254,203,124,131,98,174,192,168,129,60,37,14,210,118,65,42,71,10,29,251,124,32,97,118,75,143,211,169,212,118,148,131,72,12,216,139,98,190,179,188,158,41,132,95,178,184,68,185,167,6,216,121,129,65,47,76,5,149,20,198,170,252,255,137,24,35,68,227,6,155,221,22,108,105,115,86,172,170,176,159,209,58,1,173,169,253,215,251,255,203,161,21,143,223,47,78,182,74,250,196,115,127,69,172,236,252,232,194,189,200,148,19,149,175,110,165,207,111,44,126,135,87,201,115,21,154,22,240,147,147,84,165,252,219,61,182,89,247,13,163,227,218,223,19,118,76,203,76,201,82,184,135,26,95,144,254,181,143,0,174,165,190,116,82,184,136,87,151,174,125,4,95,105,104,161,220,52,44,33,185,213,110,133,62,181,104,154,38,82,229,72,19,153,0,231,195,117,123,11,220,88,157,23,128,96,29,251,122,36,84,157,214,237,184,250,228,73,30,240,2,231,89,235,35,131,76,239,48,81,225,247,205,4,162,202,81,186,129,45,40,53,14,131,36,66,231,250,192,109,102,124,57,71,246,250,117,13,137,20,114,89,164,194,105,115,86,171,173,166,187,124,58,69,253,229,213,53,206,69,222,20,115,86,173,166,187,126,53,15,199,120,118,34,77,133,31,81,187,124,57,3,166,0,202,126,234,174,164,195,100,198,122,110,57,9,81,187,126,53,95,196,107,123,110,81,24,141,83,226,36,135,68,29,73,244,216,228,1,172,172,172,171,172,170,250,227,216,87,132,62,43,109,169,214,50,100,54,50,37,104,131,227,67,51,100,140,94,216,68,0,131,227,4,162,199,88,167,185,130,41,52,19,116,133,251,217,89,229,63,19,125,132,216,75,217,74,221,213,110,180,226,33,165,153,239,149,28,123,91,218,64,179,221,52,79,215,155,148,45,95,192,130,71,223,112,132,112,140,40,123,104,178,140,99,156,243,39,200,243,134,25,92,177,0,196,175,193,138,209,5,221,2,187,150,144,194,145,16,226,29,133,217,44,196,58,42,10,149,173,167,186,129,42,48,30,85,177,156,218,32,77,199,90,161,20,146,201,147,12,221,100,163,162,230,44,28,22,150,240,239,10,162,149,48,46,81,135,87,189,197,127,78,134,231,56,242,236,4,71,158,254,189,183,154,13,82,246,225,89,196,128,241,165,254,161,221,48,196,39,100,231,47,165,116,240,62,232,54,46,67,164,142,88,234,12,166,166,252,165,130,2,116,14,91,147,30,99,158,236,223,105,136,100,163,228,196,43,106,91,177,181,51,217,76,222,118,97,184,62,252,85,137,61,200,166,253,175,225,33,123,203,242,151,205,89,143,1,107,63,101,160,16,198,5,195,158,39,136,75,9,186,241,14,171,155,249,9,176,203,3,98,135,26,96,141,8,151,234,239,226,9,147,245,208,61,247,9,170,224,167,177,245,21,101,166,212,242,226,96,162,223,98,22,10,66,226,255,200,186,149,60,26,127,242,161,9,127,70,247,112,35,110,121,167,207,109,32,87,70,183,181,107,114,23,105,115,87,170,176,160,207,64,238,229,254,250,221,68,183,142,193,107,108,107,110,100,132,36,136,50,69,149,172,170,176,158,26,126,97,96,147,249,226,55,222,25,10,147,19,164,151,11,173,193,119,125,96,209,65,242,238,11,169,224,217,117,141,24,132,103,162,2}
local _osahXT1bUZ=_xCoAMPugl(48616062,#_ONoJeWPthgSD)
local _INvGzwAD={}
for i=1,#_ONoJeWPthgSD do _INvGzwAD[i]=string.char((_ONoJeWPthgSD[i]-_osahXT1bUZ[i])%256) end
local _zIoISw0lc=table.concat(_INvGzwAD)
local _OGNcFzaHOMPv=loadstring or load
return assert(_OGNcFzaHOMPv(_zIoISw0lc))()
